rpm,throttle,egt,cht,oil_temp,egt_residual,cht_residual,label
3929.94,0.7643,1001.82,475.69,195.96,46.72,22.63,OVERHEATING
3220.34,0.4865,797.69,359.79,153.31,44.79,28.05,OVERHEATING
3988.72,0.8113,1020.36,496.32,201.16,34.16,24.59,OVERHEATING
3729.09,0.691,901.2,419.25,179.22,0.12,-1.4,NORMAL
3498.97,0.6049,837.45,385.25,194.45,-0.42,2.53,LUBRICATION_ISSUE
3677.95,0.6467,915.74,419.54,178.2,43.79,16.37,OVERHEATING
3260.39,0.5055,805.83,357.58,157.66,39.53,17.8,OVERHEATING
3100.44,0.4309,718.08,313.33,172.32,4.52,5.2,LUBRICATION_ISSUE
3995.14,0.7952,969.6,471.55,194.97,-7.26,5.43,NORMAL
4088.71,0.8283,1007.22,488.66,230.03,5.82,7.81,LUBRICATION_ISSUE
4187.66,0.8603,1029.19,497.99,218.11,3.65,2.66,LUBRICATION_ISSUE
2768.04,0.3165,633.27,256.3,125.18,4.98,-0.67,NORMAL
2859.04,0.3255,636.19,265.58,125.89,-2.08,2.62,NORMAL
3119.42,0.4549,755.74,333.3,149.32,26.85,15.96,OVERHEATING
2945.5,0.3882,674.91,292.67,166.66,-5.27,4.56,LUBRICATION_ISSUE
2797.34,0.3396,640.87,268.27,129.86,-2.75,2.09,NORMAL
4056.37,0.8094,1015.25,483.43,202.15,26.76,10.34,OVERHEATING
3320.92,0.5159,777.82,343.46,155.75,2.22,-1.9,NORMAL
4006.69,0.8075,986.33,477.48,212.31,1.47,6.57,LUBRICATION_ISSUE
3793.7,0.7307,929.76,441.47,206.49,1.63,4.6,LUBRICATION_ISSUE
4074.35,0.8261,1000.14,479.67,201.18,0.77,0.05,NORMAL
4243.62,0.8818,1045.96,504.83,198.87,4.68,0.06,NORMAL
3755.15,0.7069,910.07,428.3,182.16,-1.85,1.15,NORMAL
3544.71,0.6066,842.65,388.51,193.61,1.42,3.77,LUBRICATION_ISSUE
4076.67,0.8152,1033.52,486.08,204.55,40.58,10.31,OVERHEATING
3098.91,0.4339,719.5,317.69,165.73,4.2,8.51,LUBRICATION_ISSUE
3542.85,0.6307,857.62,396.4,188.28,2.05,3.06,LUBRICATION_ISSUE
3574.13,0.6171,881.65,411.57,170.56,32.67,22.18,OVERHEATING
4386.12,0.937,1086.89,530.39,200.89,5.4,1.49,NORMAL
3869.74,0.7532,987.2,462.22,191.19,41.79,14.97,OVERHEATING
3173.9,0.4625,773.31,337.58,148.72,37.11,15.86,OVERHEATING
4137.7,0.8574,1046.48,519.43,200.74,25.15,26.63,OVERHEATING
3440.62,0.5602,811.7,364.68,163.13,3.55,-0.21,NORMAL
4260.85,0.8999,1056.57,517.35,221.87,3.56,5.54,LUBRICATION_ISSUE
2876.83,0.3551,657.46,271.45,129.92,0.55,-2.69,NORMAL
4033.14,0.8216,988.69,476.96,201.98,-5.91,0.21,NORMAL
4091.4,0.8379,1009.29,492.51,223.38,1.97,8.11,LUBRICATION_ISSUE
3486.89,0.584,827.05,375.54,163.3,2.33,0.71,NORMAL
3481.42,0.5856,825.88,374.3,164.59,0.44,-0.97,NORMAL
3023.8,0.4002,721.35,312.39,143.14,30.02,17.59,OVERHEATING
3035.35,0.4064,698.54,299.59,141.08,2.96,2.24,NORMAL
3909.19,0.7529,948.11,449.94,190.38,0.92,1.63,NORMAL
2816.03,0.3466,646.35,271.19,132.18,-2.42,1.93,NORMAL
4243.46,0.8996,1050.85,513.51,199.06,-1.07,2.36,NORMAL
3919.01,0.7841,993.04,474.03,194.6,26.65,14.19,OVERHEATING
3302.8,0.4916,792.19,346.89,157.29,32.09,10.83,OVERHEATING
3431.75,0.5532,799.66,366.95,191.27,-3.85,4.84,LUBRICATION_ISSUE
4031.14,0.7945,979.28,473.7,194.27,1.01,6.74,NORMAL
3918.58,0.7665,955.97,456.89,212.21,0.12,3.38,LUBRICATION_ISSUE
2973.87,0.4031,737.45,325.02,140.9,46.87,30.67,OVERHEATING
3319.19,0.5296,824.79,376.77,160.82,41.09,26.56,OVERHEATING
3566.79,0.6202,847.04,393.06,196.39,-3.42,2.78,LUBRICATION_ISSUE
2854.16,0.3471,643.69,267.41,131.33,-7.27,-3.17,NORMAL
3789.58,0.7138,920.48,440.28,212.07,2.71,9.62,LUBRICATION_ISSUE
3794.48,0.7234,925.36,437.51,187.11,1.58,3.24,NORMAL
3278.65,0.5152,777.92,352.91,183.19,4.84,9.06,LUBRICATION_ISSUE
3157.68,0.4438,748.47,335.28,150.19,24.31,20.78,OVERHEATING
3466.54,0.5864,828.33,372.84,165.07,3.14,-2.28,NORMAL
3505.9,0.5968,835.29,386.84,180.49,1.91,6.81,LUBRICATION_ISSUE
3326.05,0.5133,803.83,366.91,156.25,29.55,22.34,OVERHEATING
3062.58,0.4315,711.62,307.79,138.66,-0.41,0.57,NORMAL
4256.11,0.9081,1054.18,512.4,200.45,-3.46,-2.19,NORMAL
3539.06,0.5962,834.32,378.87,165.2,-0.34,-1.93,NORMAL
4240.65,0.9027,1049.41,512.33,201.17,-4.22,0.15,NORMAL
3254.95,0.5099,771.26,339.64,153.57,2.56,-1.59,NORMAL
3886.42,0.7533,987.25,465.08,190.53,40.98,17.32,OVERHEATING
3802.3,0.7233,950.06,448.65,187.84,25.97,14.19,OVERHEATING
3464.54,0.5896,865.44,390.43,165.43,38.43,14.22,OVERHEATING
4129.41,0.8374,1045.47,503.69,207.87,36.55,18.34,OVERHEATING
3244.65,0.4625,743.45,321.13,145.96,3.73,-2.7,NORMAL
3717.71,0.6938,928.9,439.93,183.31,26.76,18.65,OVERHEATING
3100.35,0.4562,736.26,325.57,175.83,7.54,8.34,LUBRICATION_ISSUE
3208.7,0.4714,743.86,337.36,169.42,0.6,11.4,LUBRICATION_ISSUE
3367.14,0.5665,839.23,388.74,166.4,30.97,23.78,OVERHEATING
3181.91,0.475,743.96,324.34,147.84,-0.14,-2.12,NORMAL
4200.14,0.8924,1049.12,505.33,202.44,3.69,-1.93,NORMAL
4164.41,0.885,1042.39,510.72,218.93,3.18,7.19,LUBRICATION_ISSUE
3897.32,0.758,952.77,453.46,207.24,3.11,3.66,LUBRICATION_ISSUE
3858.74,0.7395,943.0,454.74,210.25,6.37,12.76,LUBRICATION_ISSUE
3189.43,0.4615,742.35,331.47,179.22,6.0,9.66,LUBRICATION_ISSUE
3841.56,0.7217,972.93,457.0,185.91,47.83,21.94,OVERHEATING
3605.99,0.6573,919.79,433.02,177.52,45.1,28.21,OVERHEATING
3348.11,0.5453,794.29,356.48,159.53,-0.28,-0.27,NORMAL
4016.44,0.815,1035.92,488.38,203.79,46.1,14.49,OVERHEATING
3000.04,0.3836,682.04,293.43,151.83,1.86,5.32,LUBRICATION_ISSUE
3800.19,0.7243,923.89,436.38,183.51,-0.69,1.63,NORMAL
3740.4,0.6899,902.94,431.62,210.62,1.97,11.04,LUBRICATION_ISSUE
3594.53,0.6375,895.34,412.2,173.77,33.1,14.85,OVERHEATING
4140.15,0.8378,1010.91,498.77,229.55,1.21,12.95,LUBRICATION_ISSUE
3225.95,0.4913,758.68,337.56,173.1,2.58,3.9,LUBRICATION_ISSUE
4019.2,0.8217,985.37,476.34,201.46,-8.62,-0.06,NORMAL
3055.0,0.4322,737.14,331.49,144.78,25.08,24.25,OVERHEATING
4163.73,0.8619,1020.61,502.53,228.53,-4.71,7.34,LUBRICATION_ISSUE
3939.43,0.8082,1015.27,480.82,200.99,33.37,11.69,OVERHEATING
3148.92,0.4612,776.94,344.27,151.25,42.76,23.76,OVERHEATING
2869.38,0.3576,657.95,271.53,129.16,-0.07,-3.28,NORMAL
3449.75,0.5743,818.83,379.98,189.74,1.75,9.73,LUBRICATION_ISSUE
3647.82,0.6303,864.19,400.17,203.24,3.59,3.81,LUBRICATION_ISSUE
3781.81,0.6987,913.18,421.85,181.78,4.86,-3.14,NORMAL
3426.64,0.5498,850.22,375.06,162.75,48.98,14.32,OVERHEATING
3876.19,0.7365,936.94,445.84,215.21,1.26,4.43,LUBRICATION_ISSUE
3582.09,0.626,858.1,394.73,171.92,3.41,1.91,NORMAL
4406.11,0.9471,1089.59,530.73,198.39,1.01,-2.41,NORMAL
3284.49,0.507,796.45,363.05,159.99,28.0,21.98,OVERHEATING
3080.76,0.4314,755.2,332.32,147.06,42.31,24.58,OVERHEATING
3047.11,0.3986,694.54,298.32,137.29,3.0,3.39,NORMAL
3037.54,0.4074,735.11,323.98,141.9,38.8,26.19,OVERHEATING
3875.4,0.7601,950.08,447.75,185.58,0.26,-2.14,NORMAL
4280.53,0.937,1075.97,523.13,201.0,-0.27,-2.61,NORMAL
3998.6,0.8253,1025.4,506.18,202.88,30.27,29.11,OVERHEATING
3325.93,0.5424,791.75,362.93,177.55,0.0,7.88,LUBRICATION_ISSUE
3030.45,0.4226,704.63,303.66,141.3,-0.42,0.63,NORMAL
3373.68,0.5547,810.98,365.38,178.46,9.45,4.46,LUBRICATION_ISSUE
3159.27,0.4708,742.39,329.53,172.77,1.93,5.26,LUBRICATION_ISSUE
3766.67,0.711,910.95,428.13,183.38,-3.98,-0.83,NORMAL
3802.88,0.7179,926.53,438.56,206.24,5.63,6.02,LUBRICATION_ISSUE
3325.27,0.5435,793.29,355.96,159.98,0.96,0.56,NORMAL
3593.14,0.6239,852.03,394.28,171.82,-1.95,1.9,NORMAL
3958.56,0.7898,1001.1,475.26,199.75,29.31,12.19,OVERHEATING
3180.44,0.471,783.53,342.99,151.2,41.89,18.01,OVERHEATING
3346.15,0.5414,789.48,362.6,187.02,-2.68,7.3,LUBRICATION_ISSUE
3386.62,0.5515,828.79,379.7,162.08,28.56,19.56,OVERHEATING
3364.27,0.5407,793.4,354.88,159.08,0.8,-0.68,NORMAL
3928.96,0.7763,984.94,469.35,196.34,22.71,12.0,OVERHEATING
3495.14,0.5892,863.35,389.86,167.7,35.08,12.9,OVERHEATING
3622.84,0.66,881.9,416.41,193.61,4.77,10.14,LUBRICATION_ISSUE
3716.52,0.6981,932.29,433.5,186.88,27.59,10.68,OVERHEATING
3679.0,0.6711,888.26,415.66,176.59,1.68,3.71,NORMAL
3660.07,0.6568,874.53,411.22,175.81,-2.55,4.97,NORMAL
4046.97,0.8327,997.95,478.07,200.99,-4.0,-3.1,NORMAL
3773.54,0.7149,915.55,440.43,210.49,-2.07,9.86,LUBRICATION_ISSUE
3594.68,0.6381,900.53,417.0,176.9,37.91,19.43,OVERHEATING
3415.33,0.5464,840.67,380.31,161.81,42.04,21.14,OVERHEATING
3250.19,0.5055,796.45,357.51,157.96,30.62,18.01,OVERHEATING
3829.85,0.7389,931.36,442.6,187.59,-3.47,1.7,NORMAL
3129.71,0.4402,725.43,310.89,143.5,4.81,-1.48,NORMAL
3423.03,0.5584,805.59,362.31,160.24,-0.62,-1.42,NORMAL
3473.0,0.573,868.24,401.08,165.51,50.79,30.61,OVERHEATING
3506.45,0.6013,865.31,397.18,170.34,29.2,15.51,OVERHEATING
3632.76,0.6437,867.32,407.73,198.06,-0.54,7.02,LUBRICATION_ISSUE
3485.98,0.599,840.01,391.7,182.92,6.31,11.48,LUBRICATION_ISSUE
3809.65,0.7363,960.96,453.66,194.54,28.68,14.29,OVERHEATING
2877.55,0.3567,659.35,283.91,153.28,1.46,9.18,LUBRICATION_ISSUE
3847.3,0.7217,931.77,440.39,199.45,6.38,5.16,LUBRICATION_ISSUE
3600.91,0.6279,861.37,400.44,190.37,4.56,6.35,LUBRICATION_ISSUE
3699.51,0.6759,889.4,411.71,180.47,-1.11,-2.6,NORMAL
4120.53,0.8512,1017.46,496.7,233.48,0.72,6.65,LUBRICATION_ISSUE
3019.31,0.4039,699.49,300.87,165.61,6.21,4.9,LUBRICATION_ISSUE
3952.41,0.7724,964.81,462.03,208.01,3.74,5.39,LUBRICATION_ISSUE
3751.06,0.6904,901.88,421.57,180.35,0.09,0.5,NORMAL
3477.63,0.5838,860.65,392.68,165.59,36.48,18.17,OVERHEATING
4027.54,0.8112,990.95,476.14,228.38,2.85,3.28,LUBRICATION_ISSUE
3291.25,0.52,777.39,346.82,154.55,0.81,0.87,NORMAL
3758.8,0.704,916.5,430.45,201.49,6.16,4.25,LUBRICATION_ISSUE
3022.12,0.4137,700.88,298.57,141.03,1.57,-1.02,NORMAL
3738.46,0.6989,927.65,442.62,181.61,21.38,18.85,OVERHEATING
4144.36,0.8529,1021.09,492.37,201.29,2.15,1.0,NORMAL
4174.71,0.8623,1028.92,501.29,230.63,2.78,5.6,LUBRICATION_ISSUE
3598.71,0.6532,906.69,430.1,178.67,34.85,26.99,OVERHEATING
3602.09,0.6466,872.51,408.13,200.9,4.41,7.27,LUBRICATION_ISSUE
4009.67,0.7932,1024.69,488.44,202.01,48.3,22.61,OVERHEATING
3139.03,0.4544,764.73,339.03,149.81,35.16,21.28,OVERHEATING
3242.05,0.4852,751.35,328.1,151.24,-1.85,-3.82,NORMAL
3182.3,0.4687,735.66,324.4,147.67,-4.69,0.19,NORMAL
4193.72,0.8735,1069.95,517.78,203.13,36.18,17.52,OVERHEATING
3373.16,0.5577,825.94,375.49,165.41,22.69,13.54,OVERHEATING
4113.45,0.8372,1007.06,485.44,199.8,-0.93,0.65,NORMAL
2989.72,0.3878,686.66,292.07,166.49,4.48,2.76,LUBRICATION_ISSUE
3231.81,0.4682,741.58,332.45,176.04,-0.92,6.94,LUBRICATION_ISSUE
3724.09,0.6937,900.03,422.31,179.27,-2.37,0.87,NORMAL
4154.39,0.8746,1034.06,505.62,216.66,1.57,6.13,LUBRICATION_ISSUE
2961.55,0.3953,681.42,295.48,155.05,-3.85,4.33,LUBRICATION_ISSUE
3143.31,0.4518,768.05,330.06,151.31,39.8,13.11,OVERHEATING
3848.2,0.7305,932.48,438.14,186.65,1.77,-0.28,NORMAL
3618.45,0.6392,864.64,409.94,193.84,0.22,11.29,LUBRICATION_ISSUE
4272.71,0.9083,1093.78,534.47,201.23,35.16,19.29,OVERHEATING
3730.35,0.7093,920.69,428.74,206.41,8.57,1.46,LUBRICATION_ISSUE
3108.79,0.4353,757.59,323.56,145.55,40.99,13.6,OVERHEATING
3877.45,0.7476,947.71,446.21,189.07,5.28,0.74,NORMAL
4063.32,0.8339,1041.02,503.26,203.67,37.5,21.15,OVERHEATING
3241.76,0.4878,754.21,331.55,152.93,-0.54,-1.3,NORMAL
3071.05,0.4304,708.12,316.42,169.66,-3.67,9.34,LUBRICATION_ISSUE
3383.95,0.5532,826.39,379.39,165.33,25.29,18.73,OVERHEATING
3806.72,0.736,935.06,451.64,203.79,3.14,12.49,LUBRICATION_ISSUE
2963.73,0.3986,684.89,295.42,138.07,-2.45,3.02,NORMAL
3688.32,0.6854,896.16,416.67,180.01,0.49,-0.73,NORMAL
2835.34,0.3297,638.03,263.5,124.87,-1.58,-0.26,NORMAL
3521.65,0.6203,853.69,395.31,199.64,5.44,6.36,LUBRICATION_ISSUE
3573.36,0.6175,890.84,412.11,171.25,41.66,22.6,OVERHEATING
3805.49,0.7192,971.18,458.17,185.51,49.37,25.08,OVERHEATING
3440.72,0.5648,811.06,367.0,163.79,0.15,0.46,NORMAL
2993.45,0.404,728.97,322.08,142.41,36.87,26.82,OVERHEATING
3784.37,0.7041,941.77,453.72,184.25,30.08,26.7,OVERHEATING
3691.83,0.6839,895.63,420.57,179.56,0.69,3.6,NORMAL
4192.05,0.8847,1080.55,520.64,205.91,40.13,16.4,OVERHEATING
3728.04,0.6901,904.68,424.36,208.35,4.22,4.08,LUBRICATION_ISSUE
3309.26,0.506,768.02,343.21,154.16,-1.06,1.77,NORMAL
3659.82,0.6818,890.28,419.95,209.51,-1.79,4.71,LUBRICATION_ISSUE
3583.33,0.6346,861.1,394.47,172.26,1.18,-1.48,NORMAL
2825.15,0.3154,635.35,255.21,126.5,4.87,-3.07,NORMAL
3139.11,0.4297,754.29,321.54,147.08,39.5,12.67,OVERHEATING
3929.52,0.7553,987.21,473.49,191.35,37.55,23.69,OVERHEATING
4140.37,0.8312,1003.7,486.93,200.3,-2.07,3.47,NORMAL
3319.85,0.5555,806.72,368.37,190.85,7.4,8.78,LUBRICATION_ISSUE
4342.87,0.9377,1108.46,547.93,204.19,28.67,20.06,OVERHEATING
3369.15,0.5628,853.75,380.96,164.63,47.59,17.27,OVERHEATING
3839.83,0.7275,927.66,443.18,216.85,-0.85,6.07,LUBRICATION_ISSUE
2955.73,0.3832,679.95,290.14,158.47,2.24,3.51,LUBRICATION_ISSUE
3955.46,0.7583,951.18,451.0,191.07,-1.59,-0.67,NORMAL
3325.71,0.5292,784.94,353.05,180.9,1.15,2.78,LUBRICATION_ISSUE
3057.39,0.4071,697.46,307.72,159.52,0.34,9.45,LUBRICATION_ISSUE
4055.5,0.8161,1030.85,495.6,202.54,38.39,20.13,OVERHEATING
3285.6,0.5059,793.1,356.12,161.56,25.27,15.42,OVERHEATING
3585.3,0.631,855.5,397.22,202.0,-2.35,2.51,LUBRICATION_ISSUE
3217.71,0.5039,767.19,338.53,151.02,3.96,0.6,NORMAL
3196.01,0.4803,743.91,330.85,146.88,-4.07,2.07,NORMAL
3948.21,0.7719,964.18,456.77,193.38,3.65,0.45,NORMAL
3244.21,0.4915,759.26,335.11,150.53,2.15,0.84,NORMAL
2980.73,0.4192,727.68,325.49,143.64,27.13,25.16,OVERHEATING
3378.56,0.5525,801.71,363.57,190.06,1.3,3.32,LUBRICATION_ISSUE
3941.6,0.7905,993.93,488.52,194.92,22.57,25.7,OVERHEATING
4144.07,0.8548,1055.53,521.72,198.27,35.44,29.66,OVERHEATING
4329.32,0.9415,1083.83,529.26,200.03,2.47,0.45,NORMAL
2967.47,0.3796,681.79,289.63,156.29,5.67,3.96,LUBRICATION_ISSUE
3036.48,0.4065,722.37,317.45,138.74,26.63,20.01,OVERHEATING
3720.23,0.6858,895.51,419.35,179.53,-1.99,0.85,NORMAL
3058.88,0.4239,705.68,302.96,141.62,-1.63,-1.43,NORMAL
2933.8,0.3794,676.95,288.95,153.04,2.65,4.36,LUBRICATION_ISSUE
3797.35,0.7095,945.85,450.04,188.23,30.3,20.71,OVERHEATING
3600.36,0.6381,866.34,399.78,172.83,3.46,2.05,NORMAL
3032.88,0.4262,746.34,315.61,146.39,38.99,11.2,OVERHEATING
4221.76,0.8935,1081.55,528.89,201.65,34.36,20.58,OVERHEATING
3170.14,0.4733,739.32,336.54,180.06,-3.15,11.06,LUBRICATION_ISSUE
3841.95,0.7339,930.1,443.91,184.63,-2.35,4.45,NORMAL
3371.09,0.5549,802.55,359.42,161.43,1.08,-1.46,NORMAL
4038.3,0.7968,1016.87,485.37,199.44,36.87,17.38,OVERHEATING
2796.8,0.3124,631.3,258.08,126.21,3.99,1.69,NORMAL
3585.1,0.6358,911.42,425.31,174.48,50.67,28.86,OVERHEATING
3323.31,0.5342,794.58,361.18,181.55,7.91,9.18,LUBRICATION_ISSUE
4387.82,0.9389,1085.4,529.52,200.36,2.66,-0.13,NORMAL
3807.6,0.7562,942.4,458.15,218.81,-1.7,11.69,LUBRICATION_ISSUE
3888.94,0.7597,945.45,449.65,189.55,-4.83,-0.53,NORMAL
3351.48,0.5548,800.96,367.25,178.21,0.5,6.97,LUBRICATION_ISSUE
3877.88,0.781,998.24,484.41,193.79,35.72,26.9,OVERHEATING
3649.13,0.6638,879.6,405.61,174.98,-1.11,-2.82,NORMAL
4019.15,0.8024,982.46,470.78,197.37,0.06,1.35,NORMAL
3531.47,0.622,902.09,411.22,173.14,52.31,21.35,OVERHEATING
3372.77,0.5498,799.9,360.67,158.21,1.36,1.55,NORMAL
4338.2,0.9353,1081.65,524.12,200.78,3.54,-2.75,NORMAL
4144.51,0.8593,1024.27,503.42,225.06,1.45,9.73,LUBRICATION_ISSUE
3165.25,0.4621,764.53,342.18,148.3,29.03,20.88,OVERHEATING
3912.15,0.7784,1007.04,486.75,195.24,44.38,29.15,OVERHEATING
3018.16,0.4147,698.09,298.58,141.73,-1.67,-1.27,NORMAL
3059.44,0.4107,724.1,324.92,143.27,24.73,25.3,OVERHEATING
3482.3,0.6071,842.92,394.52,188.98,4.56,11.5,LUBRICATION_ISSUE
3979.16,0.7839,971.54,466.68,208.62,2.22,5.09,LUBRICATION_ISSUE
4192.93,0.8852,1075.74,522.7,203.27,34.96,18.23,OVERHEATING
4171.83,0.8745,1037.33,509.51,224.09,4.06,9.55,LUBRICATION_ISSUE
3444.8,0.5692,819.5,370.34,182.01,5.71,2.07,LUBRICATION_ISSUE
3546.37,0.6124,852.52,392.9,185.47,7.77,6.05,LUBRICATION_ISSUE
3087.69,0.4256,744.43,336.23,147.4,34.67,30.38,OVERHEATING
3730.88,0.7067,943.86,446.69,184.03,33.29,20.35,OVERHEATING
2983.51,0.4,691.09,293.92,135.57,1.9,0.41,NORMAL
4339.05,0.9115,1111.0,533.4,201.04,47.17,15.11,OVERHEATING
4226.52,0.8985,1048.22,510.11,201.33,-2.2,-0.14,NORMAL
4126.48,0.8548,1027.35,499.26,227.43,8.16,7.74,LUBRICATION_ISSUE
3953.38,0.7932,976.51,471.11,216.32,2.95,6.97,LUBRICATION_ISSUE
3117.36,0.4562,731.91,322.93,169.55,2.34,5.19,LUBRICATION_ISSUE
3136.84,0.4634,735.19,333.17,175.59,0.32,12.25,LUBRICATION_ISSUE
3034.45,0.4088,701.18,299.49,137.14,4.2,1.3,NORMAL
4151.42,0.8475,1052.62,506.86,204.07,36.56,17.22,OVERHEATING
3122.53,0.4474,759.05,334.35,143.76,34.51,19.62,OVERHEATING
3631.31,0.6396,867.45,401.09,193.51,2.14,1.9,LUBRICATION_ISSUE
3110.91,0.4341,715.28,309.67,141.02,-0.7,0.08,NORMAL
3097.5,0.4514,771.76,337.23,146.65,46.03,21.78,OVERHEATING
3632.9,0.6457,902.3,424.77,178.01,33.22,23.32,OVERHEATING
4098.0,0.84,1008.4,491.47,229.03,-0.5,6.13,LUBRICATION_ISSUE
4032.69,0.8208,1024.75,491.14,204.9,30.63,14.67,OVERHEATING
3874.89,0.7263,930.76,439.78,188.1,1.25,2.07,NORMAL
4193.04,0.8674,1031.96,500.63,201.59,1.86,2.57,NORMAL
4029.19,0.8203,1039.27,490.35,203.33,45.61,14.16,OVERHEATING
4052.3,0.8395,1004.67,484.55,201.26,-1.62,0.77,NORMAL
4061.3,0.8558,1017.12,490.79,200.61,0.6,0.87,NORMAL
3614.8,0.6552,870.15,404.69,176.48,-3.69,0.39,NORMAL
3518.54,0.6162,844.73,385.62,168.35,-0.93,-1.77,NORMAL
3639.84,0.6453,891.23,421.25,175.4,22.07,19.75,OVERHEATING
4118.9,0.8312,1012.28,482.15,199.69,7.62,-0.65,NORMAL
3868.39,0.7552,948.12,452.88,217.24,1.58,4.95,LUBRICATION_ISSUE
3534.21,0.5921,835.67,379.59,165.65,3.72,0.42,NORMAL
2896.86,0.3527,657.91,274.05,132.41,1.42,0.15,NORMAL
3937.53,0.7741,967.39,463.71,221.56,6.08,6.93,LUBRICATION_ISSUE
3117.18,0.4521,729.75,323.74,165.09,2.6,7.45,LUBRICATION_ISSUE
3986.19,0.7795,1003.99,485.19,196.37,37.0,24.99,OVERHEATING
4041.92,0.82,1035.68,489.02,200.81,41.58,12.56,OVERHEATING
3721.22,0.6704,913.23,433.69,180.95,24.94,20.71,OVERHEATING
3253.99,0.4822,759.99,338.59,181.39,7.98,7.39,LUBRICATION_ISSUE
3300.14,0.545,791.73,354.89,157.91,-0.26,-0.3,NORMAL
2964.39,0.3916,684.41,298.03,167.18,1.24,8.13,LUBRICATION_ISSUE
3819.68,0.7445,938.06,446.1,205.36,0.37,3.49,LUBRICATION_ISSUE
3465.41,0.5886,833.45,376.45,166.64,7.0,0.58,NORMAL
3335.1,0.534,788.98,349.42,153.99,1.8,-2.89,NORMAL
3873.28,0.7517,970.68,471.96,193.64,26.02,25.17,OVERHEATING
2838.75,0.3529,649.44,270.76,130.41,-4.22,-1.44,NORMAL
3851.07,0.7356,974.9,456.74,189.49,40.99,16.4,OVERHEATING
3017.39,0.4086,695.53,306.5,160.28,-0.51,8.88,LUBRICATION_ISSUE
4160.23,0.884,1035.5,502.78,200.14,-2.88,-0.25,NORMAL
3156.59,0.4703,773.31,337.71,150.94,33.29,13.7,OVERHEATING
4220.23,0.8926,1089.72,526.94,201.89,43.14,19.0,OVERHEATING
4047.21,0.8129,1030.54,494.57,201.39,40.41,20.49,OVERHEATING
3185.92,0.4701,740.7,323.14,146.89,-0.66,-1.68,NORMAL
3005.93,0.4078,700.98,300.51,137.44,6.03,3.54,NORMAL
4326.51,0.9104,1093.1,529.81,201.11,30.56,12.28,OVERHEATING
3003.7,0.406,692.24,295.07,138.59,-1.52,-1.19,NORMAL
3302.47,0.5134,773.63,349.57,177.64,0.47,5.67,LUBRICATION_ISSUE
3991.65,0.7894,1017.23,479.26,199.64,44.0,15.32,OVERHEATING
3073.83,0.4217,711.5,311.63,164.32,4.76,7.59,LUBRICATION_ISSUE
2871.72,0.3432,653.87,271.11,131.08,4.37,1.41,NORMAL
3514.32,0.6034,838.61,386.86,188.9,0.87,4.22,LUBRICATION_ISSUE
3995.39,0.7755,1001.66,480.47,197.69,36.58,21.42,OVERHEATING
4030.15,0.8341,1041.9,507.17,199.45,39.91,25.98,OVERHEATING
4314.8,0.9117,1093.41,533.71,198.37,30.63,16.03,OVERHEATING
2749.26,0.3106,627.32,255.61,127.67,3.52,1.33,NORMAL
3987.28,0.7863,976.6,469.37,224.44,5.44,6.67,LUBRICATION_ISSUE
3575.41,0.6231,854.83,397.57,200.56,2.17,5.97,LUBRICATION_ISSUE
3960.94,0.7784,985.08,477.88,197.98,20.0,18.84,OVERHEATING
3868.46,0.7674,971.54,471.14,194.03,17.7,18.84,OVERHEATING
3453.32,0.5831,822.92,373.18,164.53,0.38,-0.35,NORMAL
3251.51,0.4867,755.27,342.24,182.44,0.67,9.48,LUBRICATION_ISSUE
3365.43,0.5542,802.88,366.65,188.47,2.1,6.18,LUBRICATION_ISSUE
3794.87,0.7019,913.29,432.08,209.09,2.43,5.56,LUBRICATION_ISSUE
3512.13,0.6091,844.19,385.3,167.71,3.15,0.68,NORMAL
4250.6,0.8991,1093.71,528.2,202.93,41.72,17.01,OVERHEATING
3048.51,0.4136,729.32,322.76,142.66,28.75,22.42,OVERHEATING
3936.14,0.7667,989.19,472.2,195.82,32.37,18.11,OVERHEATING
3843.34,0.7386,972.73,461.53,192.23,37.43,20.35,OVERHEATING
3404.98,0.5694,811.09,377.81,186.61,-0.83,10.66,LUBRICATION_ISSUE
2899.02,0.3588,665.74,277.73,157.06,5.52,1.6,LUBRICATION_ISSUE
4306.38,0.9184,1098.67,534.47,198.79,32.29,14.64,OVERHEATING
3002.61,0.3842,683.07,297.14,153.62,2.39,8.74,LUBRICATION_ISSUE
3758.5,0.6978,931.97,453.09,185.12,25.34,29.12,OVERHEATING
3052.4,0.4287,706.13,313.03,158.46,-3.73,7.11,LUBRICATION_ISSUE
4174.08,0.8811,1038.63,506.54,198.4,1.27,4.13,NORMAL
4038.33,0.8198,1037.25,488.26,205.03,43.44,11.98,OVERHEATING
3226.42,0.4924,761.46,341.18,181.69,4.67,7.11,LUBRICATION_ISSUE
3709.85,0.6749,892.24,412.21,177.72,1.84,-2.03,NORMAL
3166.71,0.4551,778.52,331.4,148.84,47.1,12.55,OVERHEATING
3207.93,0.4826,749.73,339.17,169.81,-0.21,9.21,LUBRICATION_ISSUE
3666.82,0.6619,881.89,409.33,174.63,1.4,1.04,NORMAL
4133.34,0.865,1067.15,522.11,202.66,41.5,26.71,OVERHEATING
3599.13,0.6318,859.61,395.38,171.22,0.58,-0.04,NORMAL
4184.46,0.8629,1073.41,508.07,202.58,46.45,11.9,OVERHEATING
3754.01,0.692,907.68,428.4,209.9,4.77,6.65,LUBRICATION_ISSUE
2956.65,0.4127,697.5,298.05,138.96,2.05,0.78,NORMAL
3230.67,0.4736,751.81,335.25,177.56,6.11,7.83,LUBRICATION_ISSUE
3576.85,0.6214,856.36,399.36,188.31,4.69,8.36,LUBRICATION_ISSUE
4150.64,0.8459,1009.24,486.53,200.52,-5.81,-2.51,NORMAL
3642.15,0.6525,877.13,407.66,204.2,3.53,3.5,LUBRICATION_ISSUE
3640.67,0.6711,881.32,410.26,175.71,-3.37,-0.55,NORMAL
3487.65,0.5915,831.77,384.94,192.99,2.48,7.37,LUBRICATION_ISSUE
3295.45,0.5186,808.74,374.92,154.94,32.8,29.36,OVERHEATING
3164.28,0.4653,742.75,328.45,174.54,5.36,6.01,LUBRICATION_ISSUE
3386.07,0.5542,800.28,373.68,183.87,-1.54,12.58,LUBRICATION_ISSUE
3915.37,0.7713,1003.28,463.8,193.94,44.71,8.66,OVERHEATING
3284.13,0.5228,778.73,349.79,154.59,0.86,3.07,NORMAL
3408.6,0.5596,805.99,364.7,160.43,-0.18,1.0,NORMAL
3787.16,0.7127,920.88,431.36,182.78,3.91,1.17,NORMAL
3236.14,0.4989,785.38,355.3,155.61,24.23,18.6,OVERHEATING
3738.18,0.7111,963.32,441.72,184.37,49.77,13.59,OVERHEATING
3917.8,0.7822,995.27,473.54,195.23,30.05,14.41,OVERHEATING
3597.33,0.6328,863.71,402.13,191.32,4.15,6.4,LUBRICATION_ISSUE
3240.43,0.4937,757.41,334.08,151.86,-0.85,-0.88,NORMAL
3524.68,0.5956,837.11,381.27,166.48,3.51,1.12,NORMAL
3193.46,0.4627,772.99,336.64,152.6,35.68,14.26,OVERHEATING
3245.46,0.4799,780.39,352.52,151.96,30.17,22.39,OVERHEATING
2877.24,0.3593,659.41,271.48,134.54,-0.03,-4.18,NORMAL
3004.0,0.4085,723.91,307.82,139.98,28.62,10.65,OVERHEATING
3793.14,0.7219,947.63,453.93,186.9,24.84,20.25,OVERHEATING
3280.8,0.5108,792.25,357.38,156.15,21.73,15.07,OVERHEATING
3519.95,0.6082,838.13,381.97,168.03,-2.8,-2.59,NORMAL
3398.81,0.5512,835.86,371.22,164.52,35.2,10.83,OVERHEATING
2756.73,0.3256,637.15,260.06,126.02,3.95,0.15,NORMAL
3706.85,0.6848,895.4,425.83,204.69,-0.82,8.1,LUBRICATION_ISSUE
3388.89,0.5672,811.9,363.26,159.56,2.11,-2.61,NORMAL
4110.72,0.8323,1003.4,481.37,198.86,-1.49,-1.56,NORMAL
3013.61,0.3968,687.63,296.7,137.15,-1.12,3.45,NORMAL
3332.88,0.5252,783.87,351.36,177.51,2.12,2.31,LUBRICATION_ISSUE
3600.11,0.6283,883.16,418.65,176.78,26.17,24.46,OVERHEATING
4006.84,0.799,977.3,468.42,197.75,-2.47,0.55,NORMAL
2833.33,0.3327,639.73,267.16,127.92,-1.54,2.4,NORMAL
3745.29,0.7082,954.08,452.85,186.85,41.9,25.54,OVERHEATING
3542.56,0.6392,865.13,404.89,190.72,4.46,8.49,LUBRICATION_ISSUE
3265.55,0.5023,791.88,366.72,155.68,27.23,27.94,OVERHEATING
3429.54,0.579,852.74,384.04,169.5,33.87,12.72,OVERHEATING
3076.7,0.4357,758.03,332.13,150.02,42.8,22.99,OVERHEATING
3189.4,0.4629,741.81,327.81,169.2,4.61,5.5,LUBRICATION_ISSUE
3901.41,0.7487,984.82,465.92,190.73,40.53,19.35,OVERHEATING
2915.37,0.355,659.53,275.91,132.95,0.78,0.66,NORMAL
2865.14,0.3575,662.03,273.72,131.45,4.3,-0.92,NORMAL
4054.15,0.8191,993.23,476.05,199.98,-0.91,-0.44,NORMAL
3512.31,0.6146,845.15,397.68,197.9,0.76,11.05,LUBRICATION_ISSUE
3402.12,0.5813,826.83,373.13,163.4,7.91,1.79,NORMAL
3167.64,0.4766,747.33,333.67,170.21,2.98,7.07,LUBRICATION_ISSUE
3174.04,0.4766,791.15,341.12,150.91,46.52,14.34,OVERHEATING
3881.64,0.7631,954.03,460.47,219.2,2.1,9.31,LUBRICATION_ISSUE
2965.34,0.3597,667.98,288.68,165.49,3.9,10.23,LUBRICATION_ISSUE
3665.94,0.6635,920.01,432.73,180.96,38.63,23.9,OVERHEATING
3533.4,0.6007,834.58,379.11,167.45,-2.53,-3.16,NORMAL
3279.99,0.4981,768.31,343.11,180.25,5.45,5.39,LUBRICATION_ISSUE
4188.4,0.8975,1045.24,508.62,200.8,-2.67,-0.13,NORMAL
3107.64,0.4661,732.26,326.95,162.9,-2.77,5.93,LUBRICATION_ISSUE
3258.54,0.4919,784.83,360.85,150.41,26.78,26.02,OVERHEATING
3761.39,0.6923,905.21,423.61,179.86,1.78,1.56,NORMAL
4032.18,0.8116,1033.37,485.04,197.51,44.82,11.91,OVERHEATING
3063.97,0.4151,703.77,301.67,141.0,1.49,0.3,NORMAL
3442.18,0.5821,816.56,376.33,166.35,-4.82,3.5,NORMAL
4216.85,0.8927,1084.1,519.91,203.04,37.63,12.03,OVERHEATING
3413.38,0.5571,826.42,374.47,162.7,21.5,11.51,OVERHEATING
3031.05,0.4216,699.08,299.44,140.97,-5.41,-3.26,NORMAL
4020.96,0.8269,1024.02,491.54,203.88,26.85,13.24,OVERHEATING
3716.96,0.6728,888.91,413.44,179.41,-0.61,-0.27,NORMAL
4248.58,0.893,1044.49,511.7,201.17,-3.76,2.75,NORMAL
3838.74,0.7188,931.08,438.57,200.9,7.86,4.63,LUBRICATION_ISSUE
3503.14,0.6133,884.74,397.08,172.66,41.62,11.21,OVERHEATING
4119.09,0.8247,1020.83,497.52,205.74,20.02,17.04,OVERHEATING
3859.34,0.7437,932.9,443.82,191.15,-6.26,0.32,NORMAL
3518.16,0.6037,835.81,383.2,167.89,-2.33,0.31,NORMAL
3332.45,0.5419,795.31,356.94,158.71,3.58,1.9,NORMAL
2845.63,0.3378,641.93,268.44,128.22,-3.01,1.48,NORMAL
4020.55,0.822,994.37,478.67,201.13,0.17,2.15,NORMAL
3523.67,0.6226,848.56,391.23,171.22,-1.16,1.39,NORMAL
3137.62,0.4484,730.12,326.81,163.82,4.18,11.24,LUBRICATION_ISSUE
4104.72,0.8496,1020.35,486.63,201.38,5.33,-2.39,NORMAL
4203.37,0.889,1052.6,511.26,223.0,9.05,5.13,LUBRICATION_ISSUE
3432.52,0.5796,842.49,389.44,163.07,23.08,17.8,OVERHEATING
3867.28,0.7437,969.27,471.26,189.64,29.67,27.51,OVERHEATING
4148.82,0.8935,1069.83,527.92,202.71,26.28,21.79,OVERHEATING
3374.65,0.5489,829.24,376.39,163.77,31.18,17.56,OVERHEATING
3255.31,0.4986,791.65,360.73,155.37,29.7,23.56,OVERHEATING
2865.17,0.3533,658.51,279.83,160.13,3.29,6.7,LUBRICATION_ISSUE
4280.05,0.9258,1070.87,525.42,201.86,1.4,3.73,NORMAL
3477.07,0.5939,825.71,377.64,165.63,-4.51,-0.49,NORMAL
4056.08,0.8156,1020.79,498.58,202.37,28.6,23.27,OVERHEATING
3936.31,0.7926,974.82,466.94,221.88,2.44,3.51,LUBRICATION_ISSUE
3764.57,0.7063,941.33,447.75,188.68,29.31,20.54,OVERHEATING
4228.4,0.896,1051.35,516.4,214.52,2.31,6.98,LUBRICATION_ISSUE
2863.84,0.3414,651.5,269.34,130.57,3.49,0.53,NORMAL
2967.49,0.3723,675.09,291.3,158.67,3.35,8.25,LUBRICATION_ISSUE
3891.11,0.755,946.45,458.65,217.44,-1.12,10.11,LUBRICATION_ISSUE
2949.97,0.3894,680.17,290.31,134.38,-0.97,1.63,NORMAL
3569.77,0.6175,853.19,395.5,196.21,4.23,6.12,LUBRICATION_ISSUE
3926.07,0.7705,959.98,467.32,219.64,1.34,12.14,LUBRICATION_ISSUE
3504.2,0.591,873.12,392.64,169.1,43.3,14.76,OVERHEATING
3849.91,0.7143,923.1,436.87,209.88,2.04,4.23,LUBRICATION_ISSUE
3247.14,0.5039,798.45,362.29,158.49,33.75,23.47,OVERHEATING
3693.01,0.6621,925.74,435.95,179.71,43.81,26.79,OVERHEATING
3686.83,0.6677,883.9,412.17,178.66,-1.08,1.18,NORMAL
4131.7,0.8729,1057.7,517.36,204.75,27.4,19.18,OVERHEATING
3825.11,0.7121,919.16,431.64,183.1,0.64,0.53,NORMAL
4051.01,0.8223,998.01,476.99,200.13,2.1,-0.56,NORMAL
3557.39,0.6119,845.96,383.65,166.37,0.94,-3.36,NORMAL
3663.73,0.6903,934.19,438.34,182.54,36.84,19.93,OVERHEATING
3579.26,0.6243,852.91,393.38,168.8,-0.62,1.26,NORMAL
3986.24,0.7815,971.37,458.17,192.24,3.16,-2.76,NORMAL
3341.98,0.5328,784.54,355.17,157.53,-2.25,3.1,NORMAL
3411.62,0.5853,848.42,388.03,164.75,26.66,14.97,OVERHEATING
4224.19,0.9118,1103.35,539.98,199.05,45.06,25.01,OVERHEATING
3229.31,0.4926,756.81,338.16,149.33,-0.23,3.95,NORMAL
3134.43,0.4785,742.89,328.19,149.06,-0.95,1.88,NORMAL
3383.84,0.539,791.67,357.33,159.67,-0.95,1.76,NORMAL
3504.58,0.6148,847.73,395.39,193.1,3.62,8.92,LUBRICATION_ISSUE
3794.86,0.6989,910.78,428.24,179.8,1.72,2.8,NORMAL
3356.79,0.5358,792.7,359.28,178.99,3.4,5.7,LUBRICATION_ISSUE
2986.75,0.4124,691.9,302.94,161.6,-4.86,4.88,LUBRICATION_ISSUE
3382.57,0.5541,809.32,359.34,162.78,7.74,-1.61,NORMAL
3475.03,0.5787,822.59,380.03,193.27,1.64,7.46,LUBRICATION_ISSUE
3588.86,0.6258,853.63,399.75,199.23,-1.31,6.79,LUBRICATION_ISSUE
3073.2,0.4148,701.78,307.1,164.36,-0.74,5.58,LUBRICATION_ISSUE
3974.37,0.7891,973.94,470.13,211.7,1.78,6.84,LUBRICATION_ISSUE
3730.66,0.7084,955.17,445.95,183.43,43.6,19.01,OVERHEATING
3453.84,0.573,839.81,386.93,168.39,23.3,17.03,OVERHEATING
3856.16,0.7434,941.54,444.5,218.98,2.69,1.19,LUBRICATION_ISSUE
4038.86,0.8199,993.72,476.95,196.21,-0.17,0.62,NORMAL
3333.24,0.531,816.12,375.15,159.23,30.83,23.98,OVERHEATING
4221.11,0.8792,1039.33,510.22,229.14,0.73,7.06,LUBRICATION_ISSUE
3976.09,0.7796,972.39,462.49,209.84,5.85,2.57,LUBRICATION_ISSUE
2928.72,0.3753,670.88,285.08,164.31,-0.74,2.11,LUBRICATION_ISSUE
3163.62,0.4525,732.23,325.7,173.42,2.53,7.88,LUBRICATION_ISSUE
4233.67,0.8781,1045.17,509.01,226.68,6.62,5.88,LUBRICATION_ISSUE
3616.37,0.6493,872.29,404.78,172.85,1.88,2.54,NORMAL
3388.96,0.5406,793.92,365.0,183.69,0.13,8.73,LUBRICATION_ISSUE
3616.35,0.6436,860.75,401.3,172.58,-6.25,1.11,NORMAL
3865.58,0.7331,981.65,458.83,188.19,48.53,18.96,OVERHEATING
3868.63,0.7573,945.44,460.45,208.02,-2.39,11.75,LUBRICATION_ISSUE
4005.56,0.7764,965.93,472.46,219.32,-0.21,12.78,LUBRICATION_ISSUE
4150.65,0.871,1056.65,523.24,202.6,26.51,25.16,OVERHEATING
2817.02,0.325,635.7,261.63,123.1,-0.13,0.13,NORMAL
3551.21,0.6375,861.86,395.74,171.12,1.8,-0.29,NORMAL
2882.77,0.3529,660.12,285.15,157.9,4.26,11.64,LUBRICATION_ISSUE
3361.18,0.5453,801.16,360.27,157.05,5.95,3.14,NORMAL
4010.22,0.8157,991.02,476.16,226.94,1.09,2.2,LUBRICATION_ISSUE
3540.14,0.6238,898.2,413.66,169.81,46.93,22.9,OVERHEATING
3237.36,0.4831,754.81,328.84,148.42,3.12,-2.18,NORMAL
3916.62,0.7676,955.49,451.82,191.82,-0.9,-2.01,NORMAL
4216.01,0.8898,1051.16,512.94,224.54,6.5,6.14,LUBRICATION_ISSUE
4188.12,0.866,1020.45,499.7,197.39,-8.55,2.3,NORMAL
4165.45,0.8756,1076.64,531.98,203.67,42.98,31.79,OVERHEATING
3637.92,0.6499,874.33,410.26,203.07,2.51,7.17,LUBRICATION_ISSUE
3571.48,0.6505,898.29,422.37,178.75,29.41,21.04,OVERHEATING
3894.81,0.773,956.13,465.52,219.86,-2.4,10.4,LUBRICATION_ISSUE
3796.71,0.7163,919.37,431.92,183.23,-0.24,0.16,NORMAL
3550.46,0.6196,846.35,395.29,186.02,-2.94,5.72,LUBRICATION_ISSUE
4323.22,0.9175,1066.0,519.89,201.01,-0.64,-0.1,NORMAL
3080.83,0.4088,699.32,301.61,141.87,0.01,2.02,NORMAL
3737.77,0.6921,926.8,438.01,185.56,24.63,16.71,OVERHEATING
4044.93,0.8161,993.6,476.7,199.31,1.71,1.57,NORMAL
3859.53,0.7352,939.57,441.52,210.12,5.47,1.06,LUBRICATION_ISSUE
3341.79,0.535,788.12,355.54,157.46,0.03,2.69,NORMAL
2990.93,0.4049,688.7,295.05,138.03,-3.78,-0.43,NORMAL
3778.53,0.702,939.24,438.18,184.53,29.09,12.09,OVERHEATING
3973.36,0.7843,1000.27,472.37,198.51,31.04,10.83,OVERHEATING
4177.65,0.8642,1029.22,495.44,199.65,1.8,-1.01,NORMAL
3053.13,0.4198,702.64,302.9,140.01,-1.88,0.19,NORMAL
3606.25,0.6404,908.23,427.11,177.89,43.69,28.38,OVERHEATING
4024.17,0.7981,979.37,469.55,196.44,-0.71,1.5,NORMAL
4319.03,0.9275,1075.05,522.7,200.48,2.58,-0.79,NORMAL
3541.83,0.6245,893.91,416.88,170.28,42.1,25.8,OVERHEATING
4116.37,0.842,1010.02,494.98,230.87,-0.97,8.38,LUBRICATION_ISSUE
3557.56,0.6103,850.39,397.94,196.22,6.31,11.48,LUBRICATION_ISSUE
4219.5,0.8913,1085.78,518.8,200.78,40.0,11.34,OVERHEATING
3035.8,0.4276,711.94,307.16,167.91,3.61,2.16,LUBRICATION_ISSUE
2948.31,0.3721,671.81,288.73,155.49,1.16,6.34,LUBRICATION_ISSUE
3373.51,0.5444,830.94,374.44,160.15,35.64,17.26,OVERHEATING
4322.56,0.9262,1117.06,538.64,199.82,45.18,15.51,OVERHEATING
3431.47,0.5647,812.4,370.49,192.49,2.0,4.25,LUBRICATION_ISSUE
3294.01,0.5072,769.86,338.71,154.68,0.85,-2.7,NORMAL
3602.69,0.639,863.06,408.05,199.22,-0.5,9.91,LUBRICATION_ISSUE
4222.48,0.8925,1088.91,535.02,200.96,42.3,27.06,OVERHEATING
3225.05,0.5056,764.07,348.1,179.87,-0.55,9.33,LUBRICATION_ISSUE
3951.72,0.7957,1008.15,477.08,196.46,33.14,12.08,OVERHEATING
4145.13,0.852,1053.44,507.33,200.89,34.99,16.25,OVERHEATING
3535.81,0.6096,847.41,392.11,181.22,4.88,6.59,LUBRICATION_ISSUE
3417.22,0.5528,840.21,388.26,163.59,37.69,26.75,OVERHEATING
4103.28,0.839,1011.59,479.75,201.02,3.0,-5.41,NORMAL
3263.21,0.493,757.12,341.71,181.01,-1.81,6.35,LUBRICATION_ISSUE
3673.0,0.6573,877.39,407.88,174.89,-0.65,1.05,NORMAL
3719.42,0.6977,948.48,442.75,185.89,43.87,19.98,OVERHEATING
3363.87,0.5262,782.92,352.77,159.06,-0.97,2.43,NORMAL
3120.88,0.4621,738.0,327.2,175.48,4.7,7.21,LUBRICATION_ISSUE
3255.75,0.5232,782.13,352.55,168.78,5.42,6.52,LUBRICATION_ISSUE
3755.26,0.7006,906.71,422.88,179.46,-1.41,-1.99,NORMAL
4330.5,0.9322,1111.51,547.34,201.62,35.67,21.83,OVERHEATING
3479.0,0.6038,836.11,387.13,185.09,-0.15,5.38,LUBRICATION_ISSUE
3403.69,0.5748,810.06,367.37,162.02,-4.98,-1.66,NORMAL
3935.31,0.7785,1000.95,480.93,198.41,37.09,22.61,OVERHEATING
3893.01,0.7642,956.41,452.12,192.05,3.27,0.23,NORMAL
2923.45,0.3762,674.41,290.72,159.75,2.55,7.6,LUBRICATION_ISSUE
3602.74,0.6319,859.91,396.57,177.74,0.65,1.02,NORMAL
4090.12,0.8237,999.43,478.71,199.45,0.72,-0.52,NORMAL
3710.85,0.6856,896.39,418.28,181.12,-0.51,0.14,NORMAL
3000.81,0.4007,687.92,295.42,135.41,-2.55,1.15,NORMAL
2924.29,0.3607,660.97,285.16,148.25,-1.69,7.57,LUBRICATION_ISSUE
4079.08,0.8435,1009.57,493.94,231.73,-0.51,7.89,LUBRICATION_ISSUE
3227.01,0.4994,762.22,348.09,173.94,1.21,11.49,LUBRICATION_ISSUE
4025.58,0.7915,971.6,468.98,194.68,-4.59,3.26,NORMAL
4100.07,0.8613,1025.57,491.26,199.02,3.79,-1.81,NORMAL
4154.34,0.8571,1040.89,516.51,200.01,18.9,23.32,OVERHEATING
3944.47,0.7717,993.17,483.31,196.86,32.95,27.18,OVERHEATING
3250.29,0.4923,754.47,337.16,154.18,-3.41,2.43,NORMAL
3321.33,0.5116,809.72,361.03,158.47,36.67,17.19,OVERHEATING
2929.6,0.362,664.81,284.9,159.79,1.12,6.69,LUBRICATION_ISSUE
2848.55,0.3371,641.96,263.7,129.32,-2.71,-3.1,NORMAL
3832.86,0.7306,924.15,435.36,186.3,-5.88,-2.66,NORMAL
3304.75,0.519,777.87,349.98,170.67,1.25,4.01,LUBRICATION_ISSUE
3022.27,0.4004,719.48,317.83,139.81,28.11,23.0,OVERHEATING
3666.76,0.6774,896.55,418.83,207.7,6.76,4.96,LUBRICATION_ISSUE
4035.17,0.7998,983.76,469.69,197.93,2.12,0.7,NORMAL
4020.81,0.7996,977.68,469.71,194.18,-3.11,1.24,NORMAL
3565.65,0.6179,848.25,392.43,170.4,-0.76,3.03,NORMAL
3548.92,0.6345,896.88,405.52,174.49,38.75,10.64,OVERHEATING
4142.05,0.8491,1020.56,490.33,201.06,3.99,0.39,NORMAL
2750.63,0.3072,614.06,252.01,124.95,-7.77,-1.09,NORMAL
2831.95,0.3195,630.17,261.2,125.08,-3.12,1.23,NORMAL
3400.86,0.5787,824.64,379.13,181.99,7.41,8.79,LUBRICATION_ISSUE
4072.24,0.8156,993.13,488.18,216.0,0.17,12.4,LUBRICATION_ISSUE
2994.62,0.4151,698.19,299.37,136.33,-0.57,0.11,NORMAL
3526.45,0.6048,882.12,408.93,174.24,42.9,25.4,OVERHEATING
3338.74,0.5326,789.46,359.57,183.66,2.97,7.68,LUBRICATION_ISSUE
3691.21,0.667,910.16,428.91,181.74,25.42,18.07,OVERHEATING
2952.9,0.3931,686.63,293.92,137.07,3.11,3.8,NORMAL
3738.4,0.7019,935.13,439.62,180.91,27.06,14.78,OVERHEATING
4066.87,0.8402,1009.31,491.86,221.13,1.84,7.38,LUBRICATION_ISSUE
3860.24,0.7278,930.1,444.27,217.8,0.42,6.46,LUBRICATION_ISSUE
3583.87,0.6203,851.83,399.3,193.58,0.46,8.47,LUBRICATION_ISSUE
4282.84,0.9186,1110.04,545.26,203.82,44.74,26.07,OVERHEATING
4280.77,0.9074,1092.26,531.84,202.52,33.79,16.77,OVERHEATING
2962.48,0.3565,665.07,276.33,134.78,3.04,-0.88,NORMAL
3592.76,0.6321,861.65,399.09,202.57,2.73,3.74,LUBRICATION_ISSUE
3489.53,0.6031,837.71,376.3,166.52,1.37,-5.5,NORMAL
3367.61,0.5611,851.03,373.45,166.01,46.01,10.44,OVERHEATING
3978.38,0.7621,1004.5,480.18,192.24,48.35,26.49,OVERHEATING
3472.83,0.5803,821.21,374.42,163.66,-0.64,1.31,NORMAL
3808.56,0.7214,924.77,438.83,183.83,1.53,4.89,NORMAL
2835.0,0.3238,639.72,264.06,127.08,3.67,2.43,NORMAL
4410.4,0.9482,1128.68,545.93,206.35,39.24,12.27,OVERHEATING
3301.39,0.5369,819.81,369.79,160.75,32.58,17.45,OVERHEATING
4122.63,0.8393,1030.69,513.53,202.66,20.99,27.71,OVERHEATING
3610.32,0.6334,855.52,396.32,172.14,-5.02,-0.01,NORMAL
3491.06,0.6155,872.27,411.45,171.43,28.45,25.15,OVERHEATING
4207.78,0.8947,1051.22,516.76,220.81,4.0,8.43,LUBRICATION_ISSUE
3985.41,0.7667,962.69,463.22,221.61,3.41,7.65,LUBRICATION_ISSUE
3872.63,0.7417,941.03,451.81,216.18,2.4,8.64,LUBRICATION_ISSUE
3395.17,0.5551,803.27,361.89,161.45,0.45,0.2,NORMAL
3660.07,0.6696,885.09,417.53,197.13,0.32,6.66,LUBRICATION_ISSUE
3596.19,0.6469,896.31,427.87,176.88,28.38,27.11,OVERHEATING
3970.53,0.7813,1006.73,481.31,198.1,39.44,20.94,OVERHEATING
3559.5,0.6234,854.22,396.85,187.74,2.19,5.63,LUBRICATION_ISSUE
3620.52,0.6345,906.97,409.34,176.35,45.21,12.29,OVERHEATING
4045.57,0.8116,1033.4,487.16,201.27,44.16,13.62,OVERHEATING
2851.7,0.3531,652.83,273.89,132.58,-1.59,1.24,NORMAL
3282.38,0.5151,771.94,346.26,153.29,-1.23,2.36,NORMAL
4021.92,0.7884,978.73,474.53,229.34,4.57,10.03,LUBRICATION_ISSUE
3305.81,0.5326,785.84,350.92,158.47,1.01,0.02,NORMAL
3493.17,0.5886,873.08,399.45,170.02,45.27,22.77,OVERHEATING
4259.79,0.8955,1079.97,527.15,202.58,29.7,16.98,OVERHEATING
4240.97,0.8985,1050.96,520.71,229.4,-0.18,10.03,LUBRICATION_ISSUE
3722.92,0.6736,887.63,422.87,208.14,-2.71,8.67,LUBRICATION_ISSUE
3054.91,0.4182,702.64,302.0,139.93,-1.0,-0.19,NORMAL
4099.85,0.8565,1049.81,506.55,203.09,30.91,15.21,OVERHEATING
3607.98,0.6544,915.46,415.96,176.99,42.44,12.15,OVERHEATING
2748.82,0.3089,620.73,251.85,123.31,-2.07,-1.83,NORMAL
2934.47,0.3988,684.27,291.55,135.84,-1.75,-0.06,NORMAL
4197.34,0.8741,1035.59,504.58,232.33,1.29,4.0,LUBRICATION_ISSUE
3341.29,0.5221,783.41,351.28,178.03,3.06,3.07,LUBRICATION_ISSUE
4236.35,0.8935,1051.73,519.5,228.48,3.79,10.74,LUBRICATION_ISSUE
2895.62,0.357,663.73,285.5,157.16,4.75,10.11,LUBRICATION_ISSUE
4264.12,0.9026,1053.65,516.37,198.47,-1.13,3.5,NORMAL
4005.44,0.7867,979.99,466.59,219.46,7.71,3.22,LUBRICATION_ISSUE
3112.14,0.4373,715.57,312.58,142.65,-2.41,1.79,NORMAL
3730.83,0.7201,922.49,434.7,200.93,3.87,3.53,LUBRICATION_ISSUE
3239.84,0.5051,809.63,353.56,152.06,44.58,14.53,OVERHEATING
3286.62,0.5171,801.91,361.15,155.29,27.31,16.39,OVERHEATING
4303.97,0.9214,1096.3,541.4,205.59,28.25,20.57,OVERHEATING
4117.54,0.8368,1048.34,510.63,201.75,40.39,25.86,OVERHEATING
4051.59,0.8232,995.21,486.61,216.09,-1.28,8.71,LUBRICATION_ISSUE
4030.67,0.8285,999.9,480.48,197.76,1.24,1.28,NORMAL
3206.85,0.4668,780.51,344.26,148.82,40.11,20.02,OVERHEATING
4123.9,0.8366,1013.89,488.5,221.77,5.73,3.61,LUBRICATION_ISSUE
2879.21,0.3721,660.42,280.63,135.1,-6.83,0.28,NORMAL
2827.09,0.3164,629.31,255.47,126.89,-1.87,-3.24,NORMAL
3266.08,0.4827,795.46,348.03,154.83,42.51,16.26,OVERHEATING
4280.11,0.9156,1105.25,543.05,203.47,41.86,25.02,OVERHEATING
3678.5,0.676,888.89,412.53,176.38,-0.61,-1.16,NORMAL
3685.58,0.6662,884.74,416.6,190.97,0.74,6.2,LUBRICATION_ISSUE
3893.42,0.7392,940.77,449.82,214.85,2.57,6.9,LUBRICATION_ISSUE
3785.26,0.7211,927.65,439.49,206.07,5.72,6.34,LUBRICATION_ISSUE
3134.31,0.4719,737.93,332.71,166.56,-1.91,8.81,LUBRICATION_ISSUE
4123.79,0.8448,1045.87,504.74,202.71,32.78,16.88,OVERHEATING
3824.73,0.735,928.71,442.91,213.5,-3.54,3.56,LUBRICATION_ISSUE
3014.01,0.425,705.02,302.93,142.08,-0.69,-0.5,NORMAL
3118.91,0.461,733.69,322.3,170.53,1.11,2.76,LUBRICATION_ISSUE
3019.01,0.3995,695.26,296.18,139.28,4.58,1.78,NORMAL
3044.3,0.4204,709.43,311.02,162.97,4.96,8.34,LUBRICATION_ISSUE
2950.39,0.3659,669.86,288.45,162.07,2.77,8.2,LUBRICATION_ISSUE
4312.46,0.9244,1071.26,521.31,197.57,1.0,-0.85,NORMAL
3446.05,0.5787,818.04,370.11,164.41,-1.46,-1.59,NORMAL
3975.21,0.7851,971.42,468.83,222.94,1.6,6.93,LUBRICATION_ISSUE
3516.76,0.5661,817.38,375.03,187.17,1.89,5.73,LUBRICATION_ISSUE
3309.18,0.5495,793.0,356.67,157.55,-2.16,-0.42,NORMAL
4134.14,0.8697,1066.86,523.94,204.92,38.33,26.83,OVERHEATING
3417.17,0.561,852.66,387.17,164.05,45.2,22.69,OVERHEATING
3876.69,0.7258,930.61,449.84,202.97,1.31,12.27,LUBRICATION_ISSUE
4197.91,0.8888,1063.7,527.75,202.12,20.54,21.85,OVERHEATING
3259.56,0.5,767.93,338.06,154.09,4.96,0.28,NORMAL
4084.76,0.8452,1011.63,495.54,227.53,0.26,8.72,LUBRICATION_ISSUE
4258.73,0.9216,1062.42,519.49,198.91,-3.47,-0.05,NORMAL
3120.52,0.4445,722.67,318.69,169.86,-0.05,5.06,LUBRICATION_ISSUE
3928.82,0.7869,1019.76,474.5,196.26,51.15,13.34,OVERHEATING
3236.55,0.4982,760.0,338.42,151.08,-0.74,1.97,NORMAL
4141.39,0.8535,1024.52,502.02,226.79,5.33,10.5,LUBRICATION_ISSUE
3489.96,0.5567,853.06,392.58,165.52,44.57,27.48,OVERHEATING
3880.92,0.7496,947.04,452.61,220.72,3.24,6.33,LUBRICATION_ISSUE
3148.45,0.4385,719.61,321.01,170.53,-0.93,8.69,LUBRICATION_ISSUE
2977.42,0.3863,680.08,295.1,160.11,-0.59,6.7,LUBRICATION_ISSUE
3679.05,0.6734,922.12,426.67,174.8,34.1,13.86,OVERHEATING
3895.48,0.7607,957.52,451.25,192.51,6.33,0.54,NORMAL
3133.8,0.4372,723.69,312.22,167.56,4.66,0.81,LUBRICATION_ISSUE
3569.9,0.6117,891.16,400.09,166.87,45.63,12.77,OVERHEATING
4036.52,0.8202,1015.55,495.54,201.73,21.6,19.17,OVERHEATING
3543.62,0.614,873.15,408.02,170.57,27.54,20.66,OVERHEATING
2997.46,0.4122,731.59,311.66,146.03,34.41,13.35,OVERHEATING
3685.11,0.6575,876.7,414.84,194.66,-2.03,7.6,LUBRICATION_ISSUE
3366.44,0.5668,814.33,372.47,180.63,5.95,7.44,LUBRICATION_ISSUE
3916.52,0.7794,990.88,474.94,198.02,27.42,16.86,OVERHEATING
3685.74,0.6927,939.86,431.75,183.67,39.98,11.82,OVERHEATING
4036.5,0.8145,992.0,483.42,217.29,1.47,9.1,LUBRICATION_ISSUE
2914.21,0.3634,661.41,281.89,151.79,-2.32,3.65,LUBRICATION_ISSUE
4241.9,0.8888,1048.1,509.19,227.17,2.7,1.95,LUBRICATION_ISSUE
3539.62,0.6256,853.55,399.01,196.0,1.19,7.59,LUBRICATION_ISSUE
4171.16,0.8683,1069.71,520.88,205.75,40.18,23.16,OVERHEATING
3583.96,0.6467,890.02,427.75,177.26,22.82,27.44,OVERHEATING
4150.48,0.8527,1015.74,493.57,199.89,-3.42,2.08,NORMAL
3210.43,0.5079,816.17,354.49,154.39,50.9,15.33,OVERHEATING
4069.79,0.8086,989.98,472.68,199.17,1.36,-0.49,NORMAL
3431.68,0.5971,828.7,384.39,197.22,-1.17,6.47,LUBRICATION_ISSUE
4139.15,0.8626,1026.77,495.7,198.53,2.27,1.0,NORMAL
3209.4,0.4982,767.74,343.14,177.96,8.35,7.51,LUBRICATION_ISSUE
4127.84,0.852,1012.6,491.41,200.31,-4.98,0.86,NORMAL
3161.19,0.4655,740.15,325.25,149.3,2.76,2.82,NORMAL
3777.33,0.6971,906.25,423.74,182.56,-0.9,-0.55,NORMAL
3347.05,0.5327,791.35,359.87,175.5,4.38,7.69,LUBRICATION_ISSUE
3730.58,0.6671,910.1,428.6,181.53,23.32,16.53,OVERHEATING
3152.43,0.4643,772.45,334.11,147.05,36.26,12.4,OVERHEATING
3166.82,0.4605,729.11,317.66,149.72,-5.5,-3.11,NORMAL
3387.51,0.5665,850.5,376.53,163.94,41.25,10.98,OVERHEATING
3068.49,0.4099,700.73,304.21,154.98,1.38,4.6,LUBRICATION_ISSUE
3393.42,0.5465,828.88,380.22,162.38,31.31,21.68,OVERHEATING
4046.44,0.8065,992.04,476.36,212.69,5.8,4.61,LUBRICATION_ISSUE
4158.79,0.8565,1020.73,493.89,199.01,-1.11,0.78,NORMAL
3160.88,0.4706,740.12,328.57,145.94,-0.26,4.34,NORMAL
3640.02,0.6772,936.1,437.72,181.07,47.76,24.71,OVERHEATING
3080.38,0.4046,741.41,315.48,142.62,44.6,17.39,OVERHEATING
3300.53,0.5345,813.65,379.02,162.61,27.93,27.59,OVERHEATING
3631.01,0.6443,870.73,406.51,192.01,2.62,5.65,LUBRICATION_ISSUE
3137.34,0.4443,722.12,313.15,145.09,-1.36,-0.94,NORMAL
3657.08,0.6587,914.88,431.21,178.22,36.82,24.37,OVERHEATING
3094.81,0.4563,765.81,341.73,145.26,37.28,24.61,OVERHEATING
3082.01,0.4397,718.29,315.88,143.44,0.37,5.12,NORMAL
4259.86,0.8886,1084.08,523.61,205.71,37.95,15.93,OVERHEATING
2932.63,0.3697,671.24,287.43,159.14,2.8,6.36,LUBRICATION_ISSUE
4232.09,0.8852,1045.88,506.36,200.22,3.17,0.74,NORMAL
3612.0,0.6383,864.29,401.47,202.47,0.7,3.32,LUBRICATION_ISSUE
3062.98,0.4365,738.02,327.3,147.13,22.95,18.26,OVERHEATING
3312.84,0.5126,774.89,345.35,155.59,1.71,1.44,NORMAL
3691.96,0.6594,886.07,412.06,201.18,5.82,3.91,LUBRICATION_ISSUE
3266.35,0.5174,825.06,359.38,157.8,51.27,15.11,OVERHEATING
4020.53,0.8247,999.08,484.11,216.53,3.22,6.59,LUBRICATION_ISSUE
2835.15,0.3238,633.1,261.7,128.67,-2.96,0.06,NORMAL
3556.31,0.6362,858.97,394.3,169.11,-0.58,-1.43,NORMAL
3163.37,0.4536,757.2,345.2,147.6,26.9,27.02,OVERHEATING
3612.74,0.6435,868.2,403.84,200.87,1.47,3.8,LUBRICATION_ISSUE
4149.68,0.8453,1017.81,490.53,199.53,3.17,1.74,NORMAL
3704.39,0.6782,930.91,426.04,184.84,38.8,10.77,OVERHEATING
4057.59,0.8202,990.35,477.67,200.25,-4.67,0.66,NORMAL
4092.24,0.845,1054.19,509.7,202.03,42.6,22.74,OVERHEATING
4033.26,0.8233,1003.43,485.65,215.48,7.77,8.25,LUBRICATION_ISSUE
3213.55,0.4776,746.95,332.04,147.84,-0.3,3.69,NORMAL
4151.1,0.8702,1062.15,514.34,204.3,32.47,16.53,OVERHEATING
3333.75,0.5352,795.3,360.43,182.9,7.47,7.73,LUBRICATION_ISSUE
3361.44,0.5701,851.91,387.02,167.11,41.78,20.94,OVERHEATING
2969.04,0.3842,679.97,288.69,138.81,1.0,1.32,NORMAL
3622.18,0.6378,868.53,401.05,190.35,4.73,2.77,LUBRICATION_ISSUE
3724.23,0.6754,893.08,416.41,178.01,1.61,1.53,NORMAL
4209.19,0.8929,1068.87,523.14,202.31,22.65,15.41,OVERHEATING
4240.97,0.9013,1082.68,529.7,205.85,29.85,18.0,OVERHEATING
4171.3,0.8718,1033.02,498.05,199.45,1.35,-0.95,NORMAL
3301.75,0.5447,792.68,362.71,181.59,0.75,7.55,LUBRICATION_ISSUE
3858.12,0.737,938.05,440.33,188.8,2.92,-0.75,NORMAL
3261.02,0.4928,761.12,335.29,150.31,2.41,0.07,NORMAL
3679.42,0.682,896.66,422.44,192.66,3.5,6.55,LUBRICATION_ISSUE
3307.14,0.523,780.06,351.11,155.31,0.92,3.63,NORMAL
3304.9,0.5245,796.76,365.4,157.38,16.79,17.42,OVERHEATING
3526.61,0.6078,841.32,394.58,194.87,0.34,9.99,LUBRICATION_ISSUE
3440.85,0.5762,820.44,368.83,165.83,2.71,-1.82,NORMAL
3944.87,0.7683,960.34,461.57,222.27,2.13,6.65,LUBRICATION_ISSUE
3007.79,0.4135,703.25,306.49,164.36,4.77,7.4,LUBRICATION_ISSUE
4234.91,0.8789,1040.28,506.58,199.34,1.18,3.12,NORMAL
3855.79,0.7427,944.78,448.49,216.94,6.39,5.45,LUBRICATION_ISSUE
4277.87,0.8841,1046.82,514.33,226.28,2.48,7.73,LUBRICATION_ISSUE
3602.99,0.6269,854.51,395.78,202.51,-1.76,2.01,LUBRICATION_ISSUE
4092.88,0.8427,1013.14,498.4,231.76,2.86,12.23,LUBRICATION_ISSUE
4291.22,0.9143,1089.75,547.51,201.66,26.61,29.63,OVERHEATING
3071.41,0.4097,699.61,298.37,138.54,0.21,-1.28,NORMAL
2950.72,0.376,671.22,289.5,162.31,-1.94,5.6,LUBRICATION_ISSUE
3744.52,0.7081,932.46,445.57,183.48,20.36,18.31,OVERHEATING
3712.1,0.6967,906.46,420.22,180.39,2.82,-1.96,NORMAL
4336.63,0.9304,1075.64,526.05,202.17,0.57,1.01,NORMAL
3432.77,0.5704,840.7,388.36,166.42,26.81,20.03,OVERHEATING
3440.55,0.5842,826.74,380.4,195.91,4.2,6.87,LUBRICATION_ISSUE
3104.93,0.4644,736.95,321.18,147.42,3.09,0.86,NORMAL
4202.5,0.8787,1036.27,503.07,199.56,-1.06,0.68,NORMAL
3727.83,0.7027,909.28,423.44,181.51,1.25,-1.38,NORMAL
4341.97,0.9346,1117.31,544.49,203.75,39.44,17.76,OVERHEATING
3393.32,0.5834,823.89,372.11,190.65,4.18,0.29,LUBRICATION_ISSUE
3455.41,0.577,820.37,369.96,162.72,1.41,-1.42,NORMAL
3168.85,0.4588,763.78,332.27,147.91,30.03,12.02,OVERHEATING
4002.76,0.7997,977.93,470.32,195.67,-2.02,2.36,NORMAL
3723.14,0.6943,903.28,430.19,210.52,0.53,8.54,LUBRICATION_ISSUE
3852.46,0.7254,927.5,438.22,211.62,-0.38,1.5,LUBRICATION_ISSUE
3526.03,0.634,856.67,401.5,204.68,-0.02,7.48,LUBRICATION_ISSUE
3057.68,0.4285,737.0,323.33,145.72,27.04,17.36,OVERHEATING
3596.85,0.6397,864.1,405.96,188.85,0.45,7.77,LUBRICATION_ISSUE
3180.39,0.4614,739.24,320.16,146.05,3.39,-1.35,NORMAL
3359.02,0.5416,793.08,356.1,158.95,0.15,0.35,NORMAL
3043.87,0.4239,703.36,306.37,140.92,-3.17,2.45,NORMAL
4209.83,0.8902,1075.82,532.19,204.86,31.2,25.43,OVERHEATING
3523.16,0.6035,879.03,396.44,174.28,40.77,13.48,OVERHEATING
3965.65,0.7722,963.64,466.7,219.6,2.05,9.75,LUBRICATION_ISSUE
4304.0,0.9218,1097.9,536.67,206.8,29.64,15.72,OVERHEATING
2971.91,0.395,688.16,298.54,162.65,2.57,7.18,LUBRICATION_ISSUE
3496.13,0.5915,831.66,383.32,193.74,1.95,5.49,LUBRICATION_ISSUE
3659.59,0.6762,889.91,416.85,177.42,1.19,3.62,NORMAL
4148.49,0.8637,1026.34,506.5,220.19,0.71,11.12,LUBRICATION_ISSUE
4378.91,0.9441,1126.23,548.06,203.59,40.81,16.8,OVERHEATING
3916.16,0.7749,960.59,457.57,192.27,-0.17,1.12,NORMAL
3371.68,0.5541,828.81,378.73,166.28,27.79,18.11,OVERHEATING
3013.75,0.3965,690.42,299.01,163.29,1.84,5.86,LUBRICATION_ISSUE
4022.51,0.8171,1014.36,487.16,201.5,22.95,12.31,OVERHEATING
2919.81,0.3821,678.8,284.21,135.35,3.56,-0.93,NORMAL
2978.06,0.4089,726.57,308.42,143.16,32.34,11.88,OVERHEATING
4036.15,0.8204,992.7,476.97,197.61,-1.33,0.55,NORMAL
4325.68,0.9292,1064.86,523.93,197.55,-8.97,-0.37,NORMAL
3019.18,0.4184,702.87,302.04,169.18,0.85,0.83,LUBRICATION_ISSUE
3609.11,0.661,879.1,411.21,192.07,2.06,4.98,LUBRICATION_ISSUE
4019.93,0.8165,1015.01,493.08,201.81,24.11,18.54,OVERHEATING
4029.23,0.8123,1033.89,497.66,197.82,45.02,24.34,OVERHEATING
3694.33,0.6834,899.2,423.7,209.14,4.42,6.82,LUBRICATION_ISSUE
3376.96,0.5505,801.53,370.33,182.88,2.4,10.85,LUBRICATION_ISSUE
3503.98,0.582,820.11,373.76,165.08,-4.29,-0.88,NORMAL
3402.87,0.5592,806.5,371.41,182.11,0.81,7.99,LUBRICATION_ISSUE
4045.19,0.8277,993.14,478.53,201.28,-5.72,-0.79,NORMAL
3388.36,0.5656,816.66,371.91,180.85,7.89,6.65,LUBRICATION_ISSUE
4349.31,0.9439,1088.52,528.66,202.3,4.69,-1.64,NORMAL
3495.98,0.5864,828.36,379.79,182.3,1.73,3.82,LUBRICATION_ISSUE
4269.91,0.907,1051.71,516.46,200.52,-5.99,1.83,NORMAL
3533.86,0.6116,849.03,395.69,184.75,5.4,9.51,LUBRICATION_ISSUE
4283.56,0.9058,1099.62,531.71,202.21,41.97,17.13,OVERHEATING
3050.18,0.4288,714.1,311.81,169.29,4.3,5.93,LUBRICATION_ISSUE
3533.59,0.6163,886.29,404.03,175.64,39.8,16.13,OVERHEATING
3295.43,0.5102,795.53,362.89,158.51,24.65,20.36,OVERHEATING
3231.2,0.4981,784.49,352.55,153.6,24.08,16.3,OVERHEATING
3849.22,0.7294,930.69,440.53,203.8,0.58,2.46,LUBRICATION_ISSUE
3487.19,0.5861,874.8,403.28,172.99,48.78,27.67,OVERHEATING
4203.48,0.8821,1040.92,504.25,197.01,1.48,0.58,NORMAL
4088.2,0.8306,1039.33,498.34,204.46,36.58,16.69,OVERHEATING
3788.64,0.7096,916.88,429.49,182.89,1.71,0.39,NORMAL
3168.44,0.4573,734.45,320.14,148.61,1.68,0.47,NORMAL
3318.82,0.5136,776.5,345.72,155.77,2.37,1.25,NORMAL
4145.57,0.8699,1034.17,508.24,226.63,4.93,10.7,LUBRICATION_ISSUE
3144.62,0.4314,718.42,316.88,169.21,2.38,7.26,LUBRICATION_ISSUE
3227.83,0.4995,760.26,347.64,185.62,-0.82,10.99,LUBRICATION_ISSUE
4267.7,0.892,1048.81,512.83,218.84,0.21,3.67,LUBRICATION_ISSUE
4226.2,0.892,1046.23,518.61,218.72,-0.28,10.7,LUBRICATION_ISSUE
3649.12,0.6686,887.41,418.68,194.42,3.76,8.49,LUBRICATION_ISSUE
4108.31,0.839,1014.17,493.2,222.08,5.37,7.92,LUBRICATION_ISSUE
3038.79,0.4224,704.55,305.94,140.54,-0.83,2.72,NORMAL
3334.5,0.5236,784.62,352.34,157.39,3.75,3.82,NORMAL
2991.32,0.4079,694.76,304.39,169.17,0.48,7.82,LUBRICATION_ISSUE
3906.37,0.7535,979.51,474.77,192.81,32.07,26.31,OVERHEATING
3658.48,0.6455,871.21,411.73,198.09,1.01,9.61,LUBRICATION_ISSUE
3313.09,0.5337,814.39,368.94,158.52,28.5,17.41,OVERHEATING
3585.02,0.6187,894.55,409.96,175.15,44.09,19.68,OVERHEATING
3710.01,0.68,927.76,431.45,181.34,34.29,15.37,OVERHEATING
3104.74,0.4357,717.11,315.98,162.89,0.44,5.98,LUBRICATION_ISSUE
3129.32,0.4511,731.22,320.04,175.02,4.09,3.76,LUBRICATION_ISSUE
3396.75,0.5673,841.87,379.92,165.72,31.66,13.79,OVERHEATING
4371.12,0.9467,1085.54,530.71,199.55,-1.01,-1.23,NORMAL
3590.81,0.6532,906.12,424.85,178.51,34.65,21.97,OVERHEATING
4213.5,0.8657,1080.67,512.37,207.42,50.56,14.3,OVERHEATING
2951.74,0.4034,689.26,298.86,156.01,-0.36,5.09,LUBRICATION_ISSUE
3011.88,0.3914,688.94,302.6,166.17,3.49,11.33,LUBRICATION_ISSUE
3178.33,0.4767,746.68,334.32,165.87,1.75,7.37,LUBRICATION_ISSUE
3842.27,0.7303,932.16,436.78,186.93,1.88,-1.39,NORMAL
3946.95,0.7791,963.19,460.09,192.62,-1.64,1.19,NORMAL
2948.66,0.3935,690.37,289.65,136.72,6.82,-0.48,NORMAL
2759.95,0.3004,619.38,253.66,124.68,1.13,2.71,NORMAL
3839.45,0.7428,938.14,449.19,207.78,0.46,6.58,LUBRICATION_ISSUE
2918.69,0.3714,671.18,279.05,135.48,2.4,-2.22,NORMAL
3801.47,0.7337,935.89,448.71,212.51,5.6,10.54,LUBRICATION_ISSUE
2911.48,0.3948,684.53,290.36,163.94,2.05,0.87,LUBRICATION_ISSUE
3480.4,0.5931,834.87,385.38,194.98,4.96,7.44,LUBRICATION_ISSUE
2728.12,0.3096,618.73,252.85,120.47,-3.4,-0.44,NORMAL
3810.47,0.7145,916.3,432.25,184.7,-2.92,0.72,NORMAL
4270.16,0.9254,1066.22,520.57,200.69,-2.53,-0.69,NORMAL
3418.62,0.584,817.08,385.18,181.44,-4.28,12.37,LUBRICATION_ISSUE
4203.36,0.8837,1038.11,506.32,202.48,-2.27,2.1,NORMAL
4076.36,0.8386,1009.97,481.88,197.95,3.02,-2.29,NORMAL
4139.07,0.8717,1060.24,516.09,200.65,30.26,18.1,OVERHEATING
2961.56,0.3705,672.41,291.17,157.69,2.0,8.93,LUBRICATION_ISSUE
3357.63,0.542,819.58,372.84,163.85,26.5,17.0,OVERHEATING
3183.92,0.4765,747.42,325.79,149.12,2.34,-1.26,NORMAL
3928.8,0.77,961.64,460.18,221.54,3.19,5.11,LUBRICATION_ISSUE
3859.39,0.7306,973.13,455.45,189.76,41.83,16.67,OVERHEATING
3552.75,0.5981,880.41,396.08,169.67,43.92,14.19,OVERHEATING
3749.85,0.7112,956.91,444.66,185.13,42.7,16.13,OVERHEATING
3508.4,0.5984,833.92,381.36,169.83,-0.56,0.67,NORMAL
4135.75,0.842,1011.2,501.79,228.21,-0.77,14.62,LUBRICATION_ISSUE
3382.34,0.5275,822.87,366.01,158.22,37.27,14.64,OVERHEATING
3596.41,0.6464,874.72,406.81,199.15,7.03,6.19,LUBRICATION_ISSUE
3935.26,0.7643,955.13,455.39,192.46,-0.22,2.17,NORMAL
3202.36,0.4733,771.64,337.92,148.86,27.55,11.47,OVERHEATING
3495.74,0.6072,865.66,406.66,169.6,26.53,23.18,OVERHEATING
3843.41,0.7348,933.82,444.44,210.5,0.75,4.6,LUBRICATION_ISSUE
3071.43,0.4314,745.5,327.67,147.09,33.09,20.22,OVERHEATING
3914.73,0.7636,953.44,450.58,188.66,-0.44,-1.76,NORMAL
4132.24,0.871,1055.45,508.34,203.66,26.26,10.82,OVERHEATING
4026.05,0.7974,976.58,476.16,213.27,-3.15,8.32,LUBRICATION_ISSUE
3945.29,0.7801,963.42,457.22,191.43,-1.87,-1.96,NORMAL
3084.64,0.4405,739.38,323.83,149.83,20.85,12.71,OVERHEATING
3226.38,0.5074,767.27,337.38,155.07,1.5,-2.08,NORMAL
3020.74,0.4059,692.78,296.89,138.34,-1.8,0.14,NORMAL
2829.09,0.3513,651.06,273.34,129.75,-1.18,1.99,NORMAL
3661.55,0.6516,877.2,404.42,172.86,3.17,0.0,NORMAL
3456.04,0.5755,819.29,379.77,193.95,1.21,8.93,LUBRICATION_ISSUE
3078.8,0.4403,718.76,310.96,142.64,0.65,0.09,NORMAL
3901.81,0.7658,990.75,480.95,194.27,36.18,28.21,OVERHEATING
4242.41,0.86,1068.83,510.4,200.97,40.68,13.52,OVERHEATING
4084.64,0.8212,996.39,476.82,197.75,-0.56,-1.35,NORMAL
3227.52,0.4833,781.08,349.21,151.62,29.73,18.4,OVERHEATING
2772.77,0.3198,629.53,261.44,126.3,-1.0,3.12,NORMAL
3568.02,0.6141,845.76,388.17,167.62,-1.13,0.04,NORMAL
3084.31,0.4435,720.39,322.57,160.29,0.07,10.38,LUBRICATION_ISSUE
3117.65,0.4557,726.94,326.63,168.43,-2.33,9.06,LUBRICATION_ISSUE
3765.96,0.6975,910.89,431.44,207.76,4.12,7.37,LUBRICATION_ISSUE
3829.4,0.7185,951.5,450.35,188.88,28.91,16.8,OVERHEATING
4379.82,0.9312,1079.24,526.37,198.94,1.5,-0.27,NORMAL
3562.91,0.6282,886.54,421.14,171.44,31.5,28.12,OVERHEATING
2993.54,0.4037,689.53,303.95,166.68,-2.35,8.82,LUBRICATION_ISSUE
3868.76,0.7383,938.79,448.1,201.92,2.36,6.24,LUBRICATION_ISSUE
3183.32,0.4795,780.89,345.91,155.31,34.04,17.79,OVERHEATING
4011.36,0.7951,974.87,469.37,193.42,-2.73,2.81,NORMAL
3203.34,0.4853,749.48,339.35,174.96,-1.9,8.53,LUBRICATION_ISSUE
2978.62,0.3855,681.02,287.04,135.04,0.78,-1.1,NORMAL
3614.42,0.6673,886.86,414.02,194.64,5.79,5.38,LUBRICATION_ISSUE
3362.48,0.5389,791.62,351.27,157.32,0.16,-3.6,NORMAL
2945.12,0.3882,682.25,292.78,164.27,2.05,4.66,LUBRICATION_ISSUE
4252.64,0.9162,1093.86,534.89,199.48,31.5,17.47,OVERHEATING
3638.4,0.6493,911.83,416.69,175.03,40.33,13.8,OVERHEATING
3743.98,0.7062,955.34,447.97,186.0,44.4,21.41,OVERHEATING
3513.18,0.5994,829.47,377.09,168.17,-5.85,-4.1,NORMAL
3739.94,0.7044,911.56,433.76,215.7,1.94,8.0,LUBRICATION_ISSUE
4029.91,0.8232,998.67,476.17,200.29,3.26,-1.07,NORMAL
3193.69,0.4586,762.44,337.87,147.3,27.62,16.98,OVERHEATING
3382.76,0.554,833.58,378.32,165.53,32.04,17.4,OVERHEATING
3659.24,0.6654,915.91,437.98,183.42,33.72,28.66,OVERHEATING
3533.69,0.597,833.62,388.02,198.66,-1.26,7.09,LUBRICATION_ISSUE
3301.71,0.5275,801.03,372.86,160.35,19.42,23.89,OVERHEATING
3090.48,0.4305,730.49,329.17,143.49,17.65,21.47,OVERHEATING
3681.87,0.6773,916.17,432.67,184.34,25.67,18.36,OVERHEATING
3097.23,0.4214,756.51,329.48,146.48,48.78,24.84,OVERHEATING
3282.62,0.5176,798.67,364.47,153.72,24.01,19.67,OVERHEATING
2918.75,0.3709,669.68,292.76,165.29,1.22,11.69,LUBRICATION_ISSUE
3805.83,0.7267,923.8,433.7,182.31,-2.52,-2.09,NORMAL
4342.83,0.9227,1093.32,545.5,202.16,22.56,23.04,OVERHEATING
3380.13,0.5636,803.08,361.12,162.05,-4.06,-3.17,NORMAL
3239.11,0.511,763.61,339.36,156.04,-4.93,-1.77,NORMAL
3458.45,0.5838,868.45,390.54,170.27,45.26,16.63,OVERHEATING
4063.28,0.8225,993.46,475.66,199.36,-3.19,-2.33,NORMAL
3903.32,0.7575,949.44,455.97,219.5,-0.21,6.18,LUBRICATION_ISSUE
4292.21,0.8998,1079.39,529.15,200.95,24.93,16.47,OVERHEATING
4325.13,0.9213,1097.65,534.83,204.61,28.64,13.43,OVERHEATING
4208.16,0.9044,1077.96,521.93,203.16,24.93,10.12,OVERHEATING
3027.75,0.4293,754.96,323.01,146.29,45.97,17.62,OVERHEATING
3311.09,0.5179,773.77,344.64,154.64,-2.52,-1.13,NORMAL
3185.49,0.4726,743.19,336.06,173.74,0.35,10.36,LUBRICATION_ISSUE
3031.82,0.4304,760.22,318.48,142.23,50.37,12.57,OVERHEATING
4021.5,0.8341,999.69,483.5,199.97,-1.82,2.59,NORMAL
3386.53,0.5467,819.2,381.97,162.48,21.86,23.57,OVERHEATING
3994.18,0.806,987.03,476.5,224.78,3.73,6.52,LUBRICATION_ISSUE
3478.0,0.6146,843.1,381.96,169.67,0.43,-3.64,NORMAL
3753.63,0.6881,905.41,425.94,205.09,4.89,5.63,LUBRICATION_ISSUE
4135.35,0.8411,1015.0,484.66,201.19,3.6,-2.18,NORMAL
4241.25,0.9092,1109.15,538.4,202.44,51.59,23.86,OVERHEATING
2746.14,0.3333,636.19,260.31,125.02,-1.12,-2.08,NORMAL
3138.32,0.4378,722.67,318.2,171.15,3.1,6.46,LUBRICATION_ISSUE
4160.12,0.8578,1022.64,496.71,217.92,-0.05,3.1,LUBRICATION_ISSUE
3134.49,0.4642,767.07,348.31,148.95,31.8,27.15,OVERHEATING
3341.44,0.5187,774.64,352.93,180.32,-3.63,5.97,LUBRICATION_ISSUE
2906.84,0.3783,674.01,284.28,131.65,1.72,0.9,NORMAL
3072.32,0.424,729.43,320.26,145.52,21.41,15.45,OVERHEATING
4294.25,0.9142,1093.95,534.35,202.79,30.75,16.43,OVERHEATING
3491.68,0.6004,841.26,389.21,183.95,6.47,8.33,LUBRICATION_ISSUE
4062.02,0.8197,1015.88,502.14,200.5,20.98,25.2,OVERHEATING
4207.11,0.8862,1044.87,506.22,200.07,2.82,0.99,NORMAL
4305.48,0.9137,1110.5,540.53,204.61,46.99,22.43,OVERHEATING
4195.11,0.8616,1027.95,505.28,231.75,1.22,9.24,LUBRICATION_ISSUE
3363.91,0.5451,795.79,367.46,190.22,0.53,10.31,LUBRICATION_ISSUE
4066.26,0.8399,1007.08,489.05,219.1,-0.2,4.68,LUBRICATION_ISSUE
3231.9,0.4859,754.07,340.07,173.86,0.91,8.17,LUBRICATION_ISSUE
3495.39,0.6058,833.6,387.24,194.79,-4.68,4.28,LUBRICATION_ISSUE
4084.5,0.8356,1001.28,482.3,200.74,-4.3,-1.05,NORMAL
2867.86,0.3443,646.01,268.67,127.5,-3.98,-1.32,NORMAL
2959.54,0.4011,693.0,297.12,155.75,4.33,3.93,LUBRICATION_ISSUE
3108.33,0.451,723.07,325.4,169.19,-2.92,9.81,LUBRICATION_ISSUE
3206.74,0.4937,755.11,333.18,151.75,-1.48,-0.77,NORMAL
2910.24,0.3552,662.65,280.48,162.24,4.01,5.3,LUBRICATION_ISSUE
2993.84,0.3872,683.14,295.1,163.96,1.12,5.89,LUBRICATION_ISSUE
3832.52,0.7074,917.05,433.46,199.6,0.99,3.82,LUBRICATION_ISSUE
3979.01,0.8099,990.11,471.02,197.84,5.24,0.1,NORMAL
2798.71,0.3362,643.45,263.56,128.04,1.77,-1.45,NORMAL
3079.6,0.4334,713.62,316.33,173.04,-0.41,7.91,LUBRICATION_ISSUE
4201.16,0.872,1038.25,509.91,220.9,4.98,9.95,LUBRICATION_ISSUE
4059.27,0.8161,999.45,475.94,198.9,6.81,0.36,NORMAL
3820.46,0.732,954.76,455.26,188.54,24.53,17.12,OVERHEATING
3609.43,0.655,881.5,405.81,202.81,8.06,1.75,LUBRICATION_ISSUE
3982.74,0.7947,980.33,478.31,216.87,4.36,12.73,LUBRICATION_ISSUE
2951.7,0.3779,679.48,284.48,132.09,5.14,-0.13,NORMAL
3194.38,0.4792,743.75,328.33,150.04,-3.52,-0.03,NORMAL
3150.97,0.4232,737.08,331.64,144.82,25.6,24.76,OVERHEATING
3578.48,0.6266,887.92,416.52,173.44,33.03,23.58,OVERHEATING
3780.6,0.7195,963.81,455.29,187.32,43.06,22.84,OVERHEATING
3154.55,0.4589,733.65,328.37,177.03,0.6,8.54,LUBRICATION_ISSUE
4320.44,0.9309,1071.81,526.53,201.55,-2.77,1.78,NORMAL
4284.05,0.918,1105.07,536.31,202.92,40.04,17.29,OVERHEATING
4028.8,0.7936,976.79,466.52,194.4,-0.81,-0.04,NORMAL
4134.95,0.8572,1022.5,491.54,199.23,1.45,-1.09,NORMAL
3888.96,0.7566,952.93,453.96,216.93,4.52,4.92,LUBRICATION_ISSUE
3761.83,0.71,911.34,434.97,201.01,-2.75,6.52,LUBRICATION_ISSUE
4143.48,0.8599,1027.65,493.86,200.44,4.51,-0.02,NORMAL
3345.98,0.5337,792.9,362.49,185.5,5.37,9.98,LUBRICATION_ISSUE
3080.11,0.4284,713.47,308.33,141.33,2.45,1.72,NORMAL
4044.43,0.8226,1024.37,503.18,203.2,28.58,25.7,OVERHEATING
3506.25,0.6381,864.23,402.69,199.87,6.05,7.78,LUBRICATION_ISSUE
3134.1,0.4388,720.04,312.6,146.55,0.06,0.62,NORMAL
3886.59,0.778,1005.74,472.66,195.28,44.61,15.98,OVERHEATING
3961.92,0.7787,968.76,464.88,215.45,3.43,5.69,LUBRICATION_ISSUE
4310.63,0.9046,1091.45,529.97,200.31,33.14,14.98,OVERHEATING
2900.15,0.3528,660.03,276.12,131.67,3.35,2.11,NORMAL
3362.34,0.5483,827.3,369.51,164.64,30.23,11.27,OVERHEATING
4338.23,0.9314,1074.88,522.15,199.92,-0.87,-3.3,NORMAL
3533.49,0.6041,873.05,403.47,171.88,33.92,20.0,OVERHEATING
3442.69,0.585,846.73,397.46,166.47,23.57,23.56,OVERHEATING
3185.07,0.4691,773.14,350.2,154.06,32.42,25.76,OVERHEATING
3104.99,0.4465,722.19,316.45,145.47,-0.95,2.56,NORMAL
3833.87,0.7482,950.11,453.96,218.97,9.49,9.59,LUBRICATION_ISSUE
2999.35,0.4106,695.22,303.92,155.75,-1.13,6.11,LUBRICATION_ISSUE
4334.38,0.9304,1075.82,520.09,198.65,0.84,-4.9,NORMAL
2990.2,0.3919,681.96,289.81,138.54,-2.69,-0.98,NORMAL
3948.09,0.7784,958.4,461.56,192.12,-6.06,2.88,NORMAL
2959.63,0.3647,669.19,281.8,131.23,2.41,1.72,NORMAL
4225.21,0.889,1088.28,528.97,202.91,43.61,22.17,OVERHEATING
3305.7,0.5219,775.77,352.32,181.78,-2.64,5.27,LUBRICATION_ISSUE
3643.37,0.6623,882.93,412.07,204.27,3.36,4.33,LUBRICATION_ISSUE
4012.41,0.8152,1020.92,502.63,198.27,31.17,28.77,OVERHEATING
2996.68,0.3976,693.57,292.58,137.82,5.17,-0.46,NORMAL
4275.43,0.9195,1098.44,542.9,202.87,32.99,23.63,OVERHEATING
4298.14,0.9242,1097.78,543.51,199.26,28.36,21.85,OVERHEATING
3714.08,0.6954,901.31,424.21,179.86,-1.64,2.44,NORMAL
4124.54,0.8531,1020.22,494.33,221.85,2.11,3.46,LUBRICATION_ISSUE
3812.5,0.7208,920.47,432.77,184.51,-2.62,-1.08,NORMAL
3762.89,0.6993,908.68,433.06,207.19,0.97,8.44,LUBRICATION_ISSUE
3923.52,0.7875,973.65,465.1,209.65,4.98,3.89,LUBRICATION_ISSUE
3574.18,0.6248,860.38,395.84,185.89,6.78,3.68,LUBRICATION_ISSUE
3584.37,0.645,864.23,406.88,191.96,-1.99,7.15,LUBRICATION_ISSUE
4197.79,0.8833,1037.56,504.68,201.85,-2.32,0.76,NORMAL
3411.19,0.5474,801.58,363.56,188.79,2.56,4.15,LUBRICATION_ISSUE
3612.07,0.646,898.06,419.99,176.13,29.84,19.06,OVERHEATING
3711.21,0.6793,939.99,434.7,182.31,46.83,18.8,OVERHEATING
4097.12,0.8224,998.81,478.35,200.67,0.53,-0.62,NORMAL
3196.17,0.484,782.64,355.31,151.93,32.46,25.2,OVERHEATING
3566.87,0.6153,889.61,403.4,172.0,42.06,14.87,OVERHEATING
3539.95,0.6073,837.17,387.06,197.19,-4.18,2.25,LUBRICATION_ISSUE
3828.31,0.7349,982.97,459.65,188.86,50.62,20.23,OVERHEATING
3351.23,0.5341,815.03,371.38,160.59,27.01,18.56,OVERHEATING
3643.72,0.655,902.37,423.17,182.85,27.17,18.05,OVERHEATING
2944.29,0.387,679.5,292.14,162.35,0.11,4.51,LUBRICATION_ISSUE
4184.61,0.8756,1037.39,502.84,218.07,2.79,2.08,LUBRICATION_ISSUE
4177.4,0.8692,1058.95,514.34,204.37,28.54,16.09,OVERHEATING
3443.6,0.5646,812.93,376.46,178.02,1.99,9.89,LUBRICATION_ISSUE
3192.0,0.482,751.07,329.68,150.24,2.25,0.39,NORMAL
3509.61,0.6026,840.77,390.86,195.75,3.74,8.64,LUBRICATION_ISSUE
3004.65,0.4011,690.61,296.43,155.56,-0.27,1.91,LUBRICATION_ISSUE
4352.94,0.9293,1112.21,545.76,205.38,37.01,20.64,OVERHEATING
2891.37,0.3543,657.84,275.31,131.43,0.72,1.04,NORMAL
3807.46,0.7214,922.84,431.75,185.18,-0.36,-2.17,NORMAL
3813.37,0.7175,952.53,454.18,186.49,31.39,21.5,OVERHEATING
3238.34,0.495,803.46,359.29,154.12,44.57,23.95,OVERHEATING
3988.11,0.786,1007.53,478.89,198.09,36.55,16.3,OVERHEATING
3923.23,0.7777,963.41,466.34,209.67,0.65,8.69,LUBRICATION_ISSUE
4208.03,0.8829,1044.91,509.03,229.28,4.78,4.95,LUBRICATION_ISSUE
3368.35,0.558,823.61,375.59,165.1,20.42,13.67,OVERHEATING
3194.44,0.4777,746.49,326.91,150.2,0.14,-0.9,NORMAL
3043.33,0.4239,705.25,305.9,165.6,-1.23,2.01,LUBRICATION_ISSUE
4142.95,0.8626,1027.4,496.63,202.53,2.68,1.8,NORMAL
3321.99,0.5339,811.82,376.61,159.94,25.39,24.75,OVERHEATING
3050.21,0.418,705.84,300.22,137.18,2.51,-1.78,NORMAL
3247.94,0.5114,808.78,358.57,156.4,39.56,17.04,OVERHEATING
3369.43,0.541,811.96,380.08,156.8,18.91,24.25,OVERHEATING
3202.25,0.5052,762.91,336.73,151.19,-0.3,-1.2,NORMAL
3167.85,0.4506,729.94,320.5,169.5,1.16,3.23,LUBRICATION_ISSUE
3131.66,0.4326,717.34,307.3,143.9,1.18,-2.39,NORMAL
3335.16,0.5352,787.96,354.16,157.93,0.06,1.42,NORMAL
3577.96,0.6392,902.81,411.2,176.36,40.37,13.73,OVERHEATING
3289.97,0.5052,810.65,354.94,160.06,43.03,14.37,OVERHEATING
3222.0,0.4848,749.12,329.93,150.42,-2.84,-1.25,NORMAL
2858.18,0.3368,644.52,269.76,130.72,-0.46,2.77,NORMAL
4003.2,0.8084,1012.88,501.6,199.34,27.7,30.5,OVERHEATING
3918.4,0.777,972.38,467.47,207.48,10.26,10.2,LUBRICATION_ISSUE
2915.83,0.3659,667.75,281.04,157.68,2.41,1.84,LUBRICATION_ISSUE
3889.57,0.7602,994.36,471.94,193.73,43.75,21.57,OVERHEATING
4309.77,0.9127,1089.8,536.77,201.9,26.71,18.92,OVERHEATING
3993.13,0.7971,974.0,464.63,195.13,-3.94,-2.13,NORMAL
3380.03,0.5578,801.07,363.58,160.14,-2.59,1.39,NORMAL
3308.11,0.5328,807.96,368.52,159.45,22.85,17.45,OVERHEATING
3030.66,0.3816,678.57,286.59,136.23,-1.93,-1.71,NORMAL
3230.83,0.5022,765.85,347.57,181.09,3.01,9.87,LUBRICATION_ISSUE
4043.84,0.8492,1011.02,496.44,224.42,-0.67,9.42,LUBRICATION_ISSUE
3463.43,0.5906,857.55,401.77,169.75,30.04,25.27,OVERHEATING
3622.81,0.6387,864.51,405.44,189.53,0.18,6.84,LUBRICATION_ISSUE
3178.48,0.4579,735.35,330.57,170.74,1.7,10.38,LUBRICATION_ISSUE
3778.83,0.7221,949.8,455.42,186.33,27.59,22.09,OVERHEATING
3033.24,0.4068,698.83,293.02,139.69,3.1,-4.42,NORMAL
3713.28,0.6581,920.24,424.72,178.88,39.73,16.41,OVERHEATING
4128.72,0.8585,1024.55,501.99,219.88,3.0,9.06,LUBRICATION_ISSUE
3687.21,0.7055,910.48,421.87,181.2,2.8,-2.73,NORMAL
3264.69,0.5079,770.5,344.57,174.69,2.51,3.78,LUBRICATION_ISSUE
3149.08,0.4598,733.6,324.05,170.03,0.26,4.04,LUBRICATION_ISSUE
3393.03,0.5602,808.95,369.27,183.18,3.17,5.8,LUBRICATION_ISSUE
3676.77,0.6773,891.64,424.24,198.52,1.45,10.12,LUBRICATION_ISSUE
3356.78,0.5427,832.68,378.09,164.02,39.22,22.02,OVERHEATING
4198.59,0.859,1064.71,518.54,201.91,39.4,23.36,OVERHEATING
2884.49,0.3651,662.52,289.64,160.54,-0.78,11.66,LUBRICATION_ISSUE
3652.34,0.6837,893.09,419.33,179.51,0.24,3.62,NORMAL
3149.36,0.4627,763.26,349.59,152.3,28.19,28.55,OVERHEATING
3320.23,0.551,829.31,380.94,164.44,32.7,22.98,OVERHEATING
3946.11,0.7817,965.68,467.55,222.04,-0.62,7.77,LUBRICATION_ISSUE
2835.9,0.3406,645.54,267.27,128.11,-0.59,-0.41,NORMAL
3732.85,0.6871,939.88,433.93,183.03,40.96,14.57,OVERHEATING
3066.4,0.433,717.95,314.24,167.67,4.81,6.36,LUBRICATION_ISSUE
4143.1,0.8727,1034.99,502.56,224.96,4.2,4.09,LUBRICATION_ISSUE
3701.57,0.702,957.46,449.75,183.29,51.18,25.99,OVERHEATING
4360.56,0.9404,1109.83,555.29,200.54,27.59,25.94,OVERHEATING
4251.87,0.901,1051.14,512.33,201.15,-2.07,0.41,NORMAL
3446.23,0.5896,828.18,382.85,192.26,2.11,7.21,LUBRICATION_ISSUE
3280.14,0.5341,785.98,348.47,153.66,1.52,-2.21,NORMAL
3145.52,0.4438,722.17,313.31,146.44,-1.39,-0.82,NORMAL
3918.66,0.7549,983.18,465.68,194.24,34.32,16.37,OVERHEATING
3879.12,0.7793,960.19,455.17,188.89,-1.33,-1.75,NORMAL
3009.55,0.4076,700.52,305.53,159.39,5.48,8.5,LUBRICATION_ISSUE
4174.85,0.8599,1022.24,497.23,199.79,-2.44,2.43,NORMAL
3577.89,0.6133,877.82,413.6,172.52,30.92,25.46,OVERHEATING
3321.44,0.5184,811.65,373.57,156.62,34.52,27.29,OVERHEATING
4028.08,0.8047,983.6,470.09,198.49,-0.61,-0.44,NORMAL
4270.32,0.89,1045.57,520.43,218.97,-1.94,11.93,LUBRICATION_ISSUE
3895.81,0.747,940.32,442.67,186.77,-2.7,-3.15,NORMAL
3660.52,0.6584,911.92,427.96,177.02,33.86,21.13,OVERHEATING
3417.03,0.5743,844.43,395.21,166.19,28.99,25.94,OVERHEATING
3163.45,0.4745,784.62,341.68,151.77,41.76,15.97,OVERHEATING
3425.92,0.5956,837.46,375.44,166.33,8.81,-1.74,NORMAL
4173.95,0.863,1027.5,496.67,198.01,1.02,0.78,NORMAL
3973.03,0.7729,961.33,466.07,222.18,-1.06,8.64,LUBRICATION_ISSUE
3903.37,0.7509,999.61,472.02,192.79,53.9,24.59,OVERHEATING
3550.46,0.607,879.54,405.19,169.53,37.81,20.15,OVERHEATING
3734.35,0.6832,898.63,426.5,202.82,1.97,8.5,LUBRICATION_ISSUE
4218.28,0.9078,1096.86,535.14,203.29,41.26,21.79,OVERHEATING
4401.97,0.9321,1080.49,527.42,197.61,1.13,-0.2,NORMAL
4194.75,0.8894,1078.45,526.7,201.53,35.1,20.69,OVERHEATING
3715.69,0.697,901.98,421.98,180.81,-2.01,-0.41,NORMAL
3727.95,0.6899,942.57,437.96,186.33,42.24,17.76,OVERHEATING
3658.38,0.6775,889.37,423.48,201.25,-0.02,9.85,LUBRICATION_ISSUE
3269.48,0.4998,799.81,363.74,155.04,36.45,25.72,OVERHEATING
3050.96,0.4327,760.02,328.86,147.53,47.83,21.54,OVERHEATING
4084.64,0.8593,1019.77,500.99,225.03,-0.07,9.09,LUBRICATION_ISSUE
3263.79,0.4972,763.71,334.93,151.88,2.2,-1.97,NORMAL
3491.89,0.6149,847.66,389.43,168.34,4.1,3.29,NORMAL
3187.68,0.4894,794.37,350.42,151.8,41.32,18.59,OVERHEATING
3421.72,0.597,827.73,376.03,165.8,-1.54,-1.53,NORMAL
3858.91,0.7496,944.0,445.77,190.12,1.32,0.16,NORMAL
3153.82,0.4652,740.66,327.7,169.27,3.86,5.61,LUBRICATION_ISSUE
3161.22,0.4522,735.67,314.47,143.06,6.27,-3.17,NORMAL
3456.13,0.5686,817.8,368.04,161.77,3.86,-0.33,NORMAL
3896.69,0.7421,942.04,443.72,188.24,1.95,-0.33,NORMAL
3268.84,0.4972,792.59,360.71,153.01,30.84,23.66,OVERHEATING
3285.59,0.5009,800.25,363.75,154.49,35.43,24.85,OVERHEATING
4045.25,0.808,988.57,471.3,198.54,1.54,-0.92,NORMAL
3273.18,0.5091,811.9,357.82,153.35,42.77,16.35,OVERHEATING
2961.12,0.379,674.06,297.05,159.98,-1.41,11.76,LUBRICATION_ISSUE
3555.18,0.6378,860.27,402.27,194.55,-0.14,6.03,LUBRICATION_ISSUE
2893.39,0.3624,664.39,287.52,146.58,2.27,10.26,LUBRICATION_ISSUE
3801.44,0.7225,947.18,450.49,189.41,23.61,16.35,OVERHEATING
2784.07,0.3125,630.56,254.57,126.45,3.89,-1.44,NORMAL
3282.0,0.5102,772.57,353.89,173.62,2.35,11.76,LUBRICATION_ISSUE
3198.37,0.477,743.18,328.49,146.67,-2.94,0.82,NORMAL
3433.92,0.5833,859.99,387.8,169.26,38.32,14.8,OVERHEATING
3762.6,0.7058,914.15,436.03,204.52,2.55,9.07,LUBRICATION_ISSUE
4032.9,0.8227,996.54,479.72,195.73,1.27,2.56,NORMAL
3631.88,0.6621,915.94,436.96,179.74,37.06,29.63,OVERHEATING
3829.56,0.7367,962.7,463.04,190.53,29.19,22.94,OVERHEATING
3585.59,0.636,863.99,407.26,192.88,3.09,10.72,LUBRICATION_ISSUE
2811.75,0.324,642.36,260.6,127.45,7.39,-0.38,NORMAL
3587.62,0.6083,845.29,394.42,193.02,0.94,7.81,LUBRICATION_ISSUE
3282.58,0.5173,775.21,345.05,154.39,0.73,0.36,NORMAL
3308.32,0.5306,783.37,352.19,157.07,-0.41,1.92,NORMAL
3908.51,0.7504,950.48,448.24,191.47,4.81,0.84,NORMAL
4204.56,0.8865,1041.47,511.17,219.82,-0.67,5.89,LUBRICATION_ISSUE
3157.74,0.4576,736.13,325.43,163.32,3.65,5.95,LUBRICATION_ISSUE
2974.76,0.3781,673.39,281.05,135.51,-2.23,-4.32,NORMAL
3632.66,0.6394,862.14,408.19,206.77,-3.14,9.02,LUBRICATION_ISSUE
3383.65,0.5635,805.34,364.57,161.57,-1.91,0.22,NORMAL
4102.9,0.8452,1013.79,484.66,200.33,1.5,-2.71,NORMAL
3431.2,0.556,808.05,374.7,182.18,2.91,11.61,LUBRICATION_ISSUE
3587.88,0.6181,848.36,394.79,202.26,-1.91,4.63,LUBRICATION_ISSUE
2709.46,0.3021,620.52,248.93,127.18,3.79,-1.1,NORMAL
3171.37,0.4761,741.21,325.03,147.82,-3.02,-1.52,NORMAL
4060.1,0.834,1050.82,506.52,202.59,47.42,24.48,OVERHEATING
3909.81,0.7775,1004.54,481.48,196.49,42.55,24.29,OVERHEATING
2790.02,0.3061,620.36,256.46,123.99,-2.78,2.58,NORMAL
4005.58,0.8103,989.56,470.65,200.03,3.12,-1.21,NORMAL
3525.51,0.603,835.33,378.8,168.83,-2.76,-4.05,NORMAL
3335.84,0.531,789.76,348.34,155.42,4.36,-2.9,NORMAL
4177.75,0.8831,1044.49,508.29,218.88,5.76,5.05,LUBRICATION_ISSUE
4207.55,0.8584,1025.43,496.82,198.81,0.0,1.56,NORMAL
3592.92,0.6435,867.6,405.28,194.09,1.84,5.82,LUBRICATION_ISSUE
3878.09,0.7397,972.38,467.35,193.16,34.63,24.69,OVERHEATING
3851.96,0.7202,917.22,435.01,184.45,-7.48,0.19,NORMAL
4304.65,0.9478,1111.08,548.26,203.96,27.18,17.91,OVERHEATING
2931.26,0.3627,668.54,288.68,154.09,4.37,10.18,LUBRICATION_ISSUE
3583.08,0.6427,896.74,424.94,175.06,31.99,26.09,OVERHEATING
3822.53,0.7252,928.13,443.02,208.27,1.88,7.27,LUBRICATION_ISSUE
4363.9,0.919,1071.25,519.6,200.19,1.67,-2.15,NORMAL
3783.87,0.7144,920.85,431.43,182.6,3.01,0.72,NORMAL
3722.08,0.6938,902.21,422.23,180.88,-0.19,0.79,NORMAL
2823.4,0.3322,635.51,265.8,126.85,-5.01,1.49,NORMAL
3636.55,0.6478,872.12,415.87,194.62,1.61,13.57,LUBRICATION_ISSUE
3211.2,0.4748,744.6,329.46,150.04,-0.81,2.21,NORMAL
4118.67,0.8472,1019.33,496.72,225.83,5.08,8.17,LUBRICATION_ISSUE
4154.92,0.8626,1026.18,496.23,200.97,0.86,1.04,NORMAL
3021.18,0.4082,693.4,306.05,168.92,-2.6,8.45,LUBRICATION_ISSUE
3045.28,0.4321,708.11,316.44,165.9,-3.43,9.51,LUBRICATION_ISSUE
3127.85,0.4481,729.36,328.23,165.53,4.13,13.09,LUBRICATION_ISSUE
3328.96,0.5216,800.68,376.11,158.16,21.25,28.46,OVERHEATING
4368.16,0.9398,1127.85,544.61,205.74,45.59,15.26,OVERHEATING
3939.86,0.7633,990.49,480.15,193.58,35.53,27.17,OVERHEATING
3986.02,0.7883,971.76,465.81,196.19,-0.5,2.45,NORMAL
3033.22,0.427,712.1,308.1,163.67,4.22,3.38,LUBRICATION_ISSUE
4211.91,0.8687,1031.51,507.1,221.58,-0.33,7.99,LUBRICATION_ISSUE
3827.26,0.7399,985.4,466.25,188.68,50.09,25.06,OVERHEATING
3323.54,0.5172,774.11,352.44,184.65,-2.4,6.53,LUBRICATION_ISSUE
3029.86,0.4241,708.06,300.52,142.12,2.1,-3.05,NORMAL
3026.95,0.4063,694.86,298.69,137.16,-0.26,1.61,NORMAL
3697.97,0.6767,919.59,437.57,180.62,28.68,23.03,OVERHEATING
4031.2,0.8117,993.9,477.99,227.09,5.34,4.85,LUBRICATION_ISSUE
4332.13,0.9302,1077.39,522.83,197.63,2.65,-2.02,NORMAL
3229.16,0.4818,783.08,353.85,157.5,32.52,23.52,OVERHEATING
2908.38,0.3576,655.88,276.36,132.86,-4.1,0.38,NORMAL
3188.94,0.4795,747.62,329.94,148.13,0.47,1.65,NORMAL
4265.54,0.9416,1124.68,552.89,203.33,46.46,25.96,OVERHEATING
2931.05,0.3829,672.16,287.64,138.13,-4.15,1.85,NORMAL
2977.47,0.3769,682.49,290.77,164.93,7.5,5.78,LUBRICATION_ISSUE
3785.64,0.7186,920.23,433.24,182.93,-0.21,0.97,NORMAL
4236.69,0.8847,1036.04,506.07,201.16,-6.63,0.47,NORMAL
3842.9,0.7444,934.53,449.87,203.86,-4.26,6.59,LUBRICATION_ISSUE
3017.15,0.425,711.02,309.3,165.5,5.17,5.78,LUBRICATION_ISSUE
3650.76,0.6466,915.25,421.72,179.29,44.74,19.41,OVERHEATING
3354.61,0.5408,796.44,365.56,184.28,4.23,10.23,LUBRICATION_ISSUE
3024.17,0.4074,700.3,301.35,170.95,4.68,3.98,LUBRICATION_ISSUE
4086.84,0.8155,1025.67,495.86,201.93,32.02,19.66,OVERHEATING
3643.76,0.6872,892.1,417.85,178.59,-2.39,1.15,NORMAL
3566.71,0.6358,892.59,422.92,176.49,32.77,27.03,OVERHEATING
3144.06,0.4749,767.48,353.42,153.01,25.32,28.12,OVERHEATING
3777.95,0.6963,911.21,429.58,210.2,4.56,5.59,LUBRICATION_ISSUE
3807.98,0.7249,919.61,444.12,217.76,-5.7,8.93,LUBRICATION_ISSUE
3439.63,0.5812,823.24,376.87,187.62,2.51,4.44,LUBRICATION_ISSUE
3590.54,0.6473,914.48,418.36,175.14,46.54,17.6,OVERHEATING
4253.51,0.8989,1057.67,518.01,217.61,5.63,6.79,LUBRICATION_ISSUE
3521.34,0.611,844.29,384.98,168.5,1.6,-0.63,NORMAL
4067.55,0.826,1024.49,496.05,198.55,25.53,16.67,OVERHEATING
3067.48,0.4212,710.11,309.89,160.3,4.0,6.22,LUBRICATION_ISSUE
3660.01,0.6711,883.13,410.17,176.32,-2.51,-1.22,NORMAL
4214.2,0.8656,1055.78,512.59,204.03,25.72,14.55,OVERHEATING
3379.6,0.5564,804.47,360.2,158.7,1.64,-1.5,NORMAL
3129.92,0.44,761.61,336.41,144.28,41.13,24.13,OVERHEATING
4314.76,0.9483,1122.46,548.33,205.49,37.71,17.48,OVERHEATING
3776.38,0.6924,905.85,430.18,201.9,1.61,7.63,LUBRICATION_ISSUE
3611.39,0.6238,856.18,393.0,171.15,1.31,0.08,NORMAL
3048.09,0.4037,696.37,306.69,167.67,1.76,9.92,LUBRICATION_ISSUE
3737.62,0.6926,903.79,432.73,197.46,1.37,11.28,LUBRICATION_ISSUE
3272.83,0.4949,765.62,334.39,154.23,5.02,-1.97,NORMAL
4057.15,0.8171,996.49,482.15,226.15,3.38,6.28,LUBRICATION_ISSUE
3794.27,0.6879,902.99,426.74,201.41,0.51,5.26,LUBRICATION_ISSUE
3819.13,0.7427,944.34,444.67,207.99,7.78,2.73,LUBRICATION_ISSUE
2855.96,0.3776,677.25,285.45,161.89,7.92,3.85,LUBRICATION_ISSUE
3138.37,0.47,736.87,332.05,171.66,-2.07,8.68,LUBRICATION_ISSUE
3420.94,0.5619,805.51,364.98,161.63,-2.7,0.06,NORMAL
4167.75,0.877,1033.63,501.58,199.15,-0.96,0.83,NORMAL
3412.9,0.5589,851.76,385.99,162.57,45.78,22.41,OVERHEATING
3381.54,0.5743,859.84,385.32,163.88,46.18,17.13,OVERHEATING
3399.21,0.537,790.77,355.2,156.71,-1.39,-0.09,NORMAL
3761.13,0.7056,906.09,426.69,181.03,-5.33,-0.16,NORMAL
3236.08,0.5065,768.31,348.02,179.47,2.6,8.6,LUBRICATION_ISSUE
3374.29,0.546,824.48,376.24,159.49,28.16,18.45,OVERHEATING
3728.41,0.6924,902.4,421.5,179.15,0.56,0.39,NORMAL
3235.79,0.4746,745.19,335.28,172.33,-1.36,7.35,LUBRICATION_ISSUE
2888.99,0.3836,677.91,291.23,148.53,3.29,6.45,LUBRICATION_ISSUE
3342.34,0.5291,782.52,366.35,176.25,-2.05,15.61,LUBRICATION_ISSUE
4145.55,0.8587,1019.78,495.24,231.15,-2.69,1.76,LUBRICATION_ISSUE
3419.66,0.5792,815.78,367.4,184.43,-2.7,-3.69,LUBRICATION_ISSUE
3510.16,0.6172,875.82,402.22,174.16,29.97,14.7,OVERHEATING
3097.19,0.4284,744.33,325.53,146.13,32.4,18.37,OVERHEATING
2920.4,0.3682,663.47,283.17,134.7,-3.48,3.01,NORMAL
3376.05,0.5574,799.72,361.55,163.75,-3.52,-0.4,NORMAL
3873.58,0.7576,949.3,454.24,216.47,1.07,5.29,LUBRICATION_ISSUE
3010.18,0.4165,702.65,300.47,142.7,2.23,0.22,NORMAL
3113.54,0.4474,762.94,341.53,145.9,38.8,27.05,OVERHEATING
4302.63,0.9347,1073.27,528.64,200.05,-2.68,3.07,NORMAL
3743.16,0.7011,905.43,426.84,181.59,-2.39,2.15,NORMAL
4158.04,0.8577,1072.0,512.77,204.7,49.47,19.25,OVERHEATING
3537.31,0.6009,838.49,390.03,187.96,1.06,7.58,LUBRICATION_ISSUE
3344.73,0.5407,799.92,365.45,184.91,8.29,10.47,LUBRICATION_ISSUE
3629.17,0.6752,888.76,413.65,179.24,2.2,1.71,NORMAL
4331.4,0.9293,1073.48,525.91,201.08,-0.69,1.42,NORMAL
4269.93,0.9228,1102.05,540.49,199.69,34.89,20.19,OVERHEATING
3060.57,0.4494,725.25,311.81,145.14,2.59,-1.78,NORMAL
3164.52,0.4692,738.88,325.41,148.45,-0.84,1.58,NORMAL
3781.37,0.7084,923.39,435.59,213.98,9.3,7.14,LUBRICATION_ISSUE
3267.07,0.5037,766.14,341.04,152.91,0.58,1.7,NORMAL
3763.78,0.7148,941.82,446.1,187.95,24.77,15.87,OVERHEATING
2847.64,0.3511,652.18,275.41,131.57,-0.84,3.6,NORMAL
4092.27,0.8413,1009.85,482.1,200.61,0.43,-3.55,NORMAL
3461.26,0.5963,851.76,391.96,170.76,20.92,13.46,OVERHEATING
4071.82,0.823,1001.78,487.01,231.21,4.37,8.57,LUBRICATION_ISSUE
3857.9,0.7493,939.79,448.38,188.52,-2.69,2.89,NORMAL
4061.6,0.8138,994.55,482.34,215.59,3.22,7.54,LUBRICATION_ISSUE
3278.98,0.5056,814.84,356.15,154.02,47.53,15.76,OVERHEATING
3601.96,0.6169,884.26,412.23,173.13,34.03,22.1,OVERHEATING
3984.31,0.7997,981.16,474.83,222.78,2.14,7.41,LUBRICATION_ISSUE
3863.59,0.7577,971.78,469.35,191.26,24.0,20.68,OVERHEATING
3217.39,0.4839,756.79,338.46,180.26,5.58,7.73,LUBRICATION_ISSUE
4192.74,0.8629,1025.99,493.01,202.03,-1.41,-3.43,NORMAL
3149.66,0.4811,746.04,336.79,177.44,-0.11,9.1,LUBRICATION_ISSUE
4110.58,0.826,1001.62,487.66,226.24,0.5,6.99,LUBRICATION_ISSUE
2681.64,0.3045,617.83,249.29,122.92,1.04,-0.79,NORMAL
4352.06,0.9158,1111.06,538.35,203.99,43.99,18.11,OVERHEATING
3563.09,0.6254,890.58,411.46,173.24,37.18,19.42,OVERHEATING
3634.71,0.6492,914.87,431.21,177.38,43.6,28.45,OVERHEATING
3720.17,0.6713,893.37,415.9,192.47,4.58,2.62,LUBRICATION_ISSUE
4176.89,0.8739,1078.95,522.54,202.44,45.79,22.64,OVERHEATING
3405.07,0.5723,813.74,369.48,160.28,0.11,1.3,NORMAL
3634.53,0.6701,884.68,417.84,198.16,0.89,7.57,LUBRICATION_ISSUE
2980.11,0.4108,691.95,300.16,138.58,-3.54,2.87,NORMAL
4267.5,0.9188,1098.7,537.81,198.19,34.07,19.03,OVERHEATING
3732.85,0.6682,886.63,412.71,177.78,-0.91,0.19,NORMAL
3397.78,0.5672,810.75,372.9,188.37,0.56,6.79,LUBRICATION_ISSUE
3476.12,0.5896,828.97,378.65,165.81,1.41,2.11,NORMAL
4074.72,0.8248,993.93,483.46,215.99,-4.7,4.28,LUBRICATION_ISSUE
3636.09,0.6593,904.83,433.95,178.89,27.48,27.54,OVERHEATING
3860.85,0.7353,934.4,449.42,219.34,0.19,8.89,LUBRICATION_ISSUE
4089.82,0.8466,1017.29,497.64,224.77,4.81,10.15,LUBRICATION_ISSUE
3573.69,0.6455,867.52,410.28,193.22,1.52,10.67,LUBRICATION_ISSUE
4278.79,0.8997,1058.13,518.51,231.64,4.37,6.26,LUBRICATION_ISSUE
3375.69,0.5448,816.04,373.19,160.49,20.34,15.77,OVERHEATING
3144.62,0.4516,730.87,326.14,168.19,2.66,9.22,LUBRICATION_ISSUE
3978.08,0.7923,970.53,462.63,196.1,-3.73,-1.92,NORMAL
4121.39,0.8399,1006.55,491.9,228.64,-3.43,5.91,LUBRICATION_ISSUE
4393.39,0.93,1078.92,525.75,202.79,1.22,-0.86,NORMAL
4088.31,0.8186,995.57,486.78,219.46,-0.01,9.44,LUBRICATION_ISSUE
3917.24,0.7681,997.49,468.98,190.84,40.75,14.94,OVERHEATING
2948.5,0.3866,680.36,288.94,136.75,0.95,1.3,NORMAL
3697.5,0.6812,924.28,434.43,182.18,30.68,18.27,OVERHEATING
4179.73,0.872,1035.04,511.29,224.24,2.85,11.98,LUBRICATION_ISSUE
3727.6,0.6838,900.89,428.04,197.55,4.25,10.05,LUBRICATION_ISSUE
4093.01,0.8355,1004.08,482.14,200.51,-1.84,-1.42,NORMAL
4282.39,0.9085,1060.98,515.34,199.91,1.75,-0.2,NORMAL
4063.01,0.8244,1024.89,499.7,202.83,27.08,21.02,OVERHEATING
3266.77,0.4954,761.22,342.24,168.69,0.65,5.89,LUBRICATION_ISSUE
3750.48,0.6933,899.68,419.53,181.14,-3.83,-2.58,NORMAL
4063.12,0.8141,1032.81,499.79,198.26,41.21,24.83,OVERHEATING
3440.57,0.5618,812.51,363.87,161.22,3.43,-1.58,NORMAL
4296.76,0.8988,1054.63,517.86,225.76,0.49,5.37,LUBRICATION_ISSUE
3693.65,0.6861,927.1,433.31,183.67,30.76,15.51,OVERHEATING
4207.84,0.8677,1033.01,498.32,198.16,2.02,-0.28,NORMAL
3899.81,0.7592,948.58,451.71,190.69,-1.94,1.4,NORMAL
3783.09,0.7001,914.92,432.23,205.66,5.71,6.7,LUBRICATION_ISSUE
3337.22,0.5323,793.23,358.24,183.32,7.01,6.51,LUBRICATION_ISSUE
4093.64,0.8538,1020.16,503.43,217.48,3.21,13.26,LUBRICATION_ISSUE
4120.1,0.8541,1052.07,511.59,200.33,33.59,20.51,OVERHEATING
3137.98,0.4549,725.2,318.23,149.26,-4.63,0.33,NORMAL
3752.96,0.697,942.82,449.63,184.8,36.95,26.11,OVERHEATING
3354.95,0.5355,791.67,352.09,157.72,2.63,-1.34,NORMAL
3235.54,0.4816,793.07,348.39,150.73,42.36,17.97,OVERHEATING
4116.08,0.8618,1061.09,511.92,202.5,38.23,18.21,OVERHEATING
3904.77,0.7603,949.33,453.25,188.0,-2.1,2.39,NORMAL
4347.06,0.944,1127.72,545.46,202.33,43.97,15.21,OVERHEATING
3936.18,0.7668,959.54,460.32,221.43,2.64,6.18,LUBRICATION_ISSUE
4059.18,0.836,1046.16,505.44,202.28,41.61,22.7,OVERHEATING
4175.42,0.8601,1022.98,493.78,198.35,-1.85,-1.12,NORMAL
2822.45,0.316,633.56,259.41,127.75,2.83,0.97,NORMAL
3096.07,0.4286,716.8,309.66,163.5,4.84,2.48,LUBRICATION_ISSUE
3544.3,0.629,854.18,390.35,171.82,-0.43,-2.42,NORMAL
3963.01,0.8224,991.98,473.85,198.89,0.39,-1.11,NORMAL
3186.37,0.4664,760.4,347.92,148.15,21.24,24.42,OVERHEATING
3685.76,0.6976,937.16,436.68,188.13,34.33,14.99,OVERHEATING
3615.24,0.6539,897.43,430.03,180.42,24.32,26.16,OVERHEATING
3699.39,0.6853,895.72,417.56,178.56,-0.45,-0.15,NORMAL
2921.06,0.3826,674.87,287.43,136.32,-0.76,2.06,NORMAL
3847.16,0.7451,943.27,451.0,208.41,3.84,7.34,LUBRICATION_ISSUE
3881.16,0.762,949.85,453.53,208.33,-1.39,2.78,LUBRICATION_ISSUE
3848.68,0.7337,933.75,440.38,183.64,1.11,0.79,NORMAL
3832.93,0.7384,931.46,442.5,205.58,-3.24,1.68,LUBRICATION_ISSUE
3477.38,0.5882,830.3,379.68,183.27,3.49,3.59,LUBRICATION_ISSUE
4318.56,0.9188,1108.83,547.64,205.71,41.59,27.3,OVERHEATING
3299.03,0.5209,775.38,353.3,177.01,-2.12,6.8,LUBRICATION_ISSUE
3237.46,0.4924,757.52,337.62,154.38,0.23,3.24,NORMAL
2978.65,0.3686,670.42,288.33,151.63,0.33,6.27,LUBRICATION_ISSUE
3234.84,0.4791,746.12,330.72,148.96,-3.1,1.19,NORMAL
3117.78,0.4484,719.97,314.59,147.47,-4.93,-0.35,NORMAL
3380.19,0.563,831.11,386.29,161.66,24.3,22.21,OVERHEATING
4233.5,0.8982,1052.43,514.39,220.21,1.83,4.03,LUBRICATION_ISSUE
4244.61,0.9084,1102.04,524.18,199.59,44.79,9.83,OVERHEATING
3405.77,0.5785,824.05,374.98,185.33,6.65,4.54,LUBRICATION_ISSUE
3103.75,0.4233,711.18,311.63,162.0,2.03,6.14,LUBRICATION_ISSUE
3395.12,0.5333,788.55,364.12,178.27,-1.2,10.27,LUBRICATION_ISSUE
4307.44,0.9428,1116.28,557.66,200.92,35.23,29.03,OVERHEATING
3830.46,0.7352,937.13,447.07,213.0,4.5,7.5,LUBRICATION_ISSUE
3903.35,0.7634,993.74,481.35,193.79,40.53,29.43,OVERHEATING
3727.5,0.706,908.49,426.56,180.61,-1.51,0.56,NORMAL
3395.27,0.5644,802.52,364.07,162.2,-5.89,-0.98,NORMAL
3967.17,0.8089,1014.15,482.34,203.23,30.42,12.1,OVERHEATING
3981.05,0.776,1011.32,485.67,197.72,46.65,26.87,OVERHEATING
2885.22,0.362,666.57,283.15,163.56,5.12,6.28,LUBRICATION_ISSUE
4317.14,0.9258,1108.0,543.35,204.3,36.66,20.54,OVERHEATING
2931.78,0.3784,680.76,291.25,163.69,7.13,7.07,LUBRICATION_ISSUE
3607.05,0.6381,861.69,397.88,169.99,-1.53,-0.05,NORMAL
3429.95,0.5725,812.72,373.07,164.44,-2.29,4.06,NORMAL
4335.21,0.9394,1106.24,552.08,205.12,25.83,23.83,OVERHEATING
3403.58,0.551,828.31,375.46,163.59,27.52,14.98,OVERHEATING
2980.16,0.4042,694.0,300.34,156.15,2.48,5.43,LUBRICATION_ISSUE
3027.89,0.4239,743.04,317.31,143.78,37.32,13.88,OVERHEATING
4265.64,0.9073,1060.03,519.69,200.79,2.34,5.08,NORMAL
3202.81,0.4954,781.72,356.59,155.99,24.32,22.15,OVERHEATING
4055.19,0.8114,1029.66,488.21,201.79,40.03,14.43,OVERHEATING
3543.27,0.6097,839.26,385.9,169.01,-3.72,0.12,NORMAL
3162.18,0.4411,721.8,320.57,168.72,-0.95,6.92,LUBRICATION_ISSUE
3285.23,0.5274,782.0,356.28,184.94,1.29,7.86,LUBRICATION_ISSUE
3719.61,0.6648,886.49,421.88,196.35,1.61,10.95,LUBRICATION_ISSUE
3563.59,0.6185,884.97,413.54,172.97,35.71,23.98,OVERHEATING
3295.04,0.51,769.86,341.5,155.11,-0.88,-0.94,NORMAL
3978.17,0.8052,983.55,477.63,230.29,1.52,8.41,LUBRICATION_ISSUE
3039.72,0.4184,737.43,320.97,143.92,34.42,19.16,OVERHEATING
3708.16,0.6961,904.84,431.72,199.74,1.8,9.89,LUBRICATION_ISSUE
2950.11,0.3999,689.06,292.77,138.64,1.62,0.3,NORMAL
3319.52,0.529,787.08,350.12,156.88,3.68,0.08,NORMAL
3360.99,0.5264,784.09,353.58,154.7,0.22,3.26,NORMAL
3322.13,0.5303,786.47,359.23,178.18,2.17,8.65,LUBRICATION_ISSUE
3618.73,0.6669,884.43,416.76,202.31,3.35,8.12,LUBRICATION_ISSUE
3397.77,0.5473,847.08,377.91,161.69,48.8,18.94,OVERHEATING
4234.4,0.8893,1048.25,511.91,221.15,2.94,4.72,LUBRICATION_ISSUE
3697.12,0.6961,923.94,432.62,183.89,21.42,11.11,OVERHEATING
3425.37,0.5691,854.02,390.48,162.87,41.28,22.84,OVERHEATING
3191.86,0.4635,768.35,348.5,150.65,30.67,25.89,OVERHEATING
4329.71,0.9278,1120.97,540.44,204.77,47.77,16.52,OVERHEATING
4282.12,0.9162,1085.48,538.54,202.21,21.68,20.26,OVERHEATING
4307.33,0.9301,1072.91,524.2,196.81,-0.5,0.16,NORMAL
2987.62,0.3941,689.95,297.69,165.61,4.09,6.18,LUBRICATION_ISSUE
4135.21,0.8324,1007.25,483.11,197.07,1.05,-0.61,NORMAL
3906.51,0.7708,980.77,473.57,192.61,22.96,18.88,OVERHEATING
3650.16,0.6448,874.42,411.95,191.7,5.02,10.31,LUBRICATION_ISSUE
3465.13,0.5965,834.17,391.32,190.68,3.05,12.65,LUBRICATION_ISSUE
3556.38,0.6332,858.39,405.91,194.54,0.62,11.26,LUBRICATION_ISSUE
3597.32,0.609,881.94,404.29,172.09,36.7,17.14,OVERHEATING
4124.76,0.8632,1051.73,513.57,203.9,27.56,19.07,OVERHEATING
3796.88,0.7147,945.26,451.1,185.63,26.62,19.92,OVERHEATING
3217.07,0.4803,750.32,337.54,177.76,1.31,8.13,LUBRICATION_ISSUE
4087.21,0.8134,993.25,486.43,231.04,0.83,10.97,LUBRICATION_ISSUE
3921.48,0.7901,1010.4,478.83,198.43,40.25,16.74,OVERHEATING
3395.8,0.5518,803.95,365.29,191.29,3.08,4.77,LUBRICATION_ISSUE
4258.41,0.9227,1067.07,523.96,200.01,0.55,4.05,NORMAL
3757.31,0.6967,908.37,424.2,180.38,2.46,0.65,NORMAL
4169.33,0.8608,1066.76,521.24,201.46,41.81,26.26,OVERHEATING
4146.37,0.8718,1070.44,512.1,202.81,40.06,13.87,OVERHEATING
3267.78,0.4996,801.58,364.93,156.52,38.45,27.05,OVERHEATING
3775.99,0.7102,919.3,428.44,187.07,4.36,-0.53,NORMAL
2890.17,0.3712,669.4,282.19,134.54,2.19,1.86,NORMAL
3621.02,0.6613,876.68,414.56,196.63,-1.13,7.88,LUBRICATION_ISSUE
3707.35,0.6743,890.26,415.97,178.76,0.34,2.01,NORMAL
4109.66,0.8523,1041.77,514.49,203.25,24.88,24.36,OVERHEATING
3527.86,0.6245,877.93,418.66,175.64,26.81,27.99,OVERHEATING
3606.57,0.6378,891.15,418.99,173.49,28.13,21.17,OVERHEATING
3844.67,0.7244,973.25,456.36,189.78,46.41,20.26,OVERHEATING
3031.1,0.4151,702.77,301.32,140.02,2.14,0.95,NORMAL
2928.84,0.3744,668.59,288.43,154.9,-2.48,5.79,LUBRICATION_ISSUE
2792.12,0.3159,632.32,256.44,127.94,3.2,-1.03,NORMAL
4300.73,0.9111,1102.77,544.83,199.96,41.08,27.81,OVERHEATING
3920.59,0.7517,948.0,449.61,191.61,0.94,1.37,NORMAL
3698.97,0.6787,938.71,440.04,181.27,46.55,24.74,OVERHEATING
3344.45,0.5241,782.09,355.41,180.89,0.42,6.41,LUBRICATION_ISSUE
4304.37,0.9285,1104.74,552.28,201.95,32.42,28.89,OVERHEATING
3260.77,0.5305,784.79,349.62,156.91,3.43,0.81,NORMAL
2879.53,0.3794,674.13,290.55,158.0,2.51,7.58,LUBRICATION_ISSUE
3453.16,0.583,876.8,394.19,172.34,54.36,20.73,OVERHEATING
3265.72,0.4988,812.33,352.74,157.68,49.76,15.2,OVERHEATING
4127.24,0.8271,1034.96,498.53,206.4,32.32,16.95,OVERHEATING
2937.63,0.3843,673.57,285.56,135.76,-3.89,-0.91,NORMAL
3904.27,0.775,961.93,453.47,195.67,1.7,-2.67,NORMAL
4224.77,0.8934,1096.05,522.41,202.49,48.79,14.05,OVERHEATING
4294.59,0.9337,1068.57,525.54,200.07,-6.37,0.58,NORMAL
3749.87,0.6857,934.23,440.3,183.64,35.32,20.96,OVERHEATING
3402.76,0.5436,798.74,357.58,158.58,2.42,-0.21,NORMAL
3536.36,0.6221,855.5,391.45,169.17,5.44,1.42,NORMAL
3002.3,0.4275,734.57,325.59,145.91,27.95,21.61,OVERHEATING
3855.83,0.7786,1003.44,479.35,198.14,43.51,23.39,OVERHEATING
3480.01,0.578,822.24,382.91,188.39,1.46,10.44,LUBRICATION_ISSUE
3632.07,0.6547,876.16,405.2,173.94,1.76,0.56,NORMAL
3256.23,0.4956,758.07,333.04,151.82,-2.11,-3.08,NORMAL
3659.45,0.6677,885.47,418.64,208.56,1.88,8.48,LUBRICATION_ISSUE
3605.2,0.6408,864.35,405.65,200.74,-0.39,6.8,LUBRICATION_ISSUE
3604.39,0.6559,919.74,429.75,174.64,45.98,25.49,OVERHEATING
2945.66,0.3861,682.46,291.34,167.37,3.5,3.96,LUBRICATION_ISSUE
3438.49,0.5863,828.16,384.02,190.1,4.43,9.79,LUBRICATION_ISSUE
3295.13,0.5178,777.57,349.36,175.72,2.11,4.09,LUBRICATION_ISSUE
3394.36,0.5472,842.76,381.0,164.24,44.71,22.17,OVERHEATING
3209.61,0.4627,739.29,320.32,148.99,1.21,-2.52,NORMAL
3475.12,0.5783,824.07,373.06,163.35,3.31,0.61,NORMAL
3178.45,0.4645,737.45,324.83,147.03,-0.19,2.25,NORMAL
3857.46,0.7366,939.71,440.95,184.78,4.87,0.04,NORMAL
3108.21,0.4402,752.17,335.98,148.4,32.61,24.25,OVERHEATING
3583.1,0.6187,851.47,397.05,193.59,1.08,6.82,LUBRICATION_ISSUE
3543.16,0.628,857.59,395.79,200.04,3.6,3.4,LUBRICATION_ISSUE
3441.56,0.583,860.39,384.57,166.84,38.53,11.45,OVERHEATING
4202.76,0.8709,1032.08,509.84,214.91,-0.6,10.23,LUBRICATION_ISSUE
3313.78,0.5397,794.03,365.97,177.42,4.5,12.26,LUBRICATION_ISSUE
3956.16,0.7778,1014.21,485.48,194.59,49.71,26.78,OVERHEATING
3424.66,0.5831,860.45,396.74,170.79,39.34,24.07,OVERHEATING
4210.9,0.8805,1043.38,507.22,223.34,4.56,3.93,LUBRICATION_ISSUE
3414.7,0.5598,832.32,379.41,163.89,25.72,15.46,OVERHEATING
4292.56,0.9343,1071.23,525.67,196.8,-3.95,0.56,NORMAL
4005.78,0.8145,991.81,485.0,218.91,2.84,11.61,LUBRICATION_ISSUE
3760.99,0.7067,940.97,445.07,188.02,28.89,17.82,OVERHEATING
3612.08,0.6542,874.08,406.14,197.23,0.94,2.25,LUBRICATION_ISSUE
3615.2,0.6494,898.87,420.52,177.83,28.48,18.28,OVERHEATING
4011.31,0.8146,987.85,487.38,216.94,-1.5,13.76,LUBRICATION_ISSUE
4331.74,0.9486,1121.03,557.85,204.31,35.26,26.39,OVERHEATING
3696.47,0.6768,932.96,429.51,184.87,42.08,14.98,OVERHEATING
3371.73,0.5334,782.97,358.47,179.63,-5.66,5.3,LUBRICATION_ISSUE
4015.32,0.8202,1019.25,498.45,203.08,26.37,22.71,OVERHEATING
4222.45,0.8844,1071.53,527.93,201.85,29.76,22.87,OVERHEATING
3868.57,0.7713,956.11,461.2,213.96,-0.12,7.46,LUBRICATION_ISSUE
3780.62,0.712,915.03,436.0,197.37,-1.2,6.26,LUBRICATION_ISSUE
3701.44,0.6752,894.52,420.84,205.78,4.36,6.74,LUBRICATION_ISSUE
4024.4,0.8149,1009.31,489.65,201.87,19.15,15.55,OVERHEATING
3452.8,0.5648,809.43,374.84,193.56,-2.1,7.93,LUBRICATION_ISSUE
3519.38,0.6225,887.1,417.92,170.5,37.64,28.25,OVERHEATING
3423.26,0.5747,821.19,367.83,164.36,5.18,-1.77,NORMAL
3811.77,0.7144,924.12,436.97,210.81,4.88,5.43,LUBRICATION_ISSUE
4006.26,0.7872,1004.5,474.43,197.31,31.84,10.83,OVERHEATING
4302.83,0.9396,1074.45,528.4,196.94,-4.46,1.06,NORMAL
3212.43,0.4992,753.18,337.17,154.49,-6.97,1.08,NORMAL
3192.48,0.4742,746.31,324.57,150.14,2.16,-1.92,NORMAL
3631.67,0.6512,869.92,402.97,175.66,-2.38,-0.41,NORMAL
3922.73,0.7575,954.35,450.56,190.42,3.71,0.18,NORMAL
3338.68,0.5273,786.79,349.09,156.01,3.47,-0.9,NORMAL
4129.68,0.8562,1023.68,489.96,200.92,3.48,-2.16,NORMAL
2992.93,0.388,686.12,289.26,136.18,3.68,-0.2,NORMAL
4138.32,0.8625,1026.5,502.34,219.3,2.09,7.69,LUBRICATION_ISSUE
3257.28,0.5,788.55,357.99,151.98,25.69,20.28,OVERHEATING
2942.1,0.4014,722.35,306.95,141.85,34.38,14.17,OVERHEATING
3166.02,0.4978,759.81,335.81,149.11,2.85,1.63,NORMAL
2845.64,0.3462,647.87,266.53,129.65,-2.11,-3.46,NORMAL
3187.46,0.4818,753.36,338.15,170.14,4.9,9.08,LUBRICATION_ISSUE
4320.67,0.9269,1067.86,525.15,199.0,-4.31,1.84,NORMAL
4207.62,0.8755,1036.82,510.65,219.23,1.13,9.24,LUBRICATION_ISSUE
3768.78,0.7117,916.72,437.17,195.31,1.29,7.91,LUBRICATION_ISSUE
2912.87,0.3594,665.76,275.77,131.51,4.49,-0.99,NORMAL
3459.79,0.5927,832.34,379.36,166.64,3.71,2.18,NORMAL
3594.41,0.6332,859.12,394.24,171.64,-0.54,-1.56,NORMAL
3955.71,0.798,982.82,470.14,218.96,6.25,4.2,LUBRICATION_ISSUE
3971.81,0.7717,1003.7,479.01,195.96,42.09,22.05,OVERHEATING
4136.02,0.8534,1018.56,493.15,199.56,-0.3,1.84,NORMAL
3911.22,0.7916,966.96,462.74,192.63,-3.54,0.44,NORMAL
3136.77,0.4388,716.74,318.78,173.9,-3.4,6.69,LUBRICATION_ISSUE
3758.24,0.6951,906.72,422.49,181.59,1.73,-0.51,NORMAL
3504.52,0.6072,844.42,387.36,200.32,4.9,3.64,LUBRICATION_ISSUE
3404.9,0.5747,811.48,370.77,163.88,-3.59,1.73,NORMAL
3545.93,0.6187,848.27,395.17,192.71,-0.22,6.08,LUBRICATION_ISSUE
3994.44,0.793,975.97,470.17,227.55,0.42,4.84,LUBRICATION_ISSUE
3455.64,0.5827,827.18,381.33,191.69,4.77,7.89,LUBRICATION_ISSUE
3269.82,0.5252,780.0,354.04,182.21,1.39,6.87,LUBRICATION_ISSUE
3348.51,0.5249,782.05,355.1,183.79,-0.32,5.68,LUBRICATION_ISSUE
3661.48,0.6621,884.39,417.45,195.06,4.03,9.23,LUBRICATION_ISSUE
2970.34,0.3953,687.17,298.47,159.36,1.49,7.06,LUBRICATION_ISSUE
3778.22,0.7279,927.64,444.28,208.88,1.98,8.89,LUBRICATION_ISSUE
4042.37,0.8239,996.65,478.82,199.5,0.19,0.94,NORMAL
3314.11,0.5332,788.19,353.27,157.89,2.59,1.91,NORMAL
3942.87,0.7825,965.18,460.57,194.02,-1.44,0.59,NORMAL
3376.28,0.5445,828.21,374.23,158.71,32.71,16.93,OVERHEATING
3531.34,0.6173,845.12,391.79,167.18,-1.84,3.62,NORMAL
4139.1,0.876,1036.94,502.91,198.87,4.37,3.36,NORMAL
3831.68,0.728,972.01,465.28,187.19,43.61,28.24,OVERHEATING
3177.38,0.457,736.01,318.3,146.92,2.92,-1.56,NORMAL
3368.66,0.5456,838.32,377.17,160.15,42.49,19.67,OVERHEATING
3589.63,0.6478,896.96,426.15,177.6,28.78,25.24,OVERHEATING
4123.39,0.8586,1022.17,495.77,230.15,0.83,2.97,LUBRICATION_ISSUE
3447.37,0.5779,818.21,371.65,160.84,-0.9,0.18,NORMAL
3798.3,0.7125,962.3,456.24,187.78,44.87,25.79,OVERHEATING
3661.8,0.6626,876.65,407.57,176.33,-4.01,-0.82,NORMAL
3625.36,0.6617,912.15,424.15,179.38,33.83,17.16,OVERHEATING
3701.37,0.6693,887.24,421.05,207.8,0.59,9.05,LUBRICATION_ISSUE
4032.89,0.8017,982.54,468.38,197.42,-0.12,-1.22,NORMAL
3156.95,0.4618,772.91,342.81,151.73,38.01,21.87,OVERHEATING
3101.05,0.4456,774.58,331.27,143.79,52.16,17.82,OVERHEATING
3770.89,0.715,917.65,435.18,209.75,0.08,4.64,LUBRICATION_ISSUE
4026.4,0.8069,1030.64,493.37,197.08,45.18,22.09,OVERHEATING
3924.48,0.7803,968.16,466.3,211.53,3.73,7.65,LUBRICATION_ISSUE
3142.49,0.4572,730.55,320.48,143.87,-0.91,1.6,NORMAL
4157.6,0.8647,1028.71,503.42,220.78,2.01,7.4,LUBRICATION_ISSUE
3567.12,0.6124,846.81,390.12,167.46,1.03,2.65,NORMAL
3909.99,0.7449,942.49,443.08,188.41,0.06,-2.38,NORMAL
4092.97,0.8306,1026.22,504.44,203.81,23.18,22.62,OVERHEATING
3116.97,0.4397,763.46,334.71,151.04,43.77,22.9,OVERHEATING
4334.47,0.9273,1108.64,544.04,200.85,35.55,20.18,OVERHEATING
3216.73,0.4776,788.56,343.78,153.32,41.18,15.35,OVERHEATING
3673.83,0.6737,918.26,430.32,180.96,30.37,17.58,OVERHEATING
3580.37,0.6299,857.07,391.44,172.51,0.14,-2.72,NORMAL
3196.36,0.495,762.76,335.9,151.52,5.96,1.82,NORMAL
3076.43,0.4288,757.31,329.87,140.77,46.21,23.21,OVERHEATING
3570.21,0.6185,888.39,404.32,170.73,38.77,14.55,OVERHEATING
3356.57,0.5037,815.84,364.28,157.67,45.76,22.23,OVERHEATING
3755.92,0.6931,902.86,427.7,206.12,-0.82,5.49,LUBRICATION_ISSUE
3013.9,0.4397,712.32,321.57,169.09,-2.19,12.86,LUBRICATION_ISSUE
3850.35,0.7302,933.11,440.13,186.38,2.45,1.73,NORMAL
3265.99,0.5129,795.15,365.04,155.22,24.14,22.44,OVERHEATING
3675.59,0.6717,927.12,434.46,183.84,40.33,22.38,OVERHEATING
4261.05,0.9282,1072.2,519.83,200.36,2.24,-2.15,NORMAL
2962.74,0.3688,669.48,281.68,134.99,0.08,0.05,NORMAL
4222.78,0.8946,1046.8,508.76,202.43,-1.12,0.01,NORMAL
3813.56,0.7239,926.7,435.11,187.55,1.65,0.09,NORMAL
3637.78,0.658,917.29,429.56,178.66,40.63,23.56,OVERHEATING
2980.31,0.3962,690.41,300.45,159.9,3.69,8.41,LUBRICATION_ISSUE
3018.92,0.393,685.18,290.59,137.0,-1.54,-1.44,NORMAL
4115.98,0.8705,1066.34,521.88,204.48,38.26,25.03,OVERHEATING
3059.55,0.4164,705.92,298.87,144.53,3.12,-2.81,NORMAL
3851.42,0.7335,932.42,440.27,186.79,-0.25,0.67,NORMAL
3089.8,0.4231,741.17,326.03,147.58,32.81,21.01,OVERHEATING
3784.14,0.7111,912.76,431.71,184.76,-3.08,2.2,NORMAL
3079.96,0.4282,707.92,317.73,161.14,-2.98,11.19,LUBRICATION_ISSUE
3583.98,0.6239,853.09,394.3,167.95,-0.47,2.16,NORMAL
3919.09,0.767,956.63,462.65,220.13,0.49,8.96,LUBRICATION_ISSUE
3087.67,0.4359,713.36,312.02,143.09,-2.55,2.47,NORMAL
2815.57,0.3338,642.85,263.21,127.44,1.81,-1.42,NORMAL
3400.72,0.5413,797.13,354.9,161.18,2.34,-1.97,NORMAL
2966.88,0.3919,692.83,297.79,164.28,9.32,7.68,LUBRICATION_ISSUE
3620.66,0.6398,908.58,411.91,173.22,43.65,12.95,OVERHEATING
3608.88,0.6493,903.14,428.89,177.79,33.1,26.87,OVERHEATING
3669.21,0.6846,896.1,426.64,208.04,1.88,10.1,LUBRICATION_ISSUE
4048.02,0.8263,1000.71,478.55,198.03,2.53,-0.35,NORMAL
3771.7,0.7107,954.08,447.96,185.96,39.07,18.95,OVERHEATING
3012.14,0.4006,693.12,297.65,167.62,2.17,3.07,LUBRICATION_ISSUE
3918.48,0.7619,981.7,464.55,191.64,28.65,12.72,OVERHEATING
3861.8,0.7422,941.11,451.75,206.74,2.72,8.72,LUBRICATION_ISSUE
3306.18,0.5146,807.34,361.52,158.52,33.27,17.08,OVERHEATING
3200.85,0.4748,745.82,334.86,178.75,0.92,7.92,LUBRICATION_ISSUE
3122.68,0.4595,779.07,332.04,152.63,47.25,12.94,OVERHEATING
3190.5,0.4754,744.49,337.24,180.03,-0.3,10.37,LUBRICATION_ISSUE
3462.62,0.5901,854.37,400.24,170.88,27.19,23.93,OVERHEATING
3309.78,0.5321,787.14,346.92,158.29,2.37,-3.94,NORMAL
4195.24,0.8729,1076.82,510.76,202.76,43.35,10.68,OVERHEATING
3515.06,0.6167,866.79,407.01,174.9,20.99,19.53,OVERHEATING
3387.12,0.5391,839.52,381.47,162.5,46.73,25.8,OVERHEATING
4096.67,0.8533,1012.81,495.45,224.25,-4.01,5.36,LUBRICATION_ISSUE
3284.0,0.5103,770.78,347.37,178.75,0.39,5.14,LUBRICATION_ISSUE
3722.63,0.674,907.71,433.12,179.96,17.19,18.81,OVERHEATING
3713.4,0.6739,932.79,436.94,179.82,42.8,22.94,OVERHEATING
4045.78,0.8113,1021.38,493.13,204.22,32.33,19.7,OVERHEATING
2952.55,0.3686,670.28,283.88,132.9,1.52,2.62,NORMAL
3917.15,0.7727,964.18,453.22,189.69,4.72,-2.45,NORMAL
4256.34,0.9199,1112.67,546.73,204.33,47.94,27.89,OVERHEATING
3359.96,0.5305,812.07,371.55,159.36,25.76,19.77,OVERHEATING
3231.86,0.4804,753.97,337.12,166.59,4.12,7.2,LUBRICATION_ISSUE
2989.9,0.3849,686.93,295.85,160.71,6.51,7.6,LUBRICATION_ISSUE
4289.56,0.9158,1093.69,539.06,204.79,29.73,20.68,OVERHEATING
4276.22,0.8867,1053.07,511.41,219.24,7.23,3.91,LUBRICATION_ISSUE
3641.41,0.66,909.87,432.97,181.5,31.77,26.11,OVERHEATING
3865.03,0.7549,949.76,451.06,220.34,3.55,3.34,LUBRICATION_ISSUE
3507.7,0.6137,835.83,386.28,170.14,-7.77,0.12,NORMAL
3730.77,0.6975,949.26,449.71,185.01,44.25,26.7,OVERHEATING
3791.87,0.7035,913.31,432.44,212.51,1.62,5.43,LUBRICATION_ISSUE
3784.83,0.7166,919.81,436.46,183.39,0.59,4.93,NORMAL
3034.25,0.4275,713.55,314.56,175.09,5.37,9.65,LUBRICATION_ISSUE
4247.2,0.8915,1052.15,509.1,200.47,4.92,0.76,NORMAL
3610.85,0.6459,865.2,397.63,173.92,-2.87,-3.21,NORMAL
3228.29,0.4922,786.85,349.26,152.66,30.12,15.22,OVERHEATING
3231.72,0.5066,764.2,345.95,181.87,-1.33,6.64,LUBRICATION_ISSUE
3935.97,0.7794,963.61,455.98,191.51,-0.85,-2.69,NORMAL
2978.88,0.3994,687.1,291.95,136.42,-1.46,-1.18,NORMAL
3601.05,0.6352,905.42,413.38,176.2,44.23,16.67,OVERHEATING
4112.6,0.8566,1046.44,507.97,202.68,26.85,16.22,OVERHEATING
3294.26,0.5139,774.06,351.45,183.76,1.01,7.62,LUBRICATION_ISSUE
4174.91,0.8678,1034.21,502.7,230.68,4.79,5.05,LUBRICATION_ISSUE
3961.41,0.8023,982.18,473.43,222.97,2.73,5.76,LUBRICATION_ISSUE
4240.47,0.9082,1092.77,541.33,204.95,35.82,27.15,OVERHEATING
4004.25,0.8094,984.59,478.44,229.24,-1.24,6.94,LUBRICATION_ISSUE
4118.86,0.8393,1039.26,512.3,200.25,29.73,26.59,OVERHEATING
3516.27,0.6256,855.67,393.81,186.95,4.52,3.12,LUBRICATION_ISSUE
4199.58,0.8771,1036.2,509.11,231.37,-0.01,7.38,LUBRICATION_ISSUE
4189.58,0.8778,1037.89,505.05,222.81,1.71,3.34,LUBRICATION_ISSUE
3250.67,0.5039,800.83,354.3,152.63,35.96,15.38,OVERHEATING
4022.46,0.8035,989.73,468.65,198.04,6.5,-1.29,NORMAL
3363.92,0.5491,793.3,359.24,161.34,-4.35,0.65,NORMAL
3741.61,0.7018,908.8,426.03,182.95,0.61,1.12,NORMAL
3382.47,0.5443,817.0,379.13,163.8,21.31,21.72,OVERHEATING
2874.22,0.3597,658.26,279.71,153.52,-1.25,4.0,LUBRICATION_ISSUE
3409.96,0.5688,816.35,377.52,181.16,4.58,10.46,LUBRICATION_ISSUE
3337.09,0.5397,790.28,364.78,182.07,-0.4,10.38,LUBRICATION_ISSUE
3595.15,0.6308,857.68,396.0,172.98,-0.55,1.07,NORMAL
3813.42,0.7172,916.62,440.09,208.0,-4.34,7.51,LUBRICATION_ISSUE
4056.76,0.8324,1040.01,509.77,202.13,37.73,28.4,OVERHEATING
3236.08,0.5003,770.53,342.5,182.38,8.53,5.3,LUBRICATION_ISSUE
4262.7,0.8985,1086.24,532.55,201.76,34.01,21.21,OVERHEATING
3554.61,0.6193,850.24,395.34,200.24,0.94,5.76,LUBRICATION_ISSUE
3252.46,0.4974,802.83,349.31,156.69,41.78,12.68,OVERHEATING
3285.53,0.5414,833.82,368.57,157.78,44.71,15.09,OVERHEATING
2812.36,0.3555,652.87,279.47,149.24,-1.03,7.13,LUBRICATION_ISSUE
3025.34,0.4076,696.66,305.41,158.9,0.8,7.89,LUBRICATION_ISSUE
4010.65,0.8054,980.74,473.06,223.44,-3.05,2.78,LUBRICATION_ISSUE
4168.82,0.8715,1031.03,504.9,221.49,-0.33,6.09,LUBRICATION_ISSUE
4085.33,0.8428,1010.05,497.62,221.45,0.12,11.67,LUBRICATION_ISSUE
4172.94,0.8655,1026.76,497.3,199.49,-1.17,0.54,NORMAL
2902.82,0.3709,664.31,281.11,133.85,-3.34,0.52,NORMAL
3895.46,0.759,978.35,480.78,189.81,28.19,30.69,OVERHEATING
3128.57,0.4475,732.82,323.02,161.5,7.9,8.07,LUBRICATION_ISSUE
3802.07,0.7128,968.63,440.22,184.79,50.83,9.54,OVERHEATING
3850.9,0.7488,942.44,444.85,188.03,0.64,-0.22,NORMAL
3139.95,0.4699,766.52,335.37,153.47,27.55,11.99,OVERHEATING
3929.97,0.7923,975.0,470.15,224.95,3.1,7.01,LUBRICATION_ISSUE
4195.59,0.8935,1046.73,505.86,199.04,0.86,-1.66,NORMAL
3604.55,0.6475,867.42,400.73,174.63,-1.29,-0.49,NORMAL
3528.78,0.5913,827.15,389.71,190.31,-4.06,10.99,LUBRICATION_ISSUE
3845.25,0.7143,942.17,450.34,184.76,21.35,17.84,OVERHEATING
3130.97,0.4512,727.36,321.21,172.36,0.12,4.87,LUBRICATION_ISSUE
3660.03,0.6705,909.02,427.53,176.94,23.73,16.36,OVERHEATING
4060.62,0.8391,1004.12,486.51,230.41,-2.35,2.63,LUBRICATION_ISSUE
3123.47,0.4561,730.25,328.56,169.53,0.41,10.66,LUBRICATION_ISSUE
3594.47,0.6588,873.39,406.96,174.96,-1.63,1.94,NORMAL
4020.35,0.8049,986.74,479.55,224.86,2.76,9.16,LUBRICATION_ISSUE
3950.34,0.7726,967.2,463.21,221.97,6.11,6.56,LUBRICATION_ISSUE
4152.3,0.8468,1043.9,500.14,207.42,28.19,10.72,OVERHEATING
4106.34,0.8449,1054.25,508.47,205.46,41.97,21.1,OVERHEATING
3845.51,0.7146,920.95,430.93,182.58,-0.06,-1.68,NORMAL
2774.11,0.3006,615.51,251.81,125.64,-3.56,0.36,NORMAL
3100.98,0.4522,759.88,330.04,150.51,33.48,14.21,OVERHEATING
3327.56,0.5275,809.17,366.73,159.13,26.28,17.0,OVERHEATING
3765.77,0.7062,915.57,429.79,212.79,3.58,2.59,LUBRICATION_ISSUE
3880.34,0.7596,956.49,461.0,213.48,6.71,11.13,LUBRICATION_ISSUE
3859.69,0.7609,989.12,467.44,194.07,39.58,17.71,OVERHEATING
4155.2,0.8582,1021.26,498.52,218.8,-1.41,4.92,LUBRICATION_ISSUE
3646.89,0.6682,882.66,418.28,199.09,-0.61,8.32,LUBRICATION_ISSUE
3644.84,0.6781,886.05,412.91,176.38,-3.07,-0.56,NORMAL
3990.79,0.8166,1021.72,487.23,198.16,32.21,13.53,OVERHEATING
3351.76,0.5367,789.01,359.25,187.87,-0.59,5.49,LUBRICATION_ISSUE
3818.28,0.7261,925.11,432.38,181.97,-1.45,-3.56,NORMAL
3179.14,0.4617,774.37,348.03,145.64,38.38,26.43,OVERHEATING
3202.98,0.4974,802.05,363.76,153.56,43.45,28.6,OVERHEATING
2984.28,0.4181,700.24,299.56,137.51,0.14,-0.5,NORMAL
2899.13,0.3496,652.84,277.19,128.1,-1.85,4.38,NORMAL
3845.55,0.7391,944.89,445.38,207.12,9.12,3.93,LUBRICATION_ISSUE
3746.65,0.6952,908.04,431.49,203.93,3.59,8.82,LUBRICATION_ISSUE
4340.62,0.9331,1100.94,550.14,203.48,24.03,23.99,OVERHEATING
3922.14,0.7711,957.45,458.15,192.05,-1.32,2.89,NORMAL
3276.44,0.5172,778.95,346.9,155.26,4.8,2.4,NORMAL
3436.59,0.5663,811.32,376.73,187.12,-0.28,9.77,LUBRICATION_ISSUE
4069.27,0.8072,1026.23,491.08,204.18,38.46,18.42,OVERHEATING
3753.07,0.7118,914.96,427.85,184.33,0.23,-0.99,NORMAL
3142.62,0.4425,722.45,318.92,176.44,-0.16,5.36,LUBRICATION_ISSUE
3516.7,0.6107,891.71,411.94,170.85,49.46,26.59,OVERHEATING
4299.33,0.924,1093.44,545.93,204.54,24.04,24.3,OVERHEATING
3587.83,0.6202,851.31,392.8,169.75,-0.19,1.9,NORMAL
3259.53,0.5133,769.76,346.11,184.82,-1.17,3.55,LUBRICATION_ISSUE
3374.27,0.5166,777.78,348.68,154.76,-0.92,1.46,NORMAL
3751.35,0.6986,950.14,444.66,181.11,43.42,20.63,OVERHEATING
3183.98,0.4699,766.81,336.28,148.63,25.68,11.6,OVERHEATING
3618.7,0.6423,913.77,414.41,177.75,47.44,14.6,OVERHEATING
2773.74,0.306,620.13,257.1,125.17,-2.14,3.73,NORMAL
3904.47,0.7571,987.49,473.3,191.33,38.02,23.61,OVERHEATING
3955.41,0.7496,943.74,458.41,207.59,-3.77,9.9,LUBRICATION_ISSUE
3830.68,0.7306,958.45,458.39,189.29,28.56,20.45,OVERHEATING
3271.42,0.506,763.43,340.65,154.01,-3.74,0.35,NORMAL
3420.97,0.5817,851.58,389.16,166.53,31.53,17.13,OVERHEATING
3400.12,0.5497,799.34,369.65,179.66,-0.5,9.75,LUBRICATION_ISSUE
3045.04,0.4417,717.27,318.03,166.68,-0.01,7.67,LUBRICATION_ISSUE
3108.47,0.4514,769.91,331.23,143.3,43.64,15.46,OVERHEATING
2923.17,0.38,676.12,290.5,153.18,1.94,5.99,LUBRICATION_ISSUE
3721.72,0.7059,931.73,445.15,186.42,22.13,19.39,OVERHEATING
3878.64,0.741,937.18,441.35,189.14,-1.37,-1.78,NORMAL
4049.13,0.8235,1041.57,494.36,201.52,45.02,16.43,OVERHEATING
3814.5,0.7194,919.6,434.65,184.23,-2.74,1.24,NORMAL
3479.35,0.5628,813.99,366.95,161.93,2.35,-0.04,NORMAL
3590.65,0.6549,877.49,408.2,197.69,5.01,4.72,LUBRICATION_ISSUE
4173.6,0.8802,1043.57,506.68,226.53,6.77,4.6,LUBRICATION_ISSUE
3391.28,0.5629,802.21,362.16,163.32,-5.12,-2.23,NORMAL
3042.26,0.4222,749.97,325.38,143.43,44.55,22.13,OVERHEATING
4106.54,0.8297,1053.11,497.06,203.57,49.93,15.16,OVERHEATING
4244.3,0.8772,1044.17,509.37,230.6,5.63,6.25,LUBRICATION_ISSUE
3623.45,0.6251,897.31,405.31,174.21,41.11,11.59,OVERHEATING
3541.3,0.6135,875.78,404.64,172.42,30.64,17.55,OVERHEATING
3366.88,0.556,802.84,363.18,160.01,0.89,2.01,NORMAL
3184.26,0.4716,743.86,322.97,147.1,1.66,-2.35,NORMAL
4052.12,0.8292,1001.11,478.05,198.32,0.99,-2.02,NORMAL
3181.35,0.4798,747.93,334.68,174.68,1.0,6.51,LUBRICATION_ISSUE
3249.1,0.4709,765.52,343.25,151.09,20.5,16.24,OVERHEATING
4084.98,0.847,1054.74,514.09,204.02,42.29,26.62,OVERHEATING
2854.61,0.3403,644.72,270.18,129.65,-2.2,2.03,NORMAL
3579.45,0.6066,847.73,387.13,167.37,4.78,1.36,NORMAL
3196.7,0.483,750.98,339.97,172.91,1.34,10.19,LUBRICATION_ISSUE
3556.58,0.6363,898.97,416.92,173.48,39.39,21.17,OVERHEATING
3360.5,0.5435,801.17,357.28,160.19,7.04,0.81,NORMAL
2728.42,0.3212,627.18,258.4,124.36,-1.97,0.91,NORMAL
3964.22,0.7872,1011.53,480.12,201.31,41.02,17.81,OVERHEATING
3712.73,0.6741,894.31,421.73,194.03,4.24,7.69,LUBRICATION_ISSUE
4103.19,0.8367,1006.61,484.45,200.67,-0.57,0.13,NORMAL
3944.06,0.7708,995.3,475.03,197.33,35.61,19.22,OVERHEATING
3961.4,0.7719,1005.04,470.16,198.88,43.84,13.44,OVERHEATING
3637.24,0.6575,877.56,418.78,195.48,1.23,12.98,LUBRICATION_ISSUE
3538.62,0.622,847.93,398.44,192.78,-2.19,8.37,LUBRICATION_ISSUE
3686.68,0.6847,929.2,442.41,183.16,34.04,25.31,OVERHEATING
4243.58,0.8895,1045.69,505.17,201.59,-0.21,-2.37,NORMAL
3077.02,0.4229,711.22,311.11,158.6,3.66,6.57,LUBRICATION_ISSUE
3705.66,0.6722,925.83,426.85,179.39,37.25,13.7,OVERHEATING
3684.85,0.67,893.11,407.83,177.13,6.83,-3.93,NORMAL
3555.46,0.6196,848.77,400.57,198.31,-0.77,10.85,LUBRICATION_ISSUE
3209.35,0.4872,781.59,354.11,153.76,28.8,22.44,OVERHEATING
3480.2,0.5914,833.05,385.84,191.74,4.22,8.55,LUBRICATION_ISSUE
3279.63,0.5045,769.72,346.71,169.34,3.03,6.69,LUBRICATION_ISSUE
3093.53,0.4237,711.24,314.75,157.95,2.34,9.41,LUBRICATION_ISSUE
3694.73,0.6775,897.84,428.04,201.86,6.61,13.3,LUBRICATION_ISSUE
3622.72,0.6242,858.96,401.62,185.76,3.3,8.22,LUBRICATION_ISSUE
4225.87,0.8923,1080.1,516.7,204.1,33.43,8.7,OVERHEATING
3131.95,0.4475,721.71,323.92,165.41,-3.37,8.87,LUBRICATION_ISSUE
2917.07,0.3524,658.25,274.28,130.21,0.95,-0.09,NORMAL
2940.92,0.3851,683.24,297.75,149.9,5.14,10.89,LUBRICATION_ISSUE
3160.15,0.4663,785.67,348.92,150.55,47.91,26.26,OVERHEATING
3752.2,0.7,903.74,423.18,180.15,-3.88,-1.39,NORMAL
3073.13,0.4272,742.1,322.55,142.99,32.13,16.57,OVERHEATING
3928.13,0.7792,968.32,468.65,215.88,4.4,10.3,LUBRICATION_ISSUE
4236.53,0.8904,1044.37,514.49,220.78,-1.69,6.85,LUBRICATION_ISSUE
2881.75,0.3445,650.16,272.62,133.7,-0.63,2.15,NORMAL
2886.57,0.3505,660.27,274.69,130.06,5.63,1.9,NORMAL
3278.63,0.5103,774.46,349.04,181.93,4.34,6.97,LUBRICATION_ISSUE
3470.94,0.5895,868.69,402.11,165.43,41.45,25.77,OVERHEATING
4122.84,0.8586,1018.99,497.54,225.71,-2.32,4.75,LUBRICATION_ISSUE
3155.12,0.4788,748.71,327.67,148.76,3.67,0.64,NORMAL
4150.4,0.8428,1050.23,503.8,204.79,37.05,15.9,OVERHEATING
3972.09,0.8019,1018.64,480.56,198.35,38.9,12.72,OVERHEATING
3387.89,0.5528,798.65,364.88,187.95,-2.43,4.24,LUBRICATION_ISSUE
3865.81,0.7633,988.48,466.13,188.76,37.23,15.39,OVERHEATING
3760.72,0.7118,913.84,426.48,183.17,-1.25,-2.58,NORMAL
3964.98,0.782,967.72,465.56,216.97,0.27,5.09,LUBRICATION_ISSUE
3466.59,0.5698,814.09,370.16,162.32,-1.15,1.02,NORMAL
4281.05,0.9318,1076.63,522.41,198.78,3.49,-1.47,NORMAL
2932.3,0.3793,674.19,284.07,135.43,-0.02,-0.46,NORMAL
3180.82,0.473,741.17,326.03,149.98,-1.65,0.34,NORMAL
3424.6,0.5559,804.49,364.56,160.4,-0.26,1.71,NORMAL
3464.16,0.572,811.18,367.47,163.67,-5.2,-2.36,NORMAL
2830.09,0.3529,651.63,269.78,130.86,-1.64,-2.18,NORMAL
3475.97,0.5838,831.98,372.84,166.25,7.9,-1.61,NORMAL
3540.27,0.6223,851.08,390.21,171.86,0.67,-0.03,NORMAL
3067.99,0.4174,704.23,303.19,140.44,0.4,0.89,NORMAL
4335.12,0.938,1105.42,555.04,201.11,25.84,27.29,OVERHEATING
3821.14,0.7382,930.19,439.91,187.49,-3.77,-0.47,NORMAL
3823.66,0.7373,935.85,442.35,189.61,2.32,2.22,NORMAL
3395.35,0.5638,808.11,372.98,185.34,0.04,8.14,LUBRICATION_ISSUE
3680.18,0.6604,920.35,427.26,176.98,40.11,19.12,OVERHEATING
3981.0,0.7928,1008.56,481.17,199.59,33.84,16.33,OVERHEATING
3451.5,0.5817,827.37,378.71,196.33,5.79,5.76,LUBRICATION_ISSUE
3035.91,0.4171,747.76,323.78,143.93,45.72,22.55,OVERHEATING
3709.64,0.7,904.25,427.99,206.36,-1.26,4.68,LUBRICATION_ISSUE
3489.97,0.5987,882.74,403.1,168.57,49.03,22.88,OVERHEATING
3141.72,0.4393,750.75,331.68,147.65,30.07,19.27,OVERHEATING
4001.44,0.7943,999.48,488.81,196.42,22.84,22.82,OVERHEATING
3524.39,0.6068,869.11,396.07,169.29,28.82,11.89,OVERHEATING
3431.71,0.5585,839.82,379.86,163.74,33.15,15.85,OVERHEATING
4357.12,0.9172,1119.07,546.71,204.73,50.89,25.8,OVERHEATING
3826.96,0.7054,943.78,456.81,183.73,29.19,28.06,OVERHEATING
3183.97,0.4809,750.92,326.63,148.41,3.16,-2.03,NORMAL
3218.44,0.4797,748.44,332.99,175.89,-0.28,3.75,LUBRICATION_ISSUE
4203.24,0.8819,1039.0,505.13,222.81,-0.32,1.55,LUBRICATION_ISSUE
3911.29,0.7608,947.67,453.28,211.79,-4.4,2.04,LUBRICATION_ISSUE
2915.14,0.3668,667.0,294.32,164.9,1.19,14.83,LUBRICATION_ISSUE
4214.24,0.8849,1043.19,501.86,199.21,1.55,-3.13,NORMAL
3303.96,0.5197,811.46,367.17,160.43,34.44,20.95,OVERHEATING
4376.22,0.9263,1075.22,526.85,198.91,0.65,2.11,NORMAL
4347.61,0.9359,1113.62,553.18,203.8,34.72,25.83,OVERHEATING
4131.51,0.8682,1028.17,499.32,223.36,0.65,2.81,LUBRICATION_ISSUE
3990.52,0.808,987.9,477.5,226.61,3.56,6.9,LUBRICATION_ISSUE
3048.08,0.4208,702.38,301.39,143.87,-2.48,-1.52,NORMAL
3737.37,0.6921,902.63,426.71,203.42,0.48,5.43,LUBRICATION_ISSUE
3968.14,0.794,969.84,470.6,224.78,-4.98,5.7,LUBRICATION_ISSUE
3686.87,0.6686,910.02,423.12,179.11,24.52,11.83,OVERHEATING
4084.43,0.8191,1018.96,494.66,199.04,23.27,17.25,OVERHEATING
4039.07,0.8134,991.22,480.38,216.78,1.25,6.4,LUBRICATION_ISSUE
3574.31,0.6106,875.25,401.88,172.65,30.21,14.85,OVERHEATING
4212.18,0.8886,1043.02,518.67,229.59,-0.73,12.41,LUBRICATION_ISSUE
3441.08,0.5929,829.37,378.78,167.87,1.61,2.12,NORMAL
3458.45,0.5932,865.42,393.38,169.03,36.55,16.05,OVERHEATING
3157.01,0.4671,733.48,326.86,174.01,-4.65,3.98,LUBRICATION_ISSUE
3666.83,0.6421,901.1,416.26,174.68,32.51,15.1,OVERHEATING
4232.39,0.8984,1050.21,509.67,197.98,-0.48,-0.74,NORMAL
4044.33,0.8293,998.9,478.67,198.9,-0.93,-1.23,NORMAL
3039.44,0.4137,724.72,320.1,142.48,24.51,19.97,OVERHEATING
4312.97,0.9207,1073.0,518.17,202.77,4.95,-2.65,NORMAL
3140.84,0.4717,742.37,328.69,176.97,2.32,4.66,LUBRICATION_ISSUE
3159.02,0.4824,776.71,339.84,150.96,29.3,11.4,OVERHEATING
4189.84,0.8781,1074.33,519.0,203.08,37.96,17.18,OVERHEATING
4005.57,0.8014,987.65,478.18,216.99,6.56,9.53,LUBRICATION_ISSUE
3500.26,0.6073,835.91,388.23,188.99,-3.48,4.59,LUBRICATION_ISSUE
4019.16,0.7897,1019.19,480.25,194.22,44.4,15.38,OVERHEATING
3597.37,0.6282,903.81,412.84,177.93,47.04,18.78,OVERHEATING
3512.3,0.6127,843.4,384.23,168.08,0.14,-1.72,NORMAL
3238.5,0.4689,743.13,333.57,167.58,-0.14,7.61,LUBRICATION_ISSUE
4290.07,0.9255,1069.92,519.16,201.05,0.1,-2.73,NORMAL
3724.44,0.7054,911.93,427.29,180.17,2.49,1.62,NORMAL
3213.8,0.5096,766.83,346.13,179.14,0.35,6.24,LUBRICATION_ISSUE
3112.62,0.4346,744.77,334.26,144.63,28.38,24.43,OVERHEATING
3818.25,0.7382,975.68,462.0,187.58,41.85,21.71,OVERHEATING
3630.99,0.6691,912.29,419.82,181.0,29.31,10.03,OVERHEATING
3126.31,0.4277,717.8,312.19,142.35,4.88,4.44,NORMAL
3922.1,0.7715,956.22,455.55,192.08,-2.78,0.15,NORMAL
2850.84,0.35,651.06,273.37,131.01,-1.51,1.83,NORMAL
3216.78,0.5095,808.61,364.74,156.32,42.05,24.8,OVERHEATING
4131.71,0.8305,1035.69,500.35,199.34,30.83,17.43,OVERHEATING
4004.33,0.7948,978.06,479.79,212.47,0.95,13.53,LUBRICATION_ISSUE
4121.26,0.8488,1012.56,488.33,198.67,-2.8,-0.89,NORMAL
3958.59,0.7907,976.05,472.12,221.76,3.69,8.7,LUBRICATION_ISSUE
3255.75,0.5056,763.8,341.14,152.49,-2.33,1.46,NORMAL
3464.48,0.5958,870.36,390.05,167.37,39.66,11.64,OVERHEATING
3437.47,0.5805,855.61,382.94,166.97,35.47,10.85,OVERHEATING
3752.19,0.692,908.18,418.39,179.78,5.35,-3.31,NORMAL
4215.77,0.8832,1043.05,501.95,198.02,2.35,-2.47,NORMAL
3783.37,0.6813,944.19,433.81,183.06,46.22,15.02,OVERHEATING
4272.56,0.9149,1065.02,514.26,200.18,2.46,-3.28,NORMAL
2948.36,0.3698,667.61,283.3,132.02,-1.71,1.7,NORMAL
3169.43,0.4855,782.16,348.03,156.54,32.38,18.17,OVERHEATING
3652.15,0.6486,875.38,411.14,194.6,3.6,8.08,LUBRICATION_ISSUE
3059.19,0.4297,711.42,308.65,141.99,0.63,2.18,NORMAL
3612.69,0.6555,874.22,406.57,174.4,0.29,2.21,NORMAL
3534.66,0.6333,899.11,410.05,175.17,42.4,16.03,OVERHEATING
3410.65,0.5721,816.72,373.24,179.12,2.91,4.95,LUBRICATION_ISSUE
3668.95,0.635,870.95,403.33,195.81,6.51,4.66,LUBRICATION_ISSUE
2807.67,0.3218,630.1,256.57,125.16,-3.39,-3.53,NORMAL
3694.52,0.6662,885.44,413.94,179.52,0.99,3.27,NORMAL
3178.26,0.4694,781.67,343.24,152.56,41.13,18.92,OVERHEATING
3114.11,0.45,768.49,341.19,150.13,42.81,25.78,OVERHEATING
4302.98,0.9163,1102.31,542.51,199.79,37.38,23.56,OVERHEATING
3195.87,0.462,742.21,329.11,169.66,5.19,6.9,LUBRICATION_ISSUE
3630.71,0.6465,866.88,400.36,175.43,-2.54,-1.29,NORMAL
4206.19,0.8745,1073.14,516.2,205.99,38.15,15.2,OVERHEATING
3320.3,0.5468,795.91,353.9,161.45,1.82,-2.56,NORMAL
3528.18,0.6135,846.07,395.91,197.76,1.53,9.19,LUBRICATION_ISSUE
3599.28,0.6587,882.22,413.64,204.92,7.06,8.54,LUBRICATION_ISSUE
3553.64,0.6198,880.63,402.96,174.96,31.04,13.2,OVERHEATING
3751.31,0.7053,908.43,427.97,183.84,-2.3,1.53,NORMAL
3434.73,0.5913,826.31,372.96,167.27,-0.18,-2.93,NORMAL
3727.65,0.7148,954.4,453.91,188.39,39.16,24.77,OVERHEATING
3363.72,0.5522,802.95,366.95,176.64,3.43,7.24,LUBRICATION_ISSUE
4189.7,0.8889,1074.45,516.85,198.56,31.6,11.14,OVERHEATING
3354.91,0.553,795.52,357.79,161.49,-4.06,-1.95,NORMAL
3288.79,0.4881,755.47,331.32,148.64,-1.85,-3.07,NORMAL
3142.15,0.4689,736.18,320.13,146.94,-2.26,-2.93,NORMAL
3061.23,0.4288,756.29,321.95,147.38,45.98,15.76,OVERHEATING
3194.27,0.4611,740.08,330.86,176.25,3.68,9.02,LUBRICATION_ISSUE
3393.97,0.5636,806.07,375.14,185.61,-1.8,10.41,LUBRICATION_ISSUE
2832.79,0.3376,640.68,268.11,130.41,-3.52,1.59,NORMAL
4065.45,0.8189,995.56,481.46,220.41,0.97,4.7,LUBRICATION_ISSUE
4154.92,0.867,1054.99,520.19,203.39,27.02,23.41,OVERHEATING
4256.93,0.8994,1082.0,539.32,202.57,29.5,27.82,OVERHEATING
3526.6,0.6089,846.5,390.97,188.34,4.8,5.95,LUBRICATION_ISSUE
3187.23,0.4768,789.13,345.67,152.27,43.66,18.39,OVERHEATING
2995.65,0.3942,686.27,293.31,135.53,-0.02,1.53,NORMAL
3287.76,0.5045,769.95,347.11,174.51,2.88,6.87,LUBRICATION_ISSUE
3314.98,0.5239,785.87,355.84,178.91,5.78,7.78,LUBRICATION_ISSUE
3321.67,0.5362,786.12,361.37,177.42,-1.7,8.68,LUBRICATION_ISSUE
3257.89,0.4994,761.37,342.79,172.11,-1.15,5.28,LUBRICATION_ISSUE
4235.56,0.8811,1035.72,498.23,200.86,-4.7,-6.02,NORMAL
4018.18,0.834,1002.54,489.16,220.84,1.21,8.36,LUBRICATION_ISSUE
4252.26,0.8949,1048.69,510.33,198.89,-0.88,0.59,NORMAL
3049.46,0.3895,687.07,300.09,156.48,0.92,8.4,LUBRICATION_ISSUE
4314.38,0.9242,1101.6,539.7,201.29,31.35,17.55,OVERHEATING
3014.61,0.4055,693.2,299.99,139.14,-0.8,3.59,NORMAL
3750.3,0.7035,908.21,436.71,209.44,-1.41,10.94,LUBRICATION_ISSUE
3493.61,0.5805,824.76,383.69,187.44,1.8,9.91,LUBRICATION_ISSUE
4162.07,0.8681,1031.98,500.09,221.62,3.04,2.73,LUBRICATION_ISSUE
3718.72,0.6958,941.1,447.74,184.59,37.68,25.68,OVERHEATING
2979.98,0.3924,683.81,290.4,134.06,-0.62,-0.26,NORMAL
4256.91,0.9144,1097.99,537.79,200.72,36.51,20.9,OVERHEATING
3355.57,0.5585,804.62,371.02,181.36,1.72,9.29,LUBRICATION_ISSUE
3069.14,0.432,714.28,316.51,169.42,1.64,8.93,LUBRICATION_ISSUE
3931.03,0.7892,971.51,465.87,220.98,1.42,3.82,LUBRICATION_ISSUE
3486.98,0.6115,836.29,386.78,171.91,-4.94,2.05,NORMAL
3844.78,0.7568,952.88,459.16,205.1,6.59,11.38,LUBRICATION_ISSUE
3104.32,0.4502,758.65,327.25,147.61,33.31,12.04,OVERHEATING
3904.58,0.7442,943.38,444.04,185.56,1.62,-1.02,NORMAL
3570.15,0.6096,883.04,408.3,170.9,38.77,21.74,OVERHEATING
3387.98,0.5617,809.76,366.43,192.09,3.35,2.59,LUBRICATION_ISSUE
3797.57,0.7175,918.32,435.95,186.91,-2.06,3.72,NORMAL
3456.87,0.5863,863.58,394.56,167.95,38.93,19.77,OVERHEATING
3359.01,0.5379,790.89,363.79,174.76,0.19,9.37,LUBRICATION_ISSUE
3828.88,0.7306,930.77,446.87,203.47,1.0,9.01,LUBRICATION_ISSUE
3276.62,0.5154,812.53,365.37,158.81,39.44,21.51,OVERHEATING
4103.79,0.8205,996.34,478.04,203.46,-1.17,-0.47,NORMAL
4112.8,0.8235,1039.95,492.95,201.9,40.19,13.09,OVERHEATING
3901.54,0.7418,937.58,445.15,186.33,-2.58,1.05,NORMAL
3998.06,0.7956,1023.59,489.66,201.17,46.35,23.31,OVERHEATING
4243.51,0.8927,1044.9,507.48,199.31,-2.87,-1.18,NORMAL
3106.86,0.4543,728.03,316.25,141.98,0.09,-0.51,NORMAL
3209.47,0.4789,744.77,326.29,150.13,-3.07,-2.41,NORMAL
4230.47,0.8943,1084.66,527.58,199.75,36.57,18.72,OVERHEATING
3859.06,0.7434,980.25,467.79,191.1,41.26,24.4,OVERHEATING
3774.67,0.725,957.56,460.71,186.83,33.84,26.48,OVERHEATING
3028.37,0.4076,701.48,295.24,139.97,5.51,-2.34,NORMAL
4044.42,0.8233,998.53,477.98,197.48,2.31,0.25,NORMAL
3911.77,0.7602,950.21,461.04,211.26,-1.49,10.02,LUBRICATION_ISSUE
3357.5,0.5384,796.88,363.7,177.06,6.0,9.16,LUBRICATION_ISSUE
3847.77,0.7323,962.67,454.55,189.92,30.88,15.48,OVERHEATING
2946.17,0.3627,663.88,291.78,147.66,-1.04,12.83,LUBRICATION_ISSUE
2943.45,0.3752,676.14,290.1,166.53,3.86,6.74,LUBRICATION_ISSUE
4187.87,0.8749,1031.9,503.12,227.49,-2.44,2.52,LUBRICATION_ISSUE
4106.51,0.8493,1014.5,492.27,198.59,-0.39,3.34,NORMAL
4129.44,0.8566,1045.61,515.11,200.38,25.2,22.85,OVERHEATING
4219.3,0.89,1090.67,529.71,201.21,45.73,22.75,OVERHEATING
3121.27,0.4428,723.76,313.33,143.91,2.04,0.3,NORMAL
4291.58,0.9285,1107.53,544.62,201.88,35.87,21.62,OVERHEATING
4302.14,0.9209,1091.86,531.84,202.15,24.19,11.23,OVERHEATING
3501.48,0.6094,838.97,385.04,186.95,-1.73,0.63,LUBRICATION_ISSUE
2961.28,0.3655,664.1,287.51,160.85,-3.27,7.09,LUBRICATION_ISSUE
3134.21,0.4466,772.48,339.81,148.21,47.79,25.0,OVERHEATING
3851.83,0.735,937.2,451.18,216.6,3.62,11.03,LUBRICATION_ISSUE
3438.48,0.5635,856.48,391.3,165.95,46.47,25.29,OVERHEATING
4262.01,0.9062,1092.61,534.72,200.18,35.78,20.62,OVERHEATING
4247.84,0.8962,1097.57,523.58,199.52,47.43,13.5,OVERHEATING
3981.59,0.7915,996.19,491.41,198.93,22.19,27.01,OVERHEATING
3256.41,0.536,786.14,359.31,176.4,1.74,8.67,LUBRICATION_ISSUE
3500.94,0.5877,827.57,386.1,192.86,-0.09,9.5,LUBRICATION_ISSUE
4232.89,0.892,1048.23,515.72,225.85,1.4,7.63,LUBRICATION_ISSUE
4032.78,0.8182,990.93,477.48,199.98,-1.66,1.93,NORMAL
3254.28,0.5153,774.62,352.36,183.73,2.69,9.2,LUBRICATION_ISSUE
3314.16,0.5563,800.36,369.2,182.45,0.84,9.49,LUBRICATION_ISSUE
3672.46,0.679,895.31,414.44,176.88,4.27,-0.18,NORMAL
3968.31,0.7857,966.15,468.11,214.49,-3.7,6.2,LUBRICATION_ISSUE
3976.72,0.7793,999.74,475.0,195.23,33.31,15.13,OVERHEATING
4318.13,0.9133,1099.58,534.98,203.96,35.72,16.66,OVERHEATING
3798.47,0.7179,926.46,430.39,183.11,5.82,-2.0,NORMAL
4240.88,0.8983,1085.26,523.78,203.48,34.27,13.19,OVERHEATING
3840.95,0.7025,953.08,440.71,186.51,39.54,12.59,OVERHEATING
4324.4,0.9225,1077.99,522.02,198.74,8.3,0.2,NORMAL
3589.08,0.6429,866.3,399.75,170.21,1.09,0.62,NORMAL
3593.1,0.6296,857.23,403.16,190.64,-0.16,8.73,LUBRICATION_ISSUE
3086.51,0.4369,719.3,318.13,163.19,2.85,8.26,LUBRICATION_ISSUE
3452.52,0.5797,818.0,377.54,190.99,-2.43,5.28,LUBRICATION_ISSUE
2710.59,0.3086,627.05,250.85,124.14,6.34,-1.58,NORMAL
4194.49,0.8923,1091.24,533.02,205.04,46.14,25.96,OVERHEATING
3319.1,0.5171,781.2,352.36,178.71,4.97,6.62,LUBRICATION_ISSUE
3846.67,0.7353,957.85,462.4,189.87,24.31,22.28,OVERHEATING
4051.89,0.8041,977.07,466.87,195.15,-7.98,-4.16,NORMAL
4164.13,0.8677,1031.49,498.61,197.64,2.65,1.3,NORMAL
3554.81,0.6344,861.01,402.86,204.1,2.61,7.82,LUBRICATION_ISSUE
4178.41,0.8673,1027.36,495.76,200.14,-1.94,-1.82,NORMAL
4106.91,0.8339,1007.39,491.76,223.18,1.72,8.35,LUBRICATION_ISSUE
3396.99,0.5715,814.06,367.29,164.03,1.28,-0.37,NORMAL
3434.19,0.5728,820.64,377.95,178.04,5.24,8.71,LUBRICATION_ISSUE
3340.34,0.5364,783.81,351.15,156.28,-5.02,-2.15,NORMAL
3779.93,0.7186,919.7,433.77,184.34,-0.44,1.68,NORMAL
3305.98,0.5168,778.25,351.58,172.51,2.85,6.34,LUBRICATION_ISSUE
2996.47,0.3916,687.45,292.66,138.09,2.66,1.79,NORMAL
3426.02,0.5664,813.69,373.74,180.23,2.56,7.07,LUBRICATION_ISSUE
3319.54,0.5304,815.65,363.85,161.34,31.44,13.32,OVERHEATING
3921.82,0.7807,965.74,456.98,193.04,1.26,-1.71,NORMAL
2967.28,0.3846,684.24,292.25,158.37,5.1,4.77,LUBRICATION_ISSUE
2840.24,0.3493,653.06,272.45,129.88,1.46,1.49,NORMAL
4297.73,0.9157,1060.95,523.49,200.19,-3.38,4.89,NORMAL
4257.32,0.8957,1087.83,520.4,201.26,37.57,10.25,OVERHEATING
3728.87,0.6826,897.89,426.41,199.72,1.89,8.82,LUBRICATION_ISSUE
3721.35,0.6735,937.96,442.44,179.11,47.8,28.35,OVERHEATING
3891.9,0.7645,956.69,455.81,205.46,3.41,3.84,LUBRICATION_ISSUE
3860.88,0.7308,983.46,463.76,188.75,51.96,24.87,OVERHEATING
3029.27,0.406,729.92,323.33,140.46,34.84,26.28,OVERHEATING
3485.29,0.5877,827.41,375.16,162.71,0.55,-0.96,NORMAL
3169.36,0.4607,774.41,345.94,149.72,39.55,25.03,OVERHEATING
3758.43,0.705,954.11,454.88,184.24,43.21,28.33,OVERHEATING
4108.36,0.835,1002.74,487.09,197.59,-3.65,3.26,NORMAL
4297.51,0.8948,1094.68,524.29,203.19,42.93,13.24,OVERHEATING
2820.24,0.3474,647.16,268.13,128.48,-2.29,-1.54,NORMAL
2904.95,0.35,656.85,272.23,128.78,1.59,-0.93,NORMAL
3596.77,0.6338,866.61,403.15,197.11,6.47,7.07,LUBRICATION_ISSUE
3068.62,0.418,703.51,301.36,142.99,-0.75,-1.2,NORMAL
3509.99,0.6076,844.6,391.36,198.35,4.52,7.32,LUBRICATION_ISSUE
2884.31,0.3643,665.24,281.49,159.78,2.43,3.8,LUBRICATION_ISSUE
4198.92,0.8721,1066.4,522.13,204.8,33.2,22.21,OVERHEATING
4090.9,0.8395,1010.12,489.07,231.23,1.88,4.12,LUBRICATION_ISSUE
2966.7,0.4028,734.71,309.08,137.33,44.72,15.08,OVERHEATING
3095.45,0.4398,768.6,332.86,147.22,49.94,21.66,OVERHEATING
3295.91,0.5005,797.43,361.11,159.0,32.35,22.07,OVERHEATING
3781.6,0.6843,901.74,426.79,195.94,2.08,6.99,LUBRICATION_ISSUE
3714.63,0.7069,958.49,439.14,185.39,48.64,13.22,OVERHEATING
4279.23,0.934,1076.96,523.48,200.29,2.59,-1.14,NORMAL
3010.34,0.4085,731.05,318.45,141.34,35.44,21.09,OVERHEATING
3568.12,0.6295,859.4,403.17,192.75,3.29,9.51,LUBRICATION_ISSUE
3106.49,0.4457,755.92,336.16,148.42,33.19,22.53,OVERHEATING
3801.86,0.7254,929.54,442.04,214.05,4.2,6.83,LUBRICATION_ISSUE
3502.73,0.6014,837.37,388.35,185.59,1.41,6.78,LUBRICATION_ISSUE
4175.32,0.8626,1052.47,516.64,202.79,26.14,20.85,OVERHEATING
3121.54,0.4522,753.93,342.73,146.02,26.55,26.31,OVERHEATING
4049.82,0.8313,1006.52,482.63,199.65,5.24,1.86,NORMAL
3724.53,0.6954,947.17,440.1,183.52,43.68,18.01,OVERHEATING
4281.36,0.8942,1057.06,516.74,226.85,6.51,6.4,LUBRICATION_ISSUE
3020.7,0.4077,700.91,303.33,160.32,5.25,5.94,LUBRICATION_ISSUE
4267.72,0.9016,1098.31,538.5,203.7,43.94,25.88,OVERHEATING
2994.25,0.4137,699.57,305.08,164.63,1.63,6.31,LUBRICATION_ISSUE
3054.34,0.3992,696.24,298.51,137.67,4.04,3.19,NORMAL
4321.96,0.9261,1071.79,523.25,198.84,0.04,0.2,NORMAL
3686.03,0.6814,892.72,425.11,203.86,-0.45,9.21,LUBRICATION_ISSUE
3338.3,0.567,806.15,364.49,162.19,-0.97,0.22,NORMAL
3423.3,0.5559,836.06,372.14,162.55,31.35,9.31,OVERHEATING
3899.14,0.7704,989.6,472.09,194.07,32.41,17.78,OVERHEATING
3880.49,0.7262,935.04,438.78,218.41,5.3,0.93,LUBRICATION_ISSUE
3060.92,0.4258,709.17,308.25,164.69,0.65,3.14,LUBRICATION_ISSUE
4101.88,0.8313,1033.99,495.66,202.27,30.11,13.34,OVERHEATING
3064.19,0.4193,729.28,324.44,143.44,24.47,21.56,OVERHEATING
3744.48,0.6739,937.44,431.27,180.12,45.88,16.34,OVERHEATING
3912.39,0.7572,954.51,460.39,207.91,4.57,10.42,LUBRICATION_ISSUE
3454.07,0.5681,820.38,375.41,188.8,6.81,7.27,LUBRICATION_ISSUE
2753.18,0.305,618.39,253.03,126.14,-2.26,0.64,NORMAL
4178.43,0.8784,1081.46,516.32,202.37,45.52,14.75,OVERHEATING
3636.95,0.6545,872.38,404.37,176.98,-2.18,-0.37,NORMAL
3792.94,0.7199,923.88,439.01,204.6,2.29,6.05,LUBRICATION_ISSUE
3023.7,0.393,685.96,306.19,170.26,-1.01,14.01,LUBRICATION_ISSUE
3393.58,0.5711,848.18,378.88,166.88,35.86,11.49,OVERHEATING
4325.93,0.913,1084.38,535.83,202.93,20.31,17.39,OVERHEATING
2940.33,0.3725,665.39,289.35,158.45,-5.1,7.05,LUBRICATION_ISSUE
3333.92,0.5163,807.52,362.54,157.83,31.03,16.65,OVERHEATING
3207.29,0.479,750.22,336.87,167.9,2.46,8.22,LUBRICATION_ISSUE
3635.18,0.6507,871.88,410.41,195.51,-0.32,7.08,LUBRICATION_ISSUE
3339.55,0.5331,826.27,370.15,160.3,39.46,18.07,OVERHEATING
3202.35,0.4685,740.66,324.01,148.85,-0.58,-0.74,NORMAL
3744.37,0.6928,933.77,435.05,179.82,30.88,13.31,OVERHEATING
3562.49,0.6069,842.1,393.82,197.41,-0.18,8.45,LUBRICATION_ISSUE
3952.38,0.7939,977.65,466.69,214.2,3.67,2.29,LUBRICATION_ISSUE
3505.25,0.5875,873.2,388.7,166.09,45.43,12.04,OVERHEATING
3758.07,0.7079,942.58,451.78,185.07,29.93,24.19,OVERHEATING
3100.72,0.4473,722.84,312.54,144.74,-0.59,-1.52,NORMAL
4154.25,0.8421,1021.54,495.46,232.74,8.58,7.68,LUBRICATION_ISSUE
3041.29,0.4331,715.73,315.05,169.63,3.78,7.88,LUBRICATION_ISSUE
3115.87,0.4213,705.54,304.43,142.34,-3.04,-0.72,NORMAL
3226.29,0.4977,762.61,339.35,151.38,2.7,3.4,NORMAL
3791.68,0.7196,920.9,441.15,211.51,-0.43,8.35,LUBRICATION_ISSUE
2835.52,0.3436,649.96,268.53,129.82,2.02,-0.23,NORMAL
3559.86,0.6067,867.25,410.53,171.9,25.22,25.31,OVERHEATING
3170.29,0.4829,791.77,357.44,154.19,43.51,28.49,OVERHEATING
4112.3,0.8452,1055.19,505.1,200.38,42.44,17.46,OVERHEATING
3342.86,0.5355,783.11,353.7,157.46,-5.31,0.65,NORMAL
3397.48,0.5585,806.3,364.89,159.46,1.33,1.9,NORMAL
3413.82,0.5657,812.95,371.14,181.23,2.85,5.08,LUBRICATION_ISSUE
3875.71,0.7478,943.01,457.34,212.45,0.54,11.85,LUBRICATION_ISSUE
2822.89,0.3146,628.1,254.31,126.94,-1.79,-3.62,NORMAL
2890.88,0.3746,671.72,279.32,134.27,2.39,-2.28,NORMAL
3429.27,0.5678,814.9,365.25,162.55,2.77,-2.03,NORMAL
3070.73,0.4534,726.36,314.84,146.97,0.76,-0.52,NORMAL
3361.31,0.5328,781.42,354.95,159.63,-6.32,2.31,NORMAL
2896.04,0.359,658.26,277.52,161.49,-1.92,1.41,LUBRICATION_ISSUE
3713.79,0.6772,896.37,419.48,204.11,4.39,4.29,LUBRICATION_ISSUE
4137.11,0.8547,1056.86,513.88,206.83,37.18,22.07,OVERHEATING
3728.19,0.6983,910.14,432.61,200.15,4.72,9.37,LUBRICATION_ISSUE
4289.55,0.9089,1097.91,544.76,201.68,38.1,28.88,OVERHEATING
3261.74,0.4991,764.68,337.64,173.28,2.13,0.1,LUBRICATION_ISSUE
3863.79,0.744,941.73,444.2,186.41,2.13,0.44,NORMAL
3985.26,0.8008,985.37,464.94,192.65,5.64,-2.9,NORMAL
3139.55,0.4622,778.62,349.49,153.13,44.32,28.91,OVERHEATING
3723.11,0.7099,906.3,429.4,181.26,-5.8,2.14,NORMAL
2928.0,0.3696,672.18,286.49,154.21,4.03,5.59,LUBRICATION_ISSUE
3556.11,0.6286,904.19,410.37,176.37,49.21,17.39,OVERHEATING
4128.1,0.8472,1013.48,487.86,199.35,-1.24,-0.98,NORMAL
4054.94,0.8235,998.6,476.7,200.66,1.74,-1.41,NORMAL
3517.12,0.613,877.5,403.61,168.65,33.86,17.42,OVERHEATING
2949.44,0.3907,677.64,292.06,136.04,-4.24,2.93,NORMAL
3951.75,0.8051,985.38,467.8,196.13,4.71,-0.6,NORMAL
3324.76,0.5284,815.26,368.25,160.47,32.0,18.29,OVERHEATING
2801.05,0.3253,637.29,261.35,127.92,2.06,0.21,NORMAL
3009.08,0.4108,696.08,296.97,142.17,-0.88,-1.2,NORMAL
3449.01,0.6034,859.71,396.73,168.54,25.24,16.05,OVERHEATING
3593.12,0.6415,857.87,401.46,171.28,-6.66,2.74,NORMAL
3189.79,0.4753,742.63,326.55,147.39,-2.06,-0.26,NORMAL
3364.51,0.5498,842.5,384.92,164.27,44.41,26.07,OVERHEATING
3689.2,0.7027,904.01,423.75,182.9,-2.05,0.12,NORMAL
3630.38,0.6621,876.39,411.86,203.74,-2.38,4.59,LUBRICATION_ISSUE
3805.37,0.7238,948.59,466.21,189.11,24.02,31.46,OVERHEATING
4011.99,0.8225,995.6,483.52,230.45,1.51,7.07,LUBRICATION_ISSUE
4299.15,0.9256,1093.92,542.83,204.36,23.61,20.64,OVERHEATING
3159.68,0.4445,758.84,340.95,143.99,34.17,26.15,OVERHEATING
3865.78,0.7475,945.24,451.59,201.2,3.45,6.52,LUBRICATION_ISSUE
3369.09,0.5525,802.64,369.9,184.67,2.66,9.91,LUBRICATION_ISSUE
3314.73,0.5359,788.3,358.92,174.48,1.03,6.56,LUBRICATION_ISSUE
4359.81,0.936,1120.74,549.49,200.83,41.13,21.73,OVERHEATING
3132.96,0.4723,743.6,332.28,173.1,3.57,8.26,LUBRICATION_ISSUE
3218.46,0.5074,790.57,352.66,154.1,25.21,13.45,OVERHEATING
4397.76,0.9456,1131.47,553.76,205.61,44.21,21.4,OVERHEATING
3834.79,0.7265,955.63,464.58,189.2,27.96,27.98,OVERHEATING
3937.37,0.7724,1001.23,483.08,197.74,40.92,26.89,OVERHEATING
3656.55,0.675,887.51,412.98,176.54,-0.29,0.3,NORMAL
3641.68,0.6457,871.61,411.41,200.07,2.11,9.71,LUBRICATION_ISSUE
3496.98,0.6254,890.99,410.52,173.6,40.89,20.46,OVERHEATING
4321.54,0.9041,1063.39,516.99,198.86,4.86,1.87,NORMAL
3068.33,0.4377,718.08,316.0,158.65,2.04,6.38,LUBRICATION_ISSUE
3924.89,0.7894,1009.93,470.97,199.76,40.06,9.05,OVERHEATING
2926.77,0.3615,665.13,282.27,157.95,1.87,4.31,LUBRICATION_ISSUE
4334.4,0.9304,1073.03,527.14,199.75,-1.95,2.15,NORMAL
3957.93,0.7881,971.52,462.47,195.54,0.78,0.02,NORMAL
3936.82,0.7612,956.3,454.99,208.79,2.73,2.85,LUBRICATION_ISSUE
3262.47,0.5095,767.06,347.56,181.91,-1.75,6.27,LUBRICATION_ISSUE
3049.33,0.4144,697.72,306.4,154.62,-3.37,5.75,LUBRICATION_ISSUE
4057.83,0.8482,1011.23,486.6,202.15,-0.56,-0.48,NORMAL
4205.87,0.8699,1030.7,498.8,198.53,-1.53,-0.54,NORMAL
3719.08,0.6891,901.19,429.92,193.83,1.76,10.26,LUBRICATION_ISSUE
3448.12,0.5765,856.79,385.78,164.94,38.47,14.8,OVERHEATING
3944.87,0.804,978.77,471.96,215.31,-0.87,4.17,LUBRICATION_ISSUE
4300.89,0.928,1095.42,533.81,203.76,23.59,10.72,OVERHEATING
3108.32,0.4427,722.4,316.16,173.02,1.35,3.53,LUBRICATION_ISSUE
3464.75,0.5832,826.4,379.9,195.43,3.27,6.02,LUBRICATION_ISSUE
3114.85,0.4225,711.49,316.6,163.36,2.23,11.05,LUBRICATION_ISSUE
3327.11,0.5181,780.06,347.61,155.58,2.81,1.27,NORMAL
4103.31,0.8231,1029.41,494.18,206.01,30.41,14.78,OVERHEATING
3663.56,0.6419,869.82,406.27,206.62,1.49,5.27,LUBRICATION_ISSUE
4179.24,0.862,1028.33,506.1,217.8,2.18,10.41,LUBRICATION_ISSUE
3172.13,0.4765,747.02,333.72,171.72,2.52,7.02,LUBRICATION_ISSUE
3456.54,0.5877,874.72,390.86,165.9,49.3,15.61,OVERHEATING
3467.0,0.5775,819.67,369.12,165.53,-0.17,-2.78,NORMAL
4280.38,0.921,1101.16,542.49,199.23,34.53,22.52,OVERHEATING
4295.03,0.9316,1105.4,553.06,202.22,31.67,28.83,OVERHEATING
4050.6,0.7979,1006.97,496.7,200.51,25.67,27.92,OVERHEATING
3638.16,0.6535,879.78,406.96,173.88,5.8,2.57,NORMAL
3873.27,0.7624,993.66,474.88,191.96,42.57,24.23,OVERHEATING
4165.05,0.8658,1029.32,504.81,224.91,1.6,8.17,LUBRICATION_ISSUE
3264.51,0.4932,756.56,336.35,153.18,-2.59,0.86,NORMAL
3552.63,0.637,860.98,403.59,196.35,1.15,7.69,LUBRICATION_ISSUE
3056.08,0.4212,704.04,300.23,141.21,-1.51,-3.1,NORMAL
4119.95,0.8693,1028.55,495.55,199.88,0.96,-1.01,NORMAL
4027.77,0.7864,969.85,464.9,193.26,-3.39,0.95,NORMAL
3906.33,0.7736,954.7,455.04,191.58,-4.79,-0.65,NORMAL
3190.57,0.461,734.02,322.57,148.39,-2.12,0.89,NORMAL
3027.92,0.4093,700.05,298.23,137.03,3.05,0.03,NORMAL
4347.26,0.94,1081.13,530.46,200.87,-0.26,1.63,NORMAL
3025.19,0.4082,698.82,301.17,167.48,2.62,3.45,LUBRICATION_ISSUE
4101.37,0.8322,1038.85,503.2,204.03,34.47,20.57,OVERHEATING
4229.07,0.8851,1044.44,509.73,221.27,1.92,4.22,LUBRICATION_ISSUE
2978.02,0.4121,697.93,297.58,139.91,1.75,-0.13,NORMAL
4059.94,0.8099,994.32,484.11,217.24,5.4,10.77,LUBRICATION_ISSUE
3630.6,0.646,897.89,411.92,174.35,28.74,10.43,OVERHEATING
3128.75,0.4644,772.72,340.68,147.21,37.65,19.64,OVERHEATING
4168.51,0.8717,1033.0,499.51,199.95,1.53,0.63,NORMAL
2877.85,0.3234,632.31,264.12,125.16,-5.6,1.37,NORMAL
3329.49,0.5315,785.73,350.49,156.71,0.38,-0.72,NORMAL
4124.93,0.8531,1045.65,508.34,201.04,27.57,17.49,OVERHEATING
3395.06,0.5565,847.04,377.52,164.37,43.4,15.33,OVERHEATING
3749.99,0.7237,921.98,438.66,205.99,0.26,5.63,LUBRICATION_ISSUE
4301.49,0.9133,1083.56,535.23,201.4,20.51,17.4,OVERHEATING
3803.42,0.733,959.11,459.85,191.54,29.11,21.85,OVERHEATING
3260.21,0.495,797.35,355.24,152.19,37.33,19.23,OVERHEATING
4174.17,0.8668,1070.66,518.39,204.24,41.87,21.11,OVERHEATING
3564.76,0.6287,852.88,393.61,175.56,-2.55,0.35,NORMAL
3132.04,0.4417,752.99,332.97,150.9,31.35,19.99,OVERHEATING
3070.9,0.4093,701.25,308.87,159.47,2.11,9.39,LUBRICATION_ISSUE
3009.74,0.4044,691.88,294.75,139.12,-1.27,-1.14,NORMAL
3447.27,0.583,844.33,388.58,166.51,22.19,15.29,OVERHEATING
3615.37,0.6377,862.67,407.13,189.33,-0.74,9.08,LUBRICATION_ISSUE
4220.95,0.9111,1061.58,513.41,203.17,3.84,-1.23,NORMAL
4233.84,0.8869,1044.68,513.36,228.36,0.82,7.04,LUBRICATION_ISSUE
3972.51,0.7856,967.02,460.3,195.87,-2.96,-1.69,NORMAL
4150.9,0.8605,1026.26,493.76,197.5,2.39,-0.56,NORMAL
3321.05,0.5147,775.49,346.77,155.79,0.63,1.86,NORMAL
3652.16,0.666,918.06,424.66,177.75,35.84,15.32,OVERHEATING
3875.23,0.7499,941.52,443.15,190.11,-2.19,-3.07,NORMAL
3385.05,0.5627,831.66,390.13,167.87,24.79,26.01,OVERHEATING
3352.09,0.5473,795.69,358.24,159.48,-0.27,0.66,NORMAL
4132.5,0.8579,1024.39,490.57,201.69,3.02,-2.25,NORMAL
4299.17,0.9346,1098.09,537.09,204.62,22.35,11.65,OVERHEATING
3438.55,0.5734,851.55,387.84,169.87,35.58,18.26,OVERHEATING
3698.58,0.668,888.82,420.93,207.99,3.1,9.5,LUBRICATION_ISSUE
2974.62,0.378,673.67,285.05,135.61,-1.85,-0.26,NORMAL
3748.19,0.6877,904.94,428.7,207.96,4.89,8.67,LUBRICATION_ISSUE
3645.96,0.648,871.96,409.16,190.35,0.85,6.49,LUBRICATION_ISSUE
3683.28,0.6705,884.06,414.01,177.37,-2.43,2.11,NORMAL
3951.43,0.7906,971.91,472.39,225.56,-0.04,9.22,LUBRICATION_ISSUE
3890.51,0.7517,947.01,447.29,188.26,1.44,-0.05,NORMAL
3812.04,0.7051,939.42,455.5,184.94,25.73,27.29,OVERHEATING
4068.79,0.827,1005.26,482.72,228.33,5.6,2.92,LUBRICATION_ISSUE
4352.11,0.9179,1071.54,517.42,199.33,3.2,-3.58,NORMAL
3057.04,0.4249,753.12,323.61,146.46,45.35,18.94,OVERHEATING
4213.43,0.881,1037.62,512.46,222.75,-1.67,8.89,LUBRICATION_ISSUE
3657.96,0.6645,884.02,410.26,196.36,2.39,1.29,LUBRICATION_ISSUE
3769.36,0.711,911.73,434.18,183.1,-3.32,5.15,NORMAL
4383.99,0.9378,1080.19,531.53,197.79,-1.7,2.39,NORMAL
3167.24,0.4846,748.39,339.43,165.29,-0.76,9.94,LUBRICATION_ISSUE
4037.81,0.8065,988.38,471.7,218.92,2.62,0.24,LUBRICATION_ISSUE
3224.56,0.4966,760.46,336.18,152.05,1.27,0.66,NORMAL
2843.52,0.3447,642.36,271.18,131.71,-6.62,1.79,NORMAL
4199.86,0.8637,1076.65,526.57,203.61,48.42,29.63,OVERHEATING
2958.35,0.3645,667.69,288.37,157.62,1.1,8.41,LUBRICATION_ISSUE
4326.78,0.9312,1077.1,525.09,200.04,2.04,0.06,NORMAL
3015.29,0.4177,703.07,304.54,140.62,1.65,3.69,NORMAL
3248.94,0.5081,812.57,364.61,154.21,45.29,24.23,OVERHEATING
3119.06,0.4506,724.92,321.72,161.82,-1.39,5.93,LUBRICATION_ISSUE
3949.91,0.8072,979.03,468.31,196.1,-2.81,-0.79,NORMAL
3828.45,0.7256,955.32,446.81,189.68,28.56,10.76,OVERHEATING
3548.69,0.6181,849.34,396.4,199.73,1.02,7.41,LUBRICATION_ISSUE
4328.49,0.9401,1104.28,546.81,206.61,23.77,18.5,OVERHEATING
3673.76,0.6673,883.87,413.85,208.18,-0.22,3.39,LUBRICATION_ISSUE
3807.72,0.7306,932.11,441.4,205.89,3.36,4.15,LUBRICATION_ISSUE
3047.3,0.4358,709.58,310.77,142.29,-4.25,2.47,NORMAL
3052.46,0.4147,701.61,303.35,166.73,0.15,2.48,LUBRICATION_ISSUE
2906.4,0.3656,663.98,278.7,133.66,-0.72,-0.12,NORMAL
4211.3,0.8794,1041.4,514.06,216.36,3.18,11.14,LUBRICATION_ISSUE
3203.8,0.4546,732.53,326.71,166.03,-0.44,6.92,LUBRICATION_ISSUE
4186.66,0.879,1078.94,519.21,198.99,42.22,17.17,OVERHEATING
4157.13,0.858,1020.51,495.3,201.73,-2.17,1.69,NORMAL
3239.79,0.4991,765.75,337.93,153.02,4.3,1.06,NORMAL
4295.96,0.9051,1061.43,516.0,198.29,3.56,1.28,NORMAL
4030.74,0.8138,994.57,477.08,213.45,4.78,3.21,LUBRICATION_ISSUE
3882.78,0.77,1001.49,472.83,196.64,45.38,19.17,OVERHEATING
4187.88,0.8473,1018.97,491.06,199.54,1.18,0.38,NORMAL
3979.52,0.8041,980.51,468.9,195.89,-0.91,0.05,NORMAL
3644.43,0.678,888.88,423.5,195.39,-0.13,10.1,LUBRICATION_ISSUE
3782.82,0.7236,926.66,431.59,187.12,3.38,-2.38,NORMAL
2850.47,0.353,660.08,270.05,131.15,5.73,-2.56,NORMAL
2875.89,0.3695,666.8,279.25,133.92,1.32,-0.04,NORMAL
3254.37,0.5145,773.01,350.22,184.33,1.59,7.37,LUBRICATION_ISSUE
3281.0,0.4912,798.48,358.13,152.75,39.74,22.88,OVERHEATING
3373.68,0.5673,812.1,373.94,187.12,3.05,8.51,LUBRICATION_ISSUE
3438.79,0.5781,817.78,380.63,181.02,-1.01,9.36,LUBRICATION_ISSUE
3470.23,0.6005,836.22,388.86,195.03,2.44,8.59,LUBRICATION_ISSUE
4129.32,0.8518,1019.48,497.69,227.53,1.93,7.16,LUBRICATION_ISSUE
3302.54,0.5269,784.66,359.12,182.14,3.38,10.35,LUBRICATION_ISSUE
2860.11,0.3376,645.72,266.93,128.14,0.15,-0.41,NORMAL
4340.92,0.9351,1120.63,546.79,201.41,42.53,19.93,OVERHEATING
2888.84,0.3387,649.34,265.52,129.73,1.66,-3.09,NORMAL
2988.06,0.3862,685.28,292.42,162.6,4.17,3.76,LUBRICATION_ISSUE
3350.88,0.558,807.19,369.0,187.7,4.86,7.6,LUBRICATION_ISSUE
3953.32,0.7784,973.59,466.11,221.35,8.89,7.29,LUBRICATION_ISSUE
3485.55,0.6098,866.04,406.58,170.5,25.89,22.49,OVERHEATING
3394.5,0.5538,823.26,372.62,165.85,21.27,11.43,OVERHEATING
3884.95,0.7451,945.72,446.18,188.06,4.43,1.4,NORMAL
3437.18,0.5819,822.8,383.98,184.06,1.78,11.37,LUBRICATION_ISSUE
3502.39,0.6195,883.01,411.36,173.79,36.18,23.27,OVERHEATING
3083.04,0.4511,761.0,343.32,150.63,36.21,28.45,OVERHEATING
3152.48,0.4734,787.95,341.43,150.17,46.3,16.44,OVERHEATING
3604.72,0.659,870.71,408.84,209.4,-4.95,3.45,LUBRICATION_ISSUE
3264.29,0.4976,758.31,338.38,153.04,-3.45,1.33,NORMAL
2786.37,0.3142,622.11,256.69,124.54,-5.76,-0.03,NORMAL
3477.03,0.6091,840.04,384.12,170.52,0.72,0.53,NORMAL
3756.88,0.6982,908.66,424.17,180.23,1.91,0.12,NORMAL
3685.92,0.686,901.26,427.17,193.77,5.39,9.65,LUBRICATION_ISSUE
4087.71,0.8255,997.18,486.54,234.14,-2.49,6.74,LUBRICATION_ISSUE
4369.47,0.9446,1112.66,551.22,203.67,27.42,20.08,OVERHEATING
2877.88,0.3586,661.66,282.99,146.41,2.62,7.57,LUBRICATION_ISSUE
3974.39,0.7898,975.82,465.03,196.67,3.25,1.49,NORMAL
3352.25,0.5265,810.43,369.44,161.95,26.89,19.32,OVERHEATING
2892.23,0.3463,650.98,270.18,129.94,-1.39,-1.24,NORMAL
3430.54,0.5766,817.62,370.37,162.74,0.15,-0.12,NORMAL
3917.13,0.7729,964.12,461.7,212.64,4.5,5.92,LUBRICATION_ISSUE
3327.32,0.5314,785.04,359.57,176.9,-0.17,8.44,LUBRICATION_ISSUE
3607.59,0.6087,876.64,405.31,172.89,31.04,17.95,OVERHEATING
3264.4,0.5114,771.08,341.93,154.72,1.04,-0.09,NORMAL
3673.41,0.6887,899.86,423.33,200.37,2.98,5.2,LUBRICATION_ISSUE
2811.3,0.3297,636.29,260.21,127.55,-2.08,-2.81,NORMAL
3848.0,0.7457,971.78,461.1,191.27,31.97,17.22,OVERHEATING
3934.94,0.7533,946.92,454.8,217.96,-1.82,5.56,LUBRICATION_ISSUE
3147.52,0.4547,733.74,322.75,172.85,3.56,4.64,LUBRICATION_ISSUE
2934.95,0.3829,675.98,292.2,156.15,-0.54,6.29,LUBRICATION_ISSUE
3345.15,0.5352,790.55,357.77,179.83,2.18,4.75,LUBRICATION_ISSUE
3177.12,0.4764,747.85,327.5,146.29,3.17,0.69,NORMAL
3289.25,0.5219,806.66,364.5,158.33,29.04,17.93,OVERHEATING
3285.25,0.5058,803.25,359.59,154.22,35.52,18.95,OVERHEATING
2968.85,0.3808,674.5,285.96,134.65,-2.44,-0.2,NORMAL
3042.04,0.4092,698.87,298.21,139.33,1.24,-0.37,NORMAL
3262.63,0.4918,807.58,353.74,154.93,49.39,18.83,OVERHEATING
4139.51,0.8574,1023.86,494.44,197.38,2.43,1.59,NORMAL
4069.97,0.8128,1011.5,491.25,202.72,20.33,16.55,OVERHEATING
2909.18,0.3662,668.73,280.31,130.0,3.54,1.19,NORMAL
3416.39,0.5668,809.03,379.12,184.7,-1.87,12.58,LUBRICATION_ISSUE
3023.76,0.409,695.17,302.65,159.92,-1.43,4.69,LUBRICATION_ISSUE
3688.6,0.6698,923.45,428.31,182.2,37.12,16.51,OVERHEATING
3881.9,0.7613,981.94,480.72,194.97,31.1,30.21,OVERHEATING
3529.57,0.6339,856.73,395.38,171.55,-0.1,1.28,NORMAL
4302.31,0.9264,1073.26,524.65,199.49,2.33,2.09,NORMAL
3600.39,0.6625,877.85,408.8,175.36,0.34,2.29,NORMAL
2839.97,0.3433,648.59,271.18,128.85,0.63,2.4,NORMAL
4078.81,0.857,1017.68,498.93,223.1,-0.45,8.05,LUBRICATION_ISSUE
3703.71,0.6778,926.27,438.11,179.89,34.42,23.01,OVERHEATING
4270.73,0.9029,1084.82,533.13,206.44,29.55,19.97,OVERHEATING
3490.76,0.5977,868.98,394.16,175.86,35.83,14.27,OVERHEATING
3777.25,0.7122,915.61,428.82,179.92,-0.55,-0.88,NORMAL
3625.24,0.6615,876.15,405.36,176.88,-2.03,-1.55,NORMAL
3842.9,0.7322,930.77,440.24,189.15,-0.72,1.35,NORMAL
4307.4,0.9472,1075.17,531.83,200.19,-8.5,1.63,NORMAL
3184.83,0.4903,778.28,357.95,156.13,24.86,25.89,OVERHEATING
3634.69,0.652,897.82,422.85,174.39,24.88,19.08,OVERHEATING
3570.77,0.6234,848.6,390.45,168.98,-3.98,-1.1,NORMAL
3683.29,0.6496,912.59,429.23,177.59,38.68,24.89,OVERHEATING
4136.03,0.8468,1018.58,496.44,226.23,3.69,7.51,LUBRICATION_ISSUE
3745.57,0.7058,943.88,447.98,189.54,33.1,21.52,OVERHEATING
3502.71,0.607,878.69,403.61,169.86,39.37,20.01,OVERHEATING
4205.68,0.8999,1052.11,517.73,221.08,1.89,7.6,LUBRICATION_ISSUE
3804.13,0.7209,952.44,459.05,187.06,29.71,25.41,OVERHEATING
4198.56,0.857,1026.12,504.05,219.13,1.99,9.57,LUBRICATION_ISSUE
3985.22,0.8021,1014.73,483.2,199.7,34.2,14.88,OVERHEATING
4271.96,0.8756,1074.99,523.15,201.47,36.05,19.79,OVERHEATING
3932.44,0.7748,1006.64,476.22,194.57,45.14,19.32,OVERHEATING
3584.77,0.638,861.34,406.41,187.67,-0.69,9.19,LUBRICATION_ISSUE
3795.95,0.7079,915.1,433.11,181.7,0.55,4.38,NORMAL
4186.06,0.8601,1060.79,515.32,203.63,35.4,20.09,OVERHEATING
3459.56,0.5927,832.49,374.9,166.45,3.87,-2.27,NORMAL
3827.53,0.7387,969.93,467.73,191.43,35.33,26.97,OVERHEATING
3132.7,0.4477,724.33,325.28,178.12,-0.92,10.13,LUBRICATION_ISSUE
3925.54,0.7905,969.96,469.12,216.42,-0.61,6.78,LUBRICATION_ISSUE
3566.64,0.6226,855.26,403.83,186.52,3.36,12.69,LUBRICATION_ISSUE
3393.64,0.5594,804.01,361.15,158.58,-1.28,-2.02,NORMAL
3520.52,0.6107,873.18,399.39,171.56,30.71,13.91,OVERHEATING
2995.21,0.4082,696.36,296.75,136.55,1.66,-0.07,NORMAL
2815.65,0.3173,635.36,261.81,127.01,4.2,3.11,NORMAL
2909.35,0.3573,661.12,275.34,130.05,1.28,-0.56,NORMAL
3551.6,0.6014,874.52,403.05,171.28,36.08,19.99,OVERHEATING
3265.86,0.5265,825.95,370.12,160.61,46.78,22.62,OVERHEATING
3863.41,0.7557,951.7,448.06,188.94,5.09,0.09,NORMAL
4102.84,0.8544,1022.13,500.12,225.68,4.36,9.46,LUBRICATION_ISSUE
3236.38,0.4832,756.2,340.47,168.1,4.46,9.42,LUBRICATION_ISSUE
3871.88,0.7517,974.0,472.91,192.52,29.41,26.15,OVERHEATING
3957.32,0.7782,1008.71,477.09,196.72,43.94,18.22,OVERHEATING
4069.73,0.823,1040.3,502.97,200.91,42.99,24.58,OVERHEATING
3854.27,0.74,934.72,440.37,188.36,-1.97,-1.65,NORMAL
3632.67,0.6669,882.8,411.97,174.11,1.04,2.92,NORMAL
3005.8,0.3983,692.5,297.85,158.14,3.25,4.3,LUBRICATION_ISSUE
4025.21,0.7933,1013.59,480.4,200.59,36.34,14.05,OVERHEATING
3416.04,0.585,822.34,383.89,195.03,0.54,10.81,LUBRICATION_ISSUE
4162.96,0.8488,1020.35,497.69,231.79,2.91,7.22,LUBRICATION_ISSUE
3453.79,0.5808,829.69,377.8,189.52,8.5,5.09,LUBRICATION_ISSUE
2748.07,0.3073,624.83,253.28,123.61,3.01,0.19,NORMAL
3173.49,0.4926,750.61,330.4,151.87,-3.62,-2.14,NORMAL
3038.38,0.4269,711.0,304.92,141.41,2.93,0.08,NORMAL
3224.86,0.505,771.55,346.63,172.51,7.32,8.09,LUBRICATION_ISSUE
3331.37,0.5295,788.43,351.46,158.51,4.15,0.89,NORMAL
2919.68,0.3886,683.5,289.27,135.63,4.33,1.77,NORMAL
4073.83,0.8247,1003.21,483.74,225.91,4.7,4.63,LUBRICATION_ISSUE
3198.55,0.4902,791.26,355.07,152.35,37.24,22.66,OVERHEATING
3526.67,0.6123,839.05,393.05,198.99,-4.68,6.81,LUBRICATION_ISSUE
3104.45,0.4299,746.26,332.59,143.48,33.08,24.68,OVERHEATING
3335.55,0.5287,836.86,368.54,163.69,52.84,18.13,OVERHEATING
4260.46,0.9103,1090.26,535.13,203.06,31.03,19.59,OVERHEATING
4308.08,0.942,1086.59,528.14,202.67,6.01,-0.21,NORMAL
2902.76,0.3406,648.62,272.94,131.4,-0.9,3.23,NORMAL
4235.65,0.8784,1066.78,513.46,202.98,27.97,10.17,OVERHEATING
3507.28,0.614,840.74,386.66,168.85,-3.01,0.41,NORMAL
3071.96,0.4367,713.73,315.94,169.77,-1.88,6.58,LUBRICATION_ISSUE
4298.78,0.9197,1088.8,544.98,203.07,22.05,24.93,OVERHEATING
4363.4,0.9201,1100.98,549.07,201.37,30.76,26.93,OVERHEATING
3150.11,0.4462,768.11,337.42,146.69,42.88,22.29,OVERHEATING
3449.58,0.5883,827.7,385.52,179.18,2.23,10.23,LUBRICATION_ISSUE
3549.77,0.621,851.46,393.47,193.43,1.39,3.43,LUBRICATION_ISSUE
4041.31,0.7957,979.63,472.87,219.09,0.14,5.17,LUBRICATION_ISSUE
3666.05,0.6508,912.37,428.4,180.83,38.61,24.14,OVERHEATING
3980.24,0.7805,1003.19,479.31,194.97,35.86,18.91,OVERHEATING
3648.0,0.6573,903.56,428.12,178.42,26.79,22.06,OVERHEATING
3520.11,0.6164,848.05,393.05,194.37,2.18,5.53,LUBRICATION_ISSUE
4178.21,0.892,1047.02,515.27,225.15,2.93,8.82,LUBRICATION_ISSUE
3158.01,0.4608,777.97,347.63,147.95,43.58,26.99,OVERHEATING
3805.0,0.6903,947.7,450.19,185.33,43.28,27.53,OVERHEATING
3341.7,0.5385,825.68,375.1,161.08,35.5,20.99,OVERHEATING
4320.44,0.9353,1076.33,527.95,199.12,-0.9,1.62,NORMAL
3960.81,0.794,969.36,465.78,195.17,-5.08,1.12,NORMAL
3586.8,0.6232,854.16,391.04,170.75,0.92,-0.9,NORMAL
3409.17,0.5618,807.55,365.31,160.26,0.02,0.8,NORMAL
4091.47,0.8619,1022.87,499.8,225.0,1.15,6.77,LUBRICATION_ISSUE
3694.91,0.6819,923.04,439.3,182.67,29.14,22.96,OVERHEATING
3949.71,0.7775,963.1,470.29,219.63,-0.87,11.91,LUBRICATION_ISSUE
2931.87,0.3572,660.6,283.33,148.44,-0.33,6.78,LUBRICATION_ISSUE
4044.71,0.7955,1008.09,487.08,197.76,28.58,19.37,OVERHEATING
3434.8,0.5696,843.45,381.26,164.69,29.96,13.16,OVERHEATING
4037.07,0.8055,987.95,480.62,224.73,2.81,9.54,LUBRICATION_ISSUE
3255.87,0.5051,800.0,358.52,157.41,34.16,19.02,OVERHEATING
3615.64,0.6531,893.42,428.6,176.13,20.8,25.03,OVERHEATING
4010.59,0.8203,1016.49,501.54,201.36,23.81,25.93,OVERHEATING
3543.4,0.6096,846.02,392.05,189.28,3.12,6.31,LUBRICATION_ISSUE
3547.44,0.6147,850.3,389.87,168.42,4.1,2.15,NORMAL
3842.4,0.7283,925.71,436.41,186.55,-3.39,-1.05,NORMAL
4102.78,0.8471,1015.5,499.73,228.47,2.12,11.7,LUBRICATION_ISSUE
3749.22,0.7008,907.21,422.42,181.43,-0.74,-2.35,NORMAL
3829.75,0.7332,929.02,438.08,185.67,-2.41,-0.78,NORMAL
3786.34,0.7275,929.91,443.17,208.83,4.12,7.7,LUBRICATION_ISSUE
3005.15,0.4139,700.51,297.35,139.85,1.89,-1.83,NORMAL
3521.26,0.6046,836.36,384.34,170.07,-2.48,1.04,NORMAL
2811.14,0.3179,631.32,257.9,126.09,0.02,-0.87,NORMAL
3559.05,0.6289,854.58,402.51,187.13,-0.7,9.34,LUBRICATION_ISSUE
4232.22,0.893,1050.96,515.79,226.46,3.53,7.34,LUBRICATION_ISSUE
3763.0,0.7051,906.34,432.61,212.24,-4.85,5.89,LUBRICATION_ISSUE
2767.36,0.3201,629.36,254.66,125.56,-1.09,-3.61,NORMAL
4140.33,0.8794,1069.64,516.93,203.33,35.01,16.15,OVERHEATING
2983.48,0.4046,698.23,303.63,165.23,6.29,8.46,LUBRICATION_ISSUE
3818.53,0.7119,944.24,444.47,189.88,26.15,13.61,OVERHEATING
3120.58,0.4433,721.1,311.54,143.08,-0.92,-1.68,NORMAL
3493.72,0.6084,840.91,387.79,187.53,1.16,3.94,LUBRICATION_ISSUE
4111.3,0.8457,1056.03,500.25,203.42,43.07,12.47,OVERHEATING
3442.24,0.5805,858.71,393.32,166.65,38.27,21.05,OVERHEATING
4319.37,0.9394,1082.56,527.57,198.34,2.95,-0.2,NORMAL
3077.75,0.4377,718.68,318.64,168.87,2.16,8.73,LUBRICATION_ISSUE
2934.9,0.3705,671.97,291.24,162.36,2.94,9.83,LUBRICATION_ISSUE
4049.3,0.838,1033.95,505.34,202.27,28.71,22.19,OVERHEATING
2861.13,0.3609,657.27,277.51,131.56,-2.32,1.76,NORMAL
3852.02,0.7399,940.04,447.4,204.8,3.52,5.49,LUBRICATION_ISSUE
4177.87,0.855,1022.09,499.43,223.78,0.19,6.29,LUBRICATION_ISSUE
3125.29,0.4503,728.28,330.03,177.91,1.82,14.15,LUBRICATION_ISSUE
3163.78,0.4828,746.44,328.57,149.94,-1.45,-0.17,NORMAL
4337.14,0.9249,1102.5,538.31,202.84,30.71,15.23,OVERHEATING
3701.49,0.677,926.04,434.0,183.69,34.75,19.23,OVERHEATING
3110.72,0.4558,730.88,327.23,173.7,1.84,9.81,LUBRICATION_ISSUE
3406.6,0.5603,826.79,382.99,166.91,20.26,19.07,OVERHEATING
3512.89,0.6252,853.93,390.11,171.31,3.18,-0.35,NORMAL
4377.92,0.9451,1084.93,530.59,200.89,-1.04,-0.99,NORMAL
3896.11,0.747,946.32,444.99,187.48,3.3,-0.82,NORMAL
3730.7,0.6819,928.79,445.09,182.99,33.1,27.67,OVERHEATING
4278.77,0.9234,1105.94,550.76,206.68,37.98,29.98,OVERHEATING
3091.3,0.4376,716.43,312.52,143.71,-0.72,2.23,NORMAL
4197.18,0.8821,1040.91,501.27,201.39,1.78,-2.21,NORMAL
2834.93,0.3412,648.74,270.09,130.45,2.28,2.21,NORMAL
2833.49,0.3429,646.49,264.66,129.8,-0.92,-3.79,NORMAL
4206.91,0.8821,1083.56,521.23,204.31,43.94,17.45,OVERHEATING
3541.65,0.6219,857.61,397.3,185.79,7.37,7.16,LUBRICATION_ISSUE
3425.02,0.5623,812.72,363.24,162.75,4.11,-1.93,NORMAL
3930.88,0.7758,964.23,466.05,221.23,2.19,8.82,LUBRICATION_ISSUE
3314.24,0.5029,764.62,338.81,154.64,-2.84,-1.67,NORMAL
3374.9,0.5387,832.3,371.02,161.5,40.33,15.84,OVERHEATING
2845.15,0.3481,650.21,271.34,131.69,-0.93,0.66,NORMAL
3832.89,0.7396,939.88,452.67,206.01,4.47,11.43,LUBRICATION_ISSUE
3590.06,0.648,868.18,397.04,176.75,-0.09,-3.92,NORMAL
3275.47,0.5098,803.54,354.8,151.84,33.87,13.0,OVERHEATING
4106.94,0.8129,1022.71,502.94,201.85,29.64,27.1,OVERHEATING
4254.83,0.8969,1099.7,533.58,200.33,48.83,23.06,OVERHEATING
3818.18,0.7315,931.57,448.72,218.24,1.75,10.83,LUBRICATION_ISSUE
3277.43,0.5116,773.93,349.98,178.57,3.13,7.49,LUBRICATION_ISSUE
3613.76,0.6419,866.07,403.09,195.76,0.27,3.61,LUBRICATION_ISSUE
3578.71,0.6454,897.02,430.04,173.58,30.87,30.35,OVERHEATING
4076.11,0.8307,1009.27,485.17,219.7,7.05,3.84,LUBRICATION_ISSUE
4024.44,0.8059,989.33,479.28,226.54,4.6,8.44,LUBRICATION_ISSUE
3000.27,0.4206,727.25,314.05,146.7,24.87,12.62,OVERHEATING
4338.41,0.94,1080.02,529.83,198.95,-0.92,1.27,NORMAL
3100.0,0.4493,728.52,322.34,171.63,3.96,7.6,LUBRICATION_ISSUE
4073.11,0.8471,1011.26,489.55,197.71,-0.63,2.41,NORMAL
3186.3,0.4806,742.67,325.95,149.65,-5.01,-2.66,NORMAL
3410.64,0.5828,825.66,378.87,180.48,5.46,6.74,LUBRICATION_ISSUE
3948.46,0.8091,1014.19,497.16,200.28,31.33,27.44,OVERHEATING
3290.28,0.5146,778.17,344.62,154.28,4.87,0.65,NORMAL
3448.15,0.5953,831.68,376.55,168.5,2.08,-1.21,NORMAL
4339.77,0.9393,1106.17,543.98,203.28,25.63,15.65,OVERHEATING
3869.44,0.7576,976.86,459.52,192.59,28.8,10.69,OVERHEATING
3233.49,0.4999,756.22,345.14,181.41,-5.4,8.17,LUBRICATION_ISSUE
2967.12,0.4013,687.11,299.08,153.09,-2.01,5.61,LUBRICATION_ISSUE
4184.27,0.8792,1077.55,513.45,203.41,40.82,11.41,OVERHEATING
3892.86,0.7553,979.28,471.81,192.15,31.48,23.13,OVERHEATING
4063.1,0.8427,1017.09,491.98,228.29,8.31,6.71,LUBRICATION_ISSUE
2834.79,0.3216,630.73,262.26,127.94,-3.95,1.45,NORMAL
3715.63,0.6568,878.62,420.05,200.61,-1.26,12.12,LUBRICATION_ISSUE
3873.88,0.7521,993.64,474.38,191.26,48.67,27.39,OVERHEATING
4277.69,0.9176,1098.18,541.35,204.44,33.72,22.67,OVERHEATING
4118.73,0.8342,1008.24,485.72,198.35,1.79,1.85,NORMAL
4059.66,0.8438,1006.98,493.24,214.32,-2.27,7.69,LUBRICATION_ISSUE
3816.1,0.7142,921.72,436.89,207.86,2.38,5.28,LUBRICATION_ISSUE
3768.38,0.7069,916.2,435.45,203.96,3.66,7.94,LUBRICATION_ISSUE
3994.87,0.8139,987.78,479.02,226.92,-0.31,6.16,LUBRICATION_ISSUE
3160.24,0.4667,774.06,345.0,151.6,36.03,22.18,OVERHEATING
3909.59,0.7465,942.31,453.81,211.25,-1.08,7.78,LUBRICATION_ISSUE
3925.5,0.7757,958.47,455.8,192.64,-3.24,-1.23,NORMAL
3145.23,0.4581,770.6,331.11,151.73,38.5,11.85,OVERHEATING
3998.55,0.8091,987.22,479.18,224.86,1.83,7.94,LUBRICATION_ISSUE
3774.5,0.6817,943.66,438.67,182.67,45.89,20.0,OVERHEATING
4231.16,0.8973,1084.92,523.79,200.4,35.01,13.84,OVERHEATING
3788.75,0.7274,933.28,439.84,202.2,7.39,4.3,LUBRICATION_ISSUE
3553.1,0.6067,841.6,384.34,170.09,-0.1,-0.68,NORMAL
3970.42,0.7735,1013.06,479.68,194.46,50.42,22.1,OVERHEATING
3775.46,0.7323,924.3,435.63,185.67,-3.84,-1.25,NORMAL
3642.64,0.6723,888.85,422.88,197.86,3.35,11.58,LUBRICATION_ISSUE
3080.69,0.4368,717.13,311.44,142.66,1.0,1.76,NORMAL
3462.41,0.5826,857.69,401.77,169.47,34.99,28.15,OVERHEATING
3723.63,0.6869,901.4,421.2,178.82,3.08,2.21,NORMAL
3985.14,0.7999,1006.21,478.7,198.15,27.0,11.17,OVERHEATING
3623.83,0.6541,871.62,402.71,173.71,-2.04,-1.49,NORMAL
4092.85,0.8311,1003.47,482.01,199.01,0.15,0.01,NORMAL
3831.97,0.7253,930.78,436.85,186.99,3.99,0.77,NORMAL
3892.36,0.7364,984.42,467.67,188.8,47.95,25.8,OVERHEATING
3724.1,0.69,937.28,432.79,184.53,37.08,12.67,OVERHEATING
3117.97,0.4302,716.05,308.71,145.37,2.04,0.31,NORMAL
2957.39,0.3756,673.72,282.78,134.99,0.47,-1.17,NORMAL
3504.13,0.6239,852.72,395.68,196.54,3.18,5.96,LUBRICATION_ISSUE
4202.98,0.8895,1082.91,520.3,197.35,39.08,13.99,OVERHEATING
3806.6,0.7264,972.69,449.23,189.46,46.51,13.52,OVERHEATING
2989.31,0.4185,744.03,317.46,140.86,43.49,17.14,OVERHEATING
3108.59,0.4584,777.81,328.27,148.67,47.36,10.0,OVERHEATING
3989.04,0.7961,975.71,471.84,217.21,-1.41,5.56,LUBRICATION_ISSUE
4104.85,0.8399,1009.45,486.49,202.37,0.27,0.98,NORMAL
3006.68,0.4134,698.17,300.72,142.85,-0.19,1.71,NORMAL
3731.46,0.685,896.03,423.56,209.21,-1.54,5.02,LUBRICATION_ISSUE
4240.29,0.9134,1096.54,540.62,203.45,36.47,24.57,OVERHEATING
3301.64,0.523,806.68,370.5,159.19,27.81,23.18,OVERHEATING
3497.72,0.5973,876.91,403.36,170.27,43.63,23.39,OVERHEATING
3095.53,0.4248,714.19,305.3,145.69,4.52,-0.5,NORMAL
4211.49,0.8702,1031.46,495.53,198.49,-1.22,-4.08,NORMAL
4018.56,0.8312,997.85,481.16,198.77,-1.83,1.35,NORMAL
3162.86,0.4827,750.12,339.42,165.68,2.37,10.77,LUBRICATION_ISSUE
3284.29,0.5297,779.17,359.54,172.65,-2.87,10.32,LUBRICATION_ISSUE
3178.47,0.5074,764.13,343.29,175.75,0.79,5.28,LUBRICATION_ISSUE
3703.08,0.6977,901.64,421.68,179.58,-2.13,-0.58,NORMAL
3518.86,0.5882,832.81,380.6,166.89,3.94,3.28,NORMAL
2972.65,0.383,680.19,284.92,134.35,1.75,-2.14,NORMAL
4161.68,0.8785,1030.68,501.44,198.72,-4.5,0.33,NORMAL
2869.48,0.3658,666.77,276.43,133.67,3.84,-1.33,NORMAL
3153.47,0.4812,748.18,326.47,146.92,1.81,-1.35,NORMAL
4341.51,0.9388,1080.02,530.2,202.55,-0.32,1.99,NORMAL
3325.28,0.5627,836.09,377.42,163.06,32.23,15.1,OVERHEATING
3374.38,0.5439,826.91,380.23,163.55,31.84,23.19,OVERHEATING
3151.25,0.4298,716.62,309.51,142.31,1.18,0.24,NORMAL
3512.07,0.6027,872.61,398.31,171.56,35.36,15.96,OVERHEATING
3429.92,0.5558,808.84,372.21,190.69,3.86,9.22,LUBRICATION_ISSUE
3272.25,0.5201,780.94,349.78,172.83,5.26,4.37,LUBRICATION_ISSUE
3452.43,0.5621,843.1,385.41,164.64,33.22,19.49,OVERHEATING
3432.72,0.5789,820.9,371.45,161.69,1.9,0.05,NORMAL
3989.72,0.8069,987.68,472.51,196.92,4.07,2.34,NORMAL
4030.58,0.817,1016.75,490.21,204.17,25.04,15.18,OVERHEATING
3604.97,0.6394,862.66,403.58,188.57,-1.23,5.25,LUBRICATION_ISSUE
4081.72,0.8462,1018.79,489.34,216.93,7.0,2.27,LUBRICATION_ISSUE
4031.68,0.8342,1003.95,486.04,224.43,1.86,4.78,LUBRICATION_ISSUE
3420.89,0.5658,847.28,384.95,166.15,36.75,18.63,OVERHEATING
4379.17,0.9482,1088.11,535.11,199.82,0.22,2.38,NORMAL
3669.44,0.6514,876.81,404.62,175.53,2.49,0.03,NORMAL
4102.85,0.8308,1003.88,484.46,199.42,0.24,2.28,NORMAL
3416.9,0.5589,824.17,376.87,162.17,18.01,13.17,OVERHEATING
4287.24,0.9094,1098.12,531.56,200.81,38.11,15.55,OVERHEATING
3140.46,0.4799,747.21,322.84,149.03,2.25,-4.13,NORMAL
4118.28,0.8492,1046.0,514.91,202.29,30.54,25.64,OVERHEATING
3621.45,0.658,905.17,425.68,180.1,29.27,20.14,OVERHEATING
3906.9,0.7747,963.26,458.17,217.59,3.08,2.06,LUBRICATION_ISSUE
3404.68,0.5466,839.18,372.25,162.48,40.98,13.33,OVERHEATING
3368.09,0.5443,792.57,359.95,158.57,-2.41,2.96,NORMAL
3052.46,0.4002,699.43,296.92,139.3,6.69,1.28,NORMAL
3844.07,0.7469,943.02,447.47,205.65,2.67,3.26,LUBRICATION_ISSUE
3685.34,0.674,890.76,421.16,206.81,2.1,7.96,LUBRICATION_ISSUE
2917.07,0.3715,664.38,281.86,134.15,-4.39,0.59,NORMAL
3260.8,0.5047,766.68,341.65,153.31,0.82,2.14,NORMAL
3991.95,0.7852,971.97,464.08,196.99,1.24,1.64,NORMAL
3505.43,0.5958,834.48,384.24,186.16,1.75,4.6,LUBRICATION_ISSUE
3077.56,0.426,712.03,306.04,142.14,2.54,0.35,NORMAL
4299.84,0.8981,1057.26,518.03,221.21,3.4,5.71,LUBRICATION_ISSUE
3796.39,0.7305,930.85,435.33,185.06,2.76,-1.52,NORMAL
4245.48,0.9279,1106.08,543.82,201.97,37.06,22.4,OVERHEATING
3284.15,0.4948,793.61,355.87,158.7,32.49,19.2,OVERHEATING
3024.09,0.4192,702.56,304.12,139.86,-0.19,2.47,NORMAL
3308.08,0.5217,819.52,370.96,155.14,41.12,23.92,OVERHEATING
4048.97,0.8257,1003.93,481.71,229.9,6.03,2.97,LUBRICATION_ISSUE
4233.81,0.9026,1052.39,508.55,199.85,-0.84,-3.39,NORMAL
4152.14,0.8574,1020.36,490.38,199.22,-1.69,-2.84,NORMAL
3236.82,0.4895,793.54,355.98,153.41,38.02,22.67,OVERHEATING
3383.9,0.5759,823.49,377.41,194.97,8.73,8.56,LUBRICATION_ISSUE
3009.77,0.4081,695.93,294.33,139.94,0.6,-2.87,NORMAL
3507.43,0.5933,858.88,392.78,171.4,27.53,13.97,OVERHEATING
3302.31,0.5259,786.31,349.5,154.13,5.66,1.11,NORMAL
3911.12,0.7839,968.63,465.87,207.08,2.73,6.33,LUBRICATION_ISSUE
3525.97,0.6055,868.96,398.28,169.76,29.38,14.54,OVERHEATING
4055.87,0.8218,997.56,472.47,198.73,1.67,-5.06,NORMAL
3936.1,0.7727,954.81,465.61,218.07,-5.59,9.37,LUBRICATION_ISSUE
3655.51,0.6701,916.3,427.11,179.82,31.44,16.2,OVERHEATING
3438.55,0.5853,868.0,399.44,165.79,44.89,25.58,OVERHEATING
2889.91,0.3602,665.3,283.29,164.25,4.71,6.93,LUBRICATION_ISSUE
3804.27,0.7167,925.89,430.61,182.19,5.63,-1.55,NORMAL
4073.43,0.82,996.39,480.66,218.72,0.72,3.26,LUBRICATION_ISSUE
3159.03,0.4627,732.27,333.25,164.51,-3.31,11.9,LUBRICATION_ISSUE
3988.86,0.8003,983.37,467.54,196.81,3.73,-0.25,NORMAL
3869.83,0.7502,945.01,455.14,204.14,1.4,8.97,LUBRICATION_ISSUE
2921.84,0.3666,667.3,279.27,132.61,1.23,-0.37,NORMAL
3156.13,0.4745,788.95,339.33,148.52,46.43,13.81,OVERHEATING
3812.14,0.7155,917.0,432.46,185.51,-2.9,0.52,NORMAL
4131.5,0.8741,1026.99,497.21,202.93,-4.07,-1.42,NORMAL
3873.05,0.7403,938.18,441.42,187.32,0.34,-1.28,NORMAL
2838.9,0.3565,652.1,275.29,129.75,-3.77,1.77,NORMAL
3953.68,0.7735,965.32,457.44,190.41,3.52,0.36,NORMAL
3006.32,0.4142,699.84,309.27,171.6,0.98,9.96,LUBRICATION_ISSUE
4020.12,0.7946,986.44,472.7,226.34,8.66,6.04,LUBRICATION_ISSUE
3786.7,0.7092,944.55,448.81,186.32,29.72,19.91,OVERHEATING
3170.59,0.4795,749.3,330.56,167.12,3.07,2.83,LUBRICATION_ISSUE
2991.92,0.3983,700.24,304.46,157.47,11.65,11.31,LUBRICATION_ISSUE
4181.3,0.8605,1027.36,500.48,223.83,2.0,5.26,LUBRICATION_ISSUE
3804.57,0.7231,963.2,461.09,187.79,39.14,26.65,OVERHEATING
4212.51,0.8924,1048.41,516.04,217.33,2.37,8.41,LUBRICATION_ISSUE
3509.29,0.622,852.33,392.96,195.58,3.66,3.75,LUBRICATION_ISSUE
3511.66,0.6187,879.14,406.2,173.83,32.33,18.12,OVERHEATING
4208.76,0.8899,1039.9,505.05,201.12,-4.49,-1.58,NORMAL
3437.17,0.5792,825.54,383.96,185.96,6.17,12.33,LUBRICATION_ISSUE
4242.11,0.8903,1050.64,509.36,200.47,4.33,1.57,NORMAL
3618.72,0.6445,864.05,401.78,174.59,-3.56,1.22,NORMAL
3137.54,0.465,741.94,332.42,172.76,6.07,10.9,LUBRICATION_ISSUE
3562.46,0.6021,841.38,390.27,189.5,1.98,6.63,LUBRICATION_ISSUE
3080.3,0.4217,749.21,318.33,144.29,42.17,14.11,OVERHEATING
3464.76,0.5808,825.67,372.61,165.76,3.93,-0.43,NORMAL
3265.69,0.4898,759.23,337.14,181.0,2.05,2.83,LUBRICATION_ISSUE
3097.48,0.4248,711.2,305.45,141.16,1.44,-0.41,NORMAL
3199.18,0.4617,739.51,321.48,146.87,2.55,-0.7,NORMAL
3426.84,0.5957,831.6,381.64,178.5,2.84,4.39,LUBRICATION_ISSUE
3980.67,0.7966,1000.4,484.14,197.86,23.4,17.93,OVERHEATING
3410.69,0.544,806.2,368.17,173.86,9.23,9.99,LUBRICATION_ISSUE
3718.43,0.6853,901.65,430.08,198.92,4.52,11.8,LUBRICATION_ISSUE
3126.73,0.4369,722.87,320.19,161.56,4.37,9.09,LUBRICATION_ISSUE
3121.9,0.4383,722.89,319.08,164.02,3.83,7.64,LUBRICATION_ISSUE
3002.1,0.4116,723.91,326.62,139.36,26.82,28.37,OVERHEATING
3057.61,0.4116,753.99,319.81,141.54,54.16,19.92,OVERHEATING
3318.03,0.5295,786.36,349.9,158.98,2.76,-0.26,NORMAL
3357.14,0.5459,793.41,357.3,159.24,-1.99,0.06,NORMAL
3468.43,0.603,835.49,391.19,192.68,0.29,10.07,LUBRICATION_ISSUE
3945.42,0.7755,964.63,454.99,195.06,2.08,-2.54,NORMAL
3001.19,0.4001,688.59,303.39,169.05,-1.54,9.31,LUBRICATION_ISSUE
4162.2,0.8514,1054.96,507.23,204.34,36.01,15.86,OVERHEATING
4026.06,0.7875,1011.35,483.7,193.08,37.57,19.43,OVERHEATING
3736.54,0.6941,925.13,443.82,184.25,21.82,21.83,OVERHEATING
3869.88,0.7557,951.18,454.92,215.88,4.27,6.77,LUBRICATION_ISSUE
3805.36,0.719,946.31,456.57,184.29,24.65,23.57,OVERHEATING
3148.83,0.4567,736.92,324.35,172.29,5.45,5.47,LUBRICATION_ISSUE
3587.16,0.6488,900.94,421.68,175.94,32.32,20.51,OVERHEATING
4143.45,0.8695,1031.48,505.83,220.39,2.6,8.51,LUBRICATION_ISSUE
4025.99,0.8263,1041.75,496.46,204.71,44.65,18.2,OVERHEATING
4016.42,0.8196,995.38,472.03,200.23,2.79,-3.53,NORMAL
3764.57,0.7109,948.58,444.41,185.11,33.81,15.55,OVERHEATING
4296.08,0.9037,1056.99,517.77,199.31,-0.03,3.55,NORMAL
3202.08,0.4674,742.28,327.51,166.3,1.76,3.2,LUBRICATION_ISSUE
4376.35,0.9492,1086.47,534.0,195.72,-1.88,0.99,NORMAL
4249.6,0.9103,1088.6,533.3,203.36,29.93,18.1,OVERHEATING
3588.93,0.6413,900.52,414.78,175.33,36.28,16.24,OVERHEATING
2961.84,0.396,684.54,297.3,161.22,-1.16,5.88,LUBRICATION_ISSUE
4037.98,0.824,998.06,476.7,197.42,1.74,-1.09,NORMAL
3661.41,0.6713,889.76,418.21,199.06,3.89,6.68,LUBRICATION_ISSUE
4217.45,0.8786,1032.79,512.39,216.87,-5.26,9.57,LUBRICATION_ISSUE
3113.36,0.454,730.73,316.24,147.48,2.68,-0.59,NORMAL
3332.8,0.5129,777.01,344.6,157.09,2.64,-0.02,NORMAL
3198.51,0.489,786.66,355.22,154.65,33.31,23.21,OVERHEATING
3262.25,0.5094,803.18,359.65,155.97,34.43,18.4,OVERHEATING
3767.29,0.7017,930.88,433.07,186.46,21.51,7.45,OVERHEATING
4079.64,0.8461,1010.13,490.38,199.89,-1.5,3.41,NORMAL
3487.08,0.6103,836.33,383.15,169.66,-4.19,-1.17,NORMAL
3608.99,0.6553,904.61,419.53,178.02,30.95,15.33,OVERHEATING
4021.23,0.8076,987.32,482.74,211.86,1.67,11.35,LUBRICATION_ISSUE
3819.08,0.7238,927.71,441.0,203.22,2.47,5.86,LUBRICATION_ISSUE
3638.35,0.6701,885.46,409.45,176.64,1.49,-0.93,NORMAL
3217.74,0.504,808.8,360.69,156.21,45.49,22.71,OVERHEATING
3776.29,0.6992,908.35,432.79,208.79,-0.01,7.78,LUBRICATION_ISSUE
3897.18,0.7559,993.21,463.68,192.12,44.79,14.63,OVERHEATING
3295.5,0.5316,786.08,359.17,181.99,2.33,8.92,LUBRICATION_ISSUE
3852.87,0.7181,925.27,442.57,199.52,1.79,8.48,LUBRICATION_ISSUE
3523.63,0.6055,841.34,381.51,167.66,1.86,-2.18,NORMAL
3566.42,0.6213,853.1,395.99,200.04,2.0,5.32,LUBRICATION_ISSUE
4020.49,0.8145,1030.28,494.73,200.04,40.54,20.89,OVERHEATING
3864.73,0.7338,935.79,446.31,208.29,2.28,6.21,LUBRICATION_ISSUE
4001.04,0.7766,972.83,457.24,192.69,6.84,-2.35,NORMAL
3772.47,0.6851,903.75,429.71,211.13,4.08,9.91,LUBRICATION_ISSUE
3952.82,0.7803,965.16,457.58,193.28,-0.64,-1.9,NORMAL
3203.89,0.4753,750.83,330.23,174.63,5.46,3.0,LUBRICATION_ISSUE
4070.61,0.8114,994.54,482.62,221.53,4.19,8.41,LUBRICATION_ISSUE
3011.8,0.4033,732.67,313.08,142.31,40.07,17.52,OVERHEATING
3580.88,0.6464,863.2,401.53,176.3,-3.7,1.39,NORMAL
3256.02,0.5137,800.85,367.7,153.1,29.82,25.08,OVERHEATING
3324.9,0.533,828.0,366.63,159.47,41.92,14.98,OVERHEATING
3056.39,0.4276,710.5,311.58,159.93,1.14,5.96,LUBRICATION_ISSUE
4009.76,0.8051,1012.37,481.69,198.86,28.84,11.58,OVERHEATING
3792.78,0.7063,919.59,436.78,215.2,6.19,8.74,LUBRICATION_ISSUE
4094.73,0.8282,1043.73,500.62,204.8,42.05,19.62,OVERHEATING
4032.34,0.7891,976.11,468.28,194.26,1.05,3.25,NORMAL
4151.01,0.8357,1014.45,497.19,230.75,5.45,11.8,LUBRICATION_ISSUE
2967.7,0.3857,681.29,294.64,159.13,1.46,6.74,LUBRICATION_ISSUE
3760.03,0.7129,918.04,434.49,207.98,2.33,5.06,LUBRICATION_ISSUE
3681.0,0.6817,924.62,429.11,185.31,31.57,13.28,OVERHEATING
3910.35,0.767,956.52,453.92,193.22,0.81,0.49,NORMAL
3873.59,0.7665,995.87,475.74,199.54,42.31,23.6,OVERHEATING
4173.9,0.8702,1055.65,519.13,207.18,24.83,20.64,OVERHEATING
3176.27,0.4905,758.44,329.4,149.4,5.29,-2.48,NORMAL
3869.65,0.7555,988.37,468.24,196.77,41.58,20.16,OVERHEATING
4105.04,0.8393,1031.17,505.29,206.48,22.34,20.0,OVERHEATING
3450.91,0.5733,861.13,384.25,165.08,44.64,14.35,OVERHEATING
4061.51,0.8168,993.5,482.01,217.36,0.34,6.11,LUBRICATION_ISSUE
3249.67,0.511,770.68,348.91,173.81,1.59,7.46,LUBRICATION_ISSUE
2986.31,0.4,687.25,291.29,135.24,-2.08,-2.31,NORMAL
3148.67,0.4408,766.49,335.65,150.38,44.58,22.5,OVERHEATING
4205.1,0.8767,1036.34,507.17,225.63,0.08,5.41,LUBRICATION_ISSUE
3273.88,0.5178,775.88,345.47,155.48,1.48,0.84,NORMAL
3492.19,0.5952,870.28,393.48,168.97,38.52,14.42,OVERHEATING
3325.92,0.5243,781.47,349.92,153.98,0.59,1.39,NORMAL
3981.9,0.8042,979.0,475.55,228.08,-2.62,6.58,LUBRICATION_ISSUE
3447.37,0.5793,858.05,385.13,166.9,38.07,13.14,OVERHEATING
2763.05,0.3202,634.63,258.01,127.73,4.33,-0.16,NORMAL
3753.49,0.7144,913.79,434.2,213.61,-2.51,4.42,LUBRICATION_ISSUE
2945.46,0.364,667.8,281.38,131.99,2.16,1.99,NORMAL
3510.32,0.5996,836.4,379.97,167.53,1.13,-1.19,NORMAL
3433.82,0.5863,820.84,371.55,163.4,-2.62,-2.52,NORMAL
2944.92,0.376,674.54,281.95,133.97,1.71,-1.75,NORMAL
3168.08,0.4748,746.3,325.43,148.62,2.99,-0.55,NORMAL
2818.81,0.3078,626.7,253.65,125.08,1.08,-1.73,NORMAL
2894.51,0.3738,666.5,293.23,161.28,-2.53,11.81,LUBRICATION_ISSUE
4063.32,0.8257,1030.0,500.86,204.35,31.43,21.72,OVERHEATING
4181.57,0.8662,1048.93,525.53,199.28,20.14,28.25,OVERHEATING
4038.05,0.8011,1007.89,488.99,197.09,25.33,19.46,OVERHEATING
3747.91,0.7135,915.35,438.01,214.17,-0.12,8.72,LUBRICATION_ISSUE
3914.5,0.7529,975.04,467.53,190.49,27.59,19.06,OVERHEATING
3315.95,0.5455,796.45,360.81,179.95,3.36,4.96,LUBRICATION_ISSUE
4310.91,0.9219,1098.36,545.85,201.33,29.67,24.64,OVERHEATING
3521.96,0.6292,897.47,410.56,176.94,43.86,18.39,OVERHEATING
2931.2,0.3603,667.77,288.7,150.53,5.03,11.06,LUBRICATION_ISSUE
3649.22,0.667,918.26,426.47,179.66,35.59,16.87,OVERHEATING
2972.27,0.3869,682.01,289.57,135.89,1.25,1.12,NORMAL
3698.51,0.6784,923.47,426.48,179.91,31.49,11.29,OVERHEATING
3450.89,0.5811,819.58,382.76,187.18,-1.64,10.02,LUBRICATION_ISSUE
4096.79,0.8359,1005.64,486.23,200.21,-0.75,2.4,NORMAL
3886.53,0.7602,952.1,449.36,189.4,1.63,-0.93,NORMAL
3404.74,0.5742,821.01,377.74,194.79,6.27,8.89,LUBRICATION_ISSUE
2951.18,0.4052,688.65,292.57,137.78,-2.06,-1.86,NORMAL
3003.76,0.4136,737.86,320.76,139.55,39.49,21.74,OVERHEATING
3141.79,0.4633,787.06,332.75,153.08,52.02,11.73,OVERHEATING
3325.27,0.5313,790.3,357.95,182.49,5.26,6.92,LUBRICATION_ISSUE
3177.66,0.4499,730.05,324.16,165.26,1.23,6.86,LUBRICATION_ISSUE
3361.44,0.5706,840.93,398.57,164.34,30.51,32.31,OVERHEATING
4358.17,0.949,1112.44,551.43,201.96,25.13,19.04,OVERHEATING
3362.8,0.5285,825.95,367.12,161.54,40.71,15.98,OVERHEATING
3073.78,0.4381,721.54,318.81,161.66,4.99,8.87,LUBRICATION_ISSUE
3261.02,0.5148,815.77,366.94,158.05,43.84,23.78,OVERHEATING
3270.71,0.4937,780.61,357.9,156.49,20.83,22.03,OVERHEATING
2980.61,0.4016,693.99,291.6,139.34,3.99,-2.39,NORMAL
3320.62,0.547,798.73,355.87,158.53,4.51,-0.66,NORMAL
4046.53,0.8414,1045.38,502.48,201.2,38.21,18.18,OVERHEATING
3471.16,0.5738,819.59,370.25,162.13,1.75,-0.45,NORMAL
3418.1,0.5712,812.6,371.16,162.01,-1.02,2.99,NORMAL
3555.97,0.6085,883.51,404.97,173.97,40.59,19.22,OVERHEATING
2984.77,0.4017,723.58,317.72,142.14,33.31,23.55,OVERHEATING
3609.42,0.6356,862.2,396.65,175.43,0.38,-0.44,NORMAL
3722.79,0.6832,937.25,434.66,182.2,41.18,17.02,OVERHEATING
4245.66,0.9193,1105.17,544.97,199.44,41.3,26.65,OVERHEATING
3098.56,0.4433,717.44,312.94,144.78,-3.48,0.4,NORMAL
3675.09,0.6739,889.27,419.06,199.09,1.2,6.22,LUBRICATION_ISSUE
3749.25,0.7153,919.94,437.42,205.65,3.28,7.43,LUBRICATION_ISSUE
3691.99,0.6669,930.39,428.59,176.94,45.65,17.74,OVERHEATING
3557.63,0.6223,882.93,412.59,173.43,31.69,21.85,OVERHEATING
3920.77,0.7582,977.15,464.88,194.1,26.22,14.32,OVERHEATING
3593.18,0.6405,868.55,405.33,203.37,4.61,6.97,LUBRICATION_ISSUE
4325.73,0.9406,1112.19,541.42,203.65,31.53,13.03,OVERHEATING
4051.06,0.8045,979.21,478.61,228.65,-6.04,7.46,LUBRICATION_ISSUE
4222.16,0.9101,1103.17,535.82,202.77,46.01,21.52,OVERHEATING
3861.76,0.7451,984.56,465.75,191.01,44.44,21.67,OVERHEATING
3113.72,0.4484,757.47,336.24,147.34,32.74,21.41,OVERHEATING
3917.19,0.7671,955.53,462.19,207.12,-0.62,8.5,LUBRICATION_ISSUE
2869.5,0.3562,655.77,280.19,147.2,-1.42,5.88,LUBRICATION_ISSUE
3349.55,0.5511,832.8,378.94,163.23,34.69,20.07,OVERHEATING
3291.61,0.5197,803.98,369.79,158.26,27.56,23.94,OVERHEATING
2808.11,0.328,633.66,261.53,127.85,-3.55,-0.8,NORMAL
4154.93,0.8598,1031.18,503.41,219.36,7.55,9.22,LUBRICATION_ISSUE
3883.35,0.7301,956.08,455.02,191.54,23.85,15.68,OVERHEATING
3078.49,0.4317,717.01,316.25,175.56,4.07,8.48,LUBRICATION_ISSUE
3688.01,0.6653,887.81,418.58,205.28,4.23,8.43,LUBRICATION_ISSUE
3571.69,0.6221,851.52,397.65,188.68,-0.3,6.55,LUBRICATION_ISSUE
3853.09,0.7383,981.2,452.16,189.96,45.57,10.78,OVERHEATING
3004.82,0.4023,718.61,316.44,141.56,27.0,21.47,OVERHEATING
4020.12,0.7963,1024.73,481.54,194.45,45.92,14.25,OVERHEATING
4065.58,0.8374,1008.93,497.34,228.81,3.19,13.89,LUBRICATION_ISSUE
3780.85,0.7173,956.57,450.02,183.18,37.14,18.36,OVERHEATING
3422.06,0.5818,818.09,369.59,161.83,-2.07,-2.51,NORMAL
3629.48,0.6478,908.59,424.55,178.23,38.41,22.44,OVERHEATING
3379.11,0.5399,793.85,362.88,184.05,0.97,7.15,LUBRICATION_ISSUE
3166.21,0.4685,744.75,329.33,173.53,5.34,5.68,LUBRICATION_ISSUE
3390.87,0.555,799.69,369.9,189.63,-2.87,8.37,LUBRICATION_ISSUE
3325.37,0.5279,838.01,375.82,163.69,54.99,26.01,OVERHEATING
3155.3,0.4559,768.12,333.39,151.8,36.84,14.62,OVERHEATING
3490.62,0.6081,840.89,382.56,166.69,1.51,-1.06,NORMAL
4006.63,0.8163,1033.94,497.44,199.31,43.83,23.37,OVERHEATING
3626.24,0.643,869.76,399.08,173.61,2.66,-1.18,NORMAL
2921.47,0.3598,667.85,287.08,147.95,5.9,9.91,LUBRICATION_ISSUE
3410.15,0.567,810.7,368.56,164.05,0.01,2.14,NORMAL
3088.95,0.4366,741.21,326.79,148.89,24.78,16.93,OVERHEATING
4159.94,0.8537,1058.58,517.61,202.97,38.36,25.47,OVERHEATING
3030.57,0.4153,734.22,319.6,145.07,33.5,19.17,OVERHEATING
3633.14,0.6638,880.03,407.41,175.85,0.11,-0.54,NORMAL
3002.48,0.4004,689.88,291.39,139.89,-0.48,-2.83,NORMAL
3255.14,0.5117,771.01,348.2,183.99,1.22,6.33,LUBRICATION_ISSUE
3498.47,0.6066,837.39,384.23,167.51,-1.46,0.92,NORMAL
4233.54,0.8851,1041.71,507.97,200.55,-1.0,2.35,NORMAL
4248.27,0.8916,1049.39,511.32,222.68,2.01,2.89,LUBRICATION_ISSUE
3283.69,0.5316,779.3,357.87,179.32,-3.87,7.97,LUBRICATION_ISSUE
3650.62,0.6669,920.12,428.5,175.04,37.45,18.9,OVERHEATING
4220.82,0.884,1043.78,509.76,217.76,2.31,4.88,LUBRICATION_ISSUE
3847.11,0.7318,975.28,457.42,187.27,43.83,18.54,OVERHEATING
4081.83,0.8423,1016.63,495.42,223.34,7.14,9.72,LUBRICATION_ISSUE
3697.08,0.6928,906.03,418.85,179.1,5.49,-1.47,NORMAL
3032.66,0.4077,735.19,312.35,138.61,38.94,14.6,OVERHEATING
3465.71,0.5846,828.39,382.38,190.45,4.37,7.97,LUBRICATION_ISSUE
3139.18,0.4568,771.89,337.43,151.75,40.84,18.81,OVERHEATING
3544.31,0.6213,848.48,396.63,201.27,-1.54,6.62,LUBRICATION_ISSUE
4061.37,0.8389,1010.48,489.55,220.56,4.08,5.71,LUBRICATION_ISSUE
2973.06,0.3957,685.25,289.51,137.14,-0.79,-2.12,NORMAL
3255.71,0.4847,785.6,350.16,150.57,32.0,18.0,OVERHEATING
3378.63,0.5457,800.34,363.72,191.01,4.01,5.92,LUBRICATION_ISSUE
3851.02,0.7593,950.92,450.19,187.32,2.78,1.31,NORMAL
4229.46,0.9037,1053.16,507.87,200.27,-0.54,-4.35,NORMAL
3771.16,0.7083,960.81,446.83,184.66,47.28,18.72,OVERHEATING
4013.45,0.8177,991.17,475.54,197.13,-0.15,0.75,NORMAL
3129.44,0.4588,736.55,330.47,170.5,4.81,11.43,LUBRICATION_ISSUE
4129.71,0.8647,1026.94,505.73,222.54,1.64,10.55,LUBRICATION_ISSUE
3182.68,0.4735,742.92,332.86,164.72,-0.29,6.93,LUBRICATION_ISSUE
4054.72,0.8361,1044.54,500.27,203.27,40.16,17.64,OVERHEATING
3540.04,0.6208,847.53,386.94,167.11,-1.96,-2.76,NORMAL
3868.54,0.7539,952.65,452.1,219.73,6.89,4.64,LUBRICATION_ISSUE
2918.55,0.35,655.91,273.18,131.3,0.01,-0.36,NORMAL
3261.64,0.5134,810.69,357.25,156.49,39.58,14.58,OVERHEATING
2987.98,0.4085,693.83,296.07,140.06,-0.64,-0.62,NORMAL
3332.57,0.5276,787.26,356.84,183.33,4.08,6.94,LUBRICATION_ISSUE
3853.44,0.7405,955.68,458.88,194.44,18.71,16.7,OVERHEATING
3391.96,0.553,831.91,375.24,166.82,30.5,14.39,OVERHEATING
4063.49,0.8137,1037.76,496.92,203.23,46.37,22.09,OVERHEATING
2981.73,0.3898,687.53,295.4,153.55,4.59,5.63,LUBRICATION_ISSUE
2989.58,0.3986,692.56,297.24,166.83,3.95,4.07,LUBRICATION_ISSUE
4028.13,0.8341,1034.07,492.73,206.95,32.2,11.6,OVERHEATING
3964.18,0.7958,1003.5,481.5,198.04,27.84,16.1,OVERHEATING
3201.0,0.473,741.08,329.61,172.69,-2.78,3.29,LUBRICATION_ISSUE
3224.86,0.4833,749.11,327.17,148.42,-2.13,-3.58,NORMAL
3240.96,0.4979,760.95,344.44,165.19,0.16,7.97,LUBRICATION_ISSUE
3519.3,0.6226,871.81,412.56,171.84,22.31,22.86,OVERHEATING
3286.01,0.4994,759.4,340.8,151.49,-4.55,2.44,NORMAL
3425.92,0.5672,813.12,363.79,163.66,1.53,-3.16,NORMAL
3931.59,0.7893,970.57,471.71,215.53,0.43,9.62,LUBRICATION_ISSUE
3158.07,0.464,736.52,321.93,147.04,0.22,0.15,NORMAL
2985.64,0.394,689.44,292.15,170.35,3.75,0.74,LUBRICATION_ISSUE
3177.92,0.4878,746.79,328.52,150.56,-4.8,-2.43,NORMAL
3939.24,0.7724,1005.72,481.06,194.03,45.33,24.83,OVERHEATING
3153.11,0.4682,737.81,322.83,148.36,-0.77,-0.32,NORMAL
4031.01,0.8018,982.4,469.22,201.32,-0.23,-0.36,NORMAL
3965.01,0.8046,981.55,475.18,227.12,0.56,6.58,LUBRICATION_ISSUE
4177.47,0.8655,1027.14,506.9,218.07,-1.06,9.99,LUBRICATION_ISSUE
3587.6,0.6205,892.6,402.72,170.44,40.9,11.7,OVERHEATING
4131.55,0.8539,1063.62,512.66,205.69,44.69,21.31,OVERHEATING
3410.61,0.5813,818.53,370.74,164.75,-0.8,-0.86,NORMAL
3925.27,0.7871,969.17,463.13,192.44,0.66,2.02,NORMAL
3690.27,0.6604,885.34,416.17,200.87,4.59,7.72,LUBRICATION_ISSUE
4224.59,0.9177,1064.19,517.05,201.8,2.35,-0.05,NORMAL
3516.76,0.5915,874.82,397.29,169.96,44.11,18.87,OVERHEATING
3448.04,0.5797,815.93,372.39,163.02,-4.29,0.26,NORMAL
2896.59,0.3595,662.41,276.68,130.11,1.86,0.36,NORMAL
3790.56,0.6897,944.08,447.23,183.6,40.76,25.24,OVERHEATING
4003.27,0.8086,984.92,480.59,215.25,-0.44,9.38,LUBRICATION_ISSUE
3095.07,0.4394,719.74,320.29,168.24,1.37,9.26,LUBRICATION_ISSUE
2989.11,0.4057,694.92,295.9,137.56,2.03,0.16,NORMAL
4387.36,0.9398,1107.99,542.09,203.27,24.76,12.15,OVERHEATING
3394.16,0.553,830.38,378.39,164.25,28.89,17.49,OVERHEATING
2930.34,0.368,672.86,288.43,162.33,5.54,8.04,LUBRICATION_ISSUE
3272.12,0.4957,792.55,358.31,156.29,31.54,21.7,OVERHEATING
3459.03,0.5864,851.91,388.84,165.85,27.11,13.96,OVERHEATING
3141.68,0.4678,773.47,338.56,147.14,35.71,15.9,OVERHEATING
3953.41,0.7802,969.44,468.36,218.67,3.64,8.89,LUBRICATION_ISSUE
3831.47,0.7238,922.98,434.0,183.47,-2.86,-1.5,NORMAL
3768.22,0.7217,914.47,434.57,183.04,-6.95,1.72,NORMAL
4210.73,0.8761,1040.16,511.84,227.76,3.98,10.13,LUBRICATION_ISSUE
3851.19,0.7327,963.51,457.99,188.8,31.32,18.68,OVERHEATING
3045.26,0.4129,739.67,327.29,147.85,39.66,27.29,OVERHEATING
3702.05,0.6724,892.95,423.05,191.31,4.43,9.94,LUBRICATION_ISSUE
3555.75,0.6398,895.09,423.68,175.21,33.4,26.67,OVERHEATING
3317.22,0.5479,795.78,363.67,177.32,1.15,6.89,LUBRICATION_ISSUE
2850.08,0.3515,654.34,278.31,154.58,0.93,6.26,LUBRICATION_ISSUE
3752.23,0.7098,914.34,436.04,208.37,0.85,7.95,LUBRICATION_ISSUE
3459.96,0.5917,824.02,380.08,167.11,-3.97,3.28,NORMAL
3830.49,0.7042,919.93,432.19,217.14,5.89,3.76,LUBRICATION_ISSUE
3359.63,0.5285,785.97,353.63,186.05,0.88,2.58,LUBRICATION_ISSUE
3755.13,0.688,899.46,419.13,178.45,-1.1,-1.2,NORMAL
3374.21,0.5479,797.53,369.01,177.11,0.07,10.54,LUBRICATION_ISSUE
3381.98,0.5739,840.62,396.55,164.28,27.21,28.5,OVERHEATING
3368.94,0.554,800.73,368.37,187.72,-0.12,7.86,LUBRICATION_ISSUE
3162.31,0.4551,739.41,326.64,171.87,8.26,7.94,LUBRICATION_ISSUE
2920.47,0.3596,663.28,283.64,155.0,1.52,6.59,LUBRICATION_ISSUE
4361.49,0.9437,1083.3,533.15,201.63,-1.01,2.56,NORMAL
3448.63,0.5928,869.02,402.32,163.03,40.93,25.46,OVERHEATING
2977.2,0.3643,672.87,287.64,150.5,5.4,7.16,LUBRICATION_ISSUE
4220.36,0.8729,1060.47,513.35,205.85,25.7,12.49,OVERHEATING
3879.62,0.7737,999.83,470.21,189.02,41.64,15.3,OVERHEATING
3143.03,0.4488,726.89,315.43,146.12,0.48,-0.41,NORMAL
4173.47,0.871,1032.33,507.47,221.45,1.07,8.71,LUBRICATION_ISSUE
3626.7,0.6518,873.27,404.67,174.77,0.84,1.22,NORMAL
4173.69,0.8848,1077.37,520.44,198.88,37.8,16.7,OVERHEATING
3870.15,0.7377,936.9,441.22,186.36,0.75,-0.46,NORMAL
3064.28,0.4306,715.61,312.44,171.22,4.07,5.51,LUBRICATION_ISSUE
4008.9,0.8093,986.01,478.34,214.34,0.01,6.74,LUBRICATION_ISSUE
3188.35,0.469,742.82,331.53,179.99,2.02,7.05,LUBRICATION_ISSUE
3607.74,0.6624,912.25,426.02,178.2,34.41,19.32,OVERHEATING
2978.49,0.3831,671.12,285.81,134.22,-7.68,-1.46,NORMAL
3573.5,0.6535,873.01,405.83,190.96,2.22,3.36,LUBRICATION_ISSUE
3705.24,0.667,888.89,409.32,178.6,3.44,-1.95,NORMAL
4005.43,0.8048,983.32,479.35,224.9,0.17,9.47,LUBRICATION_ISSUE
3293.79,0.5194,777.57,349.59,155.53,1.21,3.77,NORMAL
3762.31,0.7164,919.37,433.74,184.12,1.42,2.97,NORMAL
3212.43,0.4815,786.46,358.39,155.32,36.97,28.69,OVERHEATING
3156.43,0.4622,733.99,333.01,165.18,-1.15,11.92,LUBRICATION_ISSUE
3409.27,0.5705,815.26,368.08,161.08,2.49,0.42,NORMAL
3571.46,0.6096,876.26,411.99,172.75,31.91,25.38,OVERHEATING
2949.54,0.397,690.13,298.7,161.29,4.47,7.31,LUBRICATION_ISSUE
3278.29,0.5259,773.83,356.91,178.35,-5.63,9.23,LUBRICATION_ISSUE
3998.04,0.7988,1018.47,490.92,197.25,39.29,23.41,OVERHEATING
3287.01,0.4912,759.0,341.92,174.73,-0.07,6.48,LUBRICATION_ISSUE
3748.5,0.7104,911.15,427.92,183.19,-2.51,-0.28,NORMAL
3198.7,0.4719,771.63,353.75,150.55,28.56,27.9,OVERHEATING
2832.89,0.3118,630.48,257.66,126.4,1.77,0.43,NORMAL
3019.45,0.3915,687.72,298.92,157.86,1.87,7.41,LUBRICATION_ISSUE
3915.03,0.7582,953.63,462.41,216.61,2.99,12.02,LUBRICATION_ISSUE
4042.89,0.808,1018.55,492.37,205.82,31.61,20.2,OVERHEATING
4162.78,0.8529,1027.87,491.34,200.23,7.99,-0.59,NORMAL
4216.4,0.8617,1053.22,519.22,206.09,25.39,22.53,OVERHEATING
3795.72,0.7268,924.08,432.47,185.22,-1.79,-3.05,NORMAL
3152.52,0.4577,730.65,328.63,170.48,-1.61,9.27,LUBRICATION_ISSUE
3619.91,0.6274,902.03,413.53,173.93,44.58,19.06,OVERHEATING
4193.1,0.9,1082.78,525.72,203.18,33.15,15.94,OVERHEATING
3687.23,0.6675,924.36,434.34,179.04,39.48,23.41,OVERHEATING
3156.6,0.4469,776.66,327.9,148.02,50.72,12.34,OVERHEATING
3116.68,0.4484,723.92,312.39,144.83,-0.96,-2.54,NORMAL
