timestamp,rpm,throttle,egt,cht,oil_temp,fault_active,egt_expected,cht_expected,res_egt,res_cht
0.5,3041.37,0.4105,702.35,292.73,136.92,False,698.37,299.02,3.98,-6.29
1.0,3040.34,0.4163,697.53,303.72,141.92,False,701.8,301.08,-4.27,2.64
1.5,3067.2,0.4231,702.48,305.17,139.44,False,707.22,304.33,-4.74,0.84
2.0,3093.14,0.4387,714.68,314.52,143.31,False,717.88,310.73,-3.2,3.79
2.5,3093.44,0.4331,715.84,309.65,143.66,False,714.53,308.72,1.31,0.93
3.0,3155.37,0.4662,733.96,324.67,149.86,False,737.49,322.49,-3.53,2.18
3.5,3111.24,0.4511,730.3,318.46,146.49,False,726.22,315.73,4.08,2.73
4.0,3134.7,0.4529,729.48,319.65,146.12,False,728.48,317.09,1.0,2.56
4.5,3190.08,0.4737,746.6,321.7,148.05,False,743.72,326.23,2.88,-4.53
5.0,3168.29,0.4695,747.87,321.64,150.02,False,740.11,324.07,7.76,-2.43
5.5,3164.84,0.4646,739.79,324.25,148.96,False,737.0,322.2,2.79,2.05
6.0,3230.08,0.4852,750.79,327.22,148.08,False,752.62,331.57,-1.83,-4.35
6.5,3219.34,0.4866,756.24,330.39,150.87,False,752.93,331.76,3.31,-1.37
7.0,3281.95,0.5091,765.81,340.38,153.06,False,769.56,341.73,-3.75,-1.35
7.5,3235.42,0.4979,761.06,338.04,153.09,False,760.51,336.31,0.55,1.73
8.0,3300.23,0.5235,779.12,342.65,153.01,False,779.11,347.47,0.01,-4.82
8.5,3284.17,0.5105,765.56,340.92,156.62,False,770.51,342.31,-4.95,-1.39
9.0,3298.65,0.5269,780.99,346.36,155.73,False,781.07,348.64,-0.08,-2.28
9.5,3372.7,0.5456,796.75,355.56,156.22,False,795.99,357.6,0.76,-2.04
10.0,3366.03,0.5445,794.91,361.68,158.48,False,795.0,357.0,-0.09,4.68
10.5,3354.72,0.5401,798.39,357.46,159.03,False,791.8,355.08,6.59,2.38
11.0,3415.8,0.5714,809.66,367.41,160.11,False,813.63,368.18,-3.97,-0.77
11.5,3394.34,0.5695,807.81,368.67,164.25,False,811.42,366.85,-3.61,1.82
12.0,3481.69,0.5894,822.34,369.98,165.99,False,827.72,376.63,-5.38,-6.65
12.5,3406.26,0.5674,810.66,370.02,162.59,False,810.75,366.45,-0.09,3.57
13.0,3416.43,0.58,818.05,372.13,167.63,False,818.82,371.29,-0.77,0.84
13.5,3461.94,0.5888,820.93,373.22,163.92,False,826.38,375.83,-5.45,-2.61
14.0,3553.14,0.6146,841.03,390.12,169.88,False,846.42,387.85,-5.39,2.27
14.5,3480.34,0.5974,835.33,378.49,164.17,False,832.46,379.47,2.87,-0.98
15.0,3510.86,0.5917,829.79,377.04,166.37,False,830.56,378.34,-0.77,-1.3
15.5,3549.22,0.623,857.19,392.28,173.4,False,851.26,390.76,5.93,1.52
16.0,3515.23,0.617,855.61,393.58,169.11,False,845.96,387.58,9.65,6.0
16.5,3519.19,0.6165,842.51,390.12,168.61,False,845.86,387.52,-3.35,2.6
17.0,3570.08,0.6253,860.4,392.29,171.96,False,853.68,392.21,6.72,0.08
17.5,3507.54,0.6098,835.98,382.61,167.75,False,841.26,384.75,-5.28,-2.14
18.0,3611.01,0.6442,864.59,399.23,175.41,False,867.07,400.24,-2.48,-1.01
18.5,3609.33,0.645,864.12,399.89,174.01,False,867.47,400.48,-3.35,-0.59
19.0,3616.29,0.6458,869.34,408.47,177.39,False,868.29,400.98,1.05,7.49
19.5,3570.18,0.6398,860.89,399.25,175.18,False,862.39,397.43,-1.5,1.82
20.0,3569.93,0.6452,866.92,397.45,172.49,False,865.62,399.37,1.3,-1.92
20.5,3583.96,0.6476,862.21,408.11,171.33,False,867.76,400.65,-5.55,7.46
21.0,3681.25,0.6493,864.86,401.32,174.83,False,873.64,404.19,-8.78,-2.87
21.5,3698.0,0.6812,897.73,417.61,178.02,False,893.62,416.17,4.11,1.44
22.0,3660.3,0.666,881.54,410.42,175.46,False,882.62,409.57,-1.08,0.85
22.5,3691.6,0.6754,891.42,413.96,177.93,False,889.82,413.89,1.6,0.07
23.0,3664.59,0.6666,893.76,414.7,177.43,False,883.19,409.91,10.57,4.79
23.5,3696.76,0.6692,886.47,412.53,173.54,False,886.36,411.81,0.11,0.72
24.0,3700.01,0.6889,897.08,420.46,179.99,False,898.34,419.0,-1.26,1.46
24.5,3693.26,0.6793,893.27,419.92,173.37,False,892.24,415.35,1.03,4.57
25.0,3711.74,0.6823,892.83,411.54,179.59,False,894.97,416.98,-2.14,-5.44
25.5,3777.89,0.7042,908.93,426.16,180.01,False,911.41,426.85,-2.48,-0.69
26.0,3725.96,0.6857,905.81,421.82,180.31,False,897.72,418.63,8.09,3.19
26.5,3787.62,0.7084,912.12,428.36,181.33,False,914.42,428.65,-2.3,-0.29
27.0,3772.18,0.7026,908.44,429.15,183.38,False,910.17,426.1,-1.73,3.05
27.5,3749.75,0.7125,916.21,426.41,182.27,False,914.99,428.99,1.22,-2.58
28.0,3762.89,0.7107,910.22,429.27,180.63,False,914.56,428.74,-4.34,0.53
28.5,3748.37,0.6901,903.37,413.32,180.67,False,901.48,420.89,1.89,-7.57
29.0,3778.66,0.6985,896.12,422.09,182.47,False,908.03,424.82,-11.91,-2.73
29.5,3714.39,0.6828,899.27,415.31,180.63,False,895.4,417.24,3.87,-1.93
30.0,3779.52,0.7099,916.05,426.23,182.65,False,914.92,428.95,1.13,-2.72
30.5,3765.4,0.6982,900.87,423.32,184.2,False,907.19,424.31,-6.32,-0.99
31.0,3735.29,0.6925,906.28,421.27,183.07,False,902.26,421.36,4.02,-0.09
31.5,3782.5,0.7086,925.35,427.61,178.73,False,914.29,428.57,11.06,-0.96
32.0,3791.94,0.7159,925.59,426.62,181.3,False,919.14,431.48,6.45,-4.86
32.5,3717.66,0.6835,898.19,418.17,176.29,False,895.98,417.59,2.21,0.58
33.0,3680.46,0.676,892.37,416.15,178.29,False,889.62,413.77,2.75,2.38
33.5,3775.54,0.706,908.31,426.56,182.76,False,912.38,427.43,-4.07,-0.87
34.0,3774.69,0.7057,910.31,426.63,183.99,False,912.15,427.29,-1.84,-0.66
34.5,3661.63,0.6765,878.8,412.25,179.59,False,888.98,413.39,-10.18,-1.14
35.0,3752.65,0.6923,908.59,420.96,183.1,False,903.01,421.81,5.58,-0.85
35.5,3724.83,0.6947,896.25,419.52,180.01,False,903.06,421.84,-6.81,-2.32
36.0,3722.83,0.7002,909.6,421.46,182.48,False,906.26,423.76,3.34,-2.3
36.5,3741.19,0.689,896.54,418.13,177.77,False,900.46,420.28,-3.92,-2.15
37.0,3700.81,0.6818,895.98,417.69,181.51,False,894.12,416.47,1.86,1.22
37.5,3728.34,0.6828,893.37,420.36,179.77,False,896.1,417.66,-2.73,2.7
38.0,3745.47,0.6826,905.25,417.13,179.29,False,896.83,418.1,8.42,-0.97
38.5,3737.01,0.6921,901.67,422.02,178.69,False,902.11,421.27,-0.44,0.75
39.0,3634.63,0.6628,878.23,407.44,179.98,False,879.41,407.65,-1.18,-0.21
39.5,3724.17,0.6869,895.96,417.94,179.97,False,898.35,419.01,-2.39,-1.07
40.0,3718.73,0.679,886.55,415.38,183.65,False,893.34,416.0,-6.79,-0.62
40.5,3681.37,0.6718,889.97,412.07,177.07,False,887.15,412.29,2.82,-0.22
41.0,3629.0,0.6584,880.68,409.67,176.2,False,876.49,405.89,4.19,3.78
41.5,3643.34,0.6598,883.04,401.52,175.0,False,878.05,406.83,4.99,-5.31
42.0,3624.91,0.6391,867.79,395.83,169.66,False,864.71,398.82,3.08,-2.99
42.5,3612.03,0.6255,855.63,390.39,171.62,False,855.9,393.54,-0.27,-3.15
43.0,3590.64,0.6355,860.28,398.8,172.83,False,860.83,396.5,-0.55,2.3
43.5,3651.88,0.6536,881.98,401.39,172.99,False,874.75,404.85,7.23,-3.46
44.0,3667.84,0.6559,873.32,409.68,175.37,False,876.93,406.16,-3.61,3.52
44.5,3594.37,0.6406,859.76,397.33,173.8,False,864.08,398.45,-4.32,-1.12
45.0,3533.64,0.6178,853.62,381.54,168.0,False,847.36,388.42,6.26,-6.88
45.5,3534.39,0.6118,842.64,385.36,168.39,False,843.8,386.28,-1.16,-0.92
46.0,3578.5,0.6257,856.98,393.35,171.85,False,854.35,392.61,2.63,0.74
46.5,3552.28,0.6216,849.13,388.14,168.07,False,850.57,390.34,-1.44,-2.2
47.0,3501.08,0.601,837.39,381.59,165.61,False,835.65,381.39,1.74,0.2
47.5,3539.58,0.6171,844.14,390.09,169.86,False,847.24,388.34,-3.1,1.75
48.0,3475.63,0.5882,821.92,376.42,162.37,False,826.7,376.02,-4.78,0.4
48.5,3520.97,0.6104,844.36,378.3,166.2,False,842.29,385.37,2.07,-7.07
49.0,3485.27,0.5884,836.57,372.42,163.64,False,827.3,376.38,9.27,-3.96
49.5,3445.17,0.5878,827.43,381.18,161.93,False,824.94,374.96,2.49,6.22
50.0,3406.42,0.5667,814.94,367.25,158.63,False,810.34,366.2,4.6,1.05
50.5,3472.07,0.5786,816.37,369.79,164.98,False,820.76,372.46,-4.39,-2.67
51.0,3403.62,0.5749,819.52,366.99,163.84,False,815.12,369.07,4.4,-2.08
51.5,3350.84,0.5468,790.01,360.0,159.77,False,795.62,357.37,-5.61,2.63
52.0,3362.46,0.5485,797.83,359.41,158.29,False,797.22,358.33,0.61,1.08
52.5,3373.99,0.5529,807.66,357.38,155.34,False,800.44,360.26,7.22,-2.88
53.0,3386.19,0.5577,794.66,361.68,160.3,False,803.93,362.36,-9.27,-0.68
53.5,3344.23,0.5331,789.09,347.4,158.69,False,787.07,352.24,2.02,-4.84
54.0,3365.11,0.5487,797.13,360.55,156.11,False,797.48,358.49,-0.35,2.06
54.5,3344.55,0.523,778.33,352.53,153.63,False,781.03,348.62,-2.7,3.91
55.0,3283.55,0.5204,778.16,350.0,154.81,False,776.42,345.85,1.74,4.15
55.5,3208.48,0.4906,753.98,333.17,147.73,False,754.78,332.87,-0.8,0.3
56.0,3200.4,0.4843,738.32,333.04,150.77,False,750.6,330.36,-12.28,2.68
56.5,3232.37,0.4863,754.29,338.67,151.35,False,753.4,332.04,0.89,6.63
57.0,3241.64,0.4901,758.46,336.96,150.02,False,756.14,333.69,2.32,3.27
57.5,3202.52,0.4747,751.63,325.11,147.98,False,744.95,326.97,6.68,-1.86
58.0,3206.33,0.4749,733.05,324.11,147.3,False,745.26,327.15,-12.21,-3.04
58.5,3084.87,0.4413,718.91,315.29,143.49,False,719.02,311.41,-0.11,3.88
59.0,3138.03,0.4468,719.06,311.63,145.91,False,724.98,314.99,-5.92,-3.36
59.5,3118.56,0.4475,727.97,311.57,144.87,False,724.43,314.66,3.54,-3.09
60.0,3069.3,0.4402,722.59,310.45,141.79,False,717.59,310.55,5.0,-0.1
60.5,3039.23,0.4339,707.12,305.99,145.84,False,712.3,307.38,-5.18,-1.39
61.0,3052.86,0.4303,706.34,308.51,142.51,False,710.82,306.49,-4.48,2.02
61.5,3069.19,0.4255,709.24,307.4,143.3,False,708.76,305.26,0.48,2.14
62.0,3010.72,0.3963,693.24,289.32,133.74,False,688.32,292.99,4.92,-3.67
62.5,3050.87,0.406,696.91,295.48,137.08,False,696.14,297.69,0.77,-2.21
63.0,2973.68,0.3976,698.5,298.31,139.92,False,687.24,292.35,11.26,5.96
63.5,2964.72,0.3808,678.27,289.38,136.48,False,676.72,286.03,1.55,3.35
64.0,2981.54,0.3899,673.75,289.85,135.42,False,683.02,289.81,-9.27,0.04
64.5,2940.1,0.3622,669.4,278.33,135.22,False,664.33,278.6,5.07,-0.27
65.0,2897.29,0.3677,668.54,280.11,130.71,False,665.48,279.29,3.06,0.82
65.5,2934.91,0.3596,665.17,276.45,132.64,False,662.51,277.5,2.66,-1.05
66.0,2861.15,0.3531,655.26,271.37,128.7,False,654.92,272.95,0.34,-1.58
66.5,2840.26,0.3504,653.43,275.41,132.93,False,652.25,271.35,1.18,4.06
67.0,2853.57,0.3482,647.02,272.5,131.25,False,651.6,270.96,-4.58,1.54
67.5,2856.07,0.3435,642.81,268.46,130.24,False,648.9,269.34,-6.09,-0.88
68.0,2808.35,0.3213,630.43,257.89,127.21,False,633.2,259.92,-2.77,-2.03
68.5,2785.69,0.3121,620.57,254.32,128.13,False,626.54,255.93,-5.97,-1.61
69.0,2706.05,0.2973,615.7,249.43,122.88,False,613.68,248.21,2.02,1.22
69.5,2792.82,0.314,635.43,253.19,124.76,False,628.04,256.82,7.39,-3.63
70.0,2711.57,0.2872,615.38,250.46,120.98,False,607.9,244.74,7.48,5.72
70.5,2802.14,0.3068,621.98,253.86,125.22,False,624.19,254.51,-2.21,-0.65
71.0,2767.46,0.3126,631.51,254.91,124.35,False,625.93,255.56,5.58,-0.65
71.5,2713.31,0.2831,605.31,244.16,121.9,False,605.53,243.32,-0.22,0.84
72.0,2600.05,0.2479,572.5,227.65,116.11,False,578.74,227.25,-6.24,0.4
72.5,2607.22,0.2536,581.84,228.57,116.68,False,582.52,229.51,-0.68,-0.94
73.0,2656.37,0.2568,586.46,226.01,113.31,False,586.9,232.14,-0.44,-6.13
73.5,2616.27,0.2473,579.18,228.27,117.76,False,579.19,227.52,-0.01,0.75
74.0,2552.98,0.2299,568.15,223.76,112.48,False,565.59,219.35,2.56,4.41
74.5,2507.64,0.2097,549.26,210.0,110.49,False,551.2,210.72,-1.94,-0.72
75.0,2550.02,0.2254,559.11,219.49,109.61,False,562.74,217.64,-3.63,1.85
75.5,2562.87,0.2263,572.03,216.59,116.94,False,563.92,218.35,8.11,-1.76
76.0,2536.87,0.2142,549.91,210.92,111.85,False,555.36,213.22,-5.45,-2.3
76.5,2560.06,0.2161,562.48,218.32,112.4,False,557.66,214.6,4.82,3.72
77.0,2539.76,0.2184,554.04,215.38,110.53,False,558.03,214.82,-3.99,0.56
77.5,2496.61,0.2,547.07,206.3,109.15,False,544.83,206.9,2.24,-0.6
78.0,2523.31,0.2,553.24,207.93,110.18,False,546.17,207.7,7.07,0.23
78.5,2518.81,0.2,549.33,207.63,110.77,False,545.94,207.56,3.39,0.07
79.0,2505.79,0.2,543.22,208.01,103.14,False,545.29,207.17,-2.07,0.84
79.5,2465.53,0.2,547.26,208.43,106.68,False,543.28,205.97,3.98,2.46
80.0,2490.32,0.2,556.21,206.99,109.82,False,544.52,206.71,11.69,0.28
80.5,2479.95,0.2,544.45,206.89,106.27,False,544.0,206.4,0.45,0.49
81.0,2518.49,0.2,545.17,206.15,108.79,False,545.92,207.55,-0.75,-1.4
81.5,2480.01,0.2,539.79,210.31,108.18,False,544.0,206.4,-4.21,3.91
82.0,2509.27,0.2,537.35,207.69,110.47,False,545.46,207.28,-8.11,0.41
82.5,2471.91,0.2,546.66,206.09,108.03,False,543.6,206.16,3.06,-0.07
83.0,2535.89,0.2,551.57,206.67,109.71,False,546.79,208.08,4.78,-1.41
83.5,2502.62,0.2,549.12,206.82,107.54,False,545.13,207.08,3.99,-0.26
84.0,2500.06,0.2,546.7,209.01,108.25,False,545.0,207.0,1.7,2.01
84.5,2475.3,0.2,552.21,205.5,105.69,False,543.76,206.26,8.45,-0.76
85.0,2501.04,0.2,543.63,205.99,110.24,False,545.05,207.03,-1.42,-1.04
85.5,2508.2,0.2,548.08,200.68,108.27,False,545.41,207.25,2.67,-6.57
86.0,2499.91,0.2,550.23,210.56,109.41,False,545.0,207.0,5.23,3.56
86.5,2489.44,0.2,544.99,209.96,107.88,False,544.47,206.68,0.52,3.28
87.0,2480.9,0.2,549.87,209.1,109.2,False,544.04,206.43,5.83,2.67
87.5,2489.25,0.2,547.71,204.13,109.88,False,544.46,206.68,3.25,-2.55
88.0,2502.19,0.2,557.23,202.87,111.94,False,545.11,207.07,12.12,-4.2
88.5,2502.37,0.2,547.22,206.54,111.91,False,545.12,207.07,2.1,-0.53
89.0,2487.11,0.2,544.7,203.78,109.91,False,544.36,206.61,0.34,-2.83
89.5,2496.06,0.2,539.43,206.31,105.81,False,544.8,206.88,-5.37,-0.57
90.0,2526.38,0.2,559.05,205.24,111.87,False,546.32,207.79,12.73,-2.55
90.5,2508.65,0.2,545.31,207.33,108.18,False,545.43,207.26,-0.12,0.07
91.0,2513.06,0.2,543.62,205.21,109.02,False,545.65,207.39,-2.03,-2.18
91.5,2486.88,0.2,551.13,211.74,109.99,False,544.34,206.61,6.79,5.13
92.0,2522.6,0.2,548.07,208.8,110.04,False,546.13,207.68,1.94,1.12
92.5,2472.88,0.2,541.03,210.91,110.68,False,543.64,206.19,-2.61,4.72
93.0,2476.96,0.2,543.8,207.31,109.16,False,543.85,206.31,-0.05,1.0
93.5,2507.04,0.2,540.06,208.35,109.01,False,545.35,207.21,-5.29,1.14
94.0,2496.32,0.2,543.65,212.31,108.8,False,544.82,206.89,-1.17,5.42
94.5,2482.12,0.2,543.68,204.94,111.76,False,544.11,206.46,-0.43,-1.52
95.0,2501.23,0.2,545.19,206.73,109.01,False,545.06,207.04,0.13,-0.31
95.5,2459.97,0.2,542.28,207.04,110.38,False,543.0,205.8,-0.72,1.24
96.0,2520.38,0.2,550.15,207.55,110.93,False,546.02,207.61,4.13,-0.06
96.5,2513.96,0.2,545.55,207.0,111.95,False,545.7,207.42,-0.15,-0.42
97.0,2476.26,0.2,543.18,206.24,105.99,False,543.81,206.29,-0.63,-0.05
97.5,2549.15,0.2,554.01,205.76,108.27,False,547.46,208.47,6.55,-2.71
98.0,2497.66,0.2,540.01,206.75,105.8,False,544.88,206.93,-4.87,-0.18
98.5,2507.32,0.2,547.09,203.04,110.71,False,545.37,207.22,1.72,-4.18
99.0,2499.79,0.2,538.12,206.05,109.73,False,544.99,206.99,-6.87,-0.94
99.5,2530.64,0.2,550.04,206.23,110.5,False,546.53,207.92,3.51,-1.69
100.0,2475.44,0.2,540.37,211.45,106.88,False,543.77,206.26,-3.4,5.19
100.5,2508.4,0.2,544.49,205.05,107.65,False,545.42,207.25,-0.93,-2.2
101.0,2545.63,0.2,546.49,209.66,108.02,False,547.28,208.37,-0.79,1.29
101.5,2446.97,0.2,538.11,201.57,104.5,False,542.35,205.41,-4.24,-3.84
102.0,2499.11,0.2,551.45,208.23,110.57,False,544.96,206.97,6.49,1.26
102.5,2514.57,0.2,542.12,208.68,110.13,False,545.73,207.44,-3.61,1.24
103.0,2476.32,0.2,545.43,207.98,107.41,False,543.82,206.29,1.61,1.69
103.5,2512.36,0.2,552.76,210.83,107.0,False,545.62,207.37,7.14,3.46
104.0,2520.9,0.2,545.34,205.76,105.38,False,546.04,207.63,-0.7,-1.87
104.5,2519.35,0.2,552.58,204.61,109.6,False,545.97,207.58,6.61,-2.97
105.0,2515.49,0.2,544.81,212.22,108.04,False,545.77,207.46,-0.96,4.76
105.5,2515.92,0.2,542.76,206.85,108.77,False,545.8,207.48,-3.04,-0.63
106.0,2513.0,0.2,547.97,211.61,111.9,False,545.65,207.39,2.32,4.22
106.5,2487.53,0.2,545.12,205.2,112.24,False,544.38,206.63,0.74,-1.43
107.0,2523.87,0.2,534.15,200.96,110.59,False,546.19,207.72,-12.04,-6.76
107.5,2473.47,0.2,544.88,213.01,110.65,False,543.67,206.2,1.21,6.81
108.0,2492.11,0.2,534.35,207.77,110.69,False,544.61,206.76,-10.26,1.01
108.5,2476.85,0.2,540.17,207.16,104.83,False,543.84,206.31,-3.67,0.85
109.0,2494.98,0.2,532.6,204.01,111.47,False,544.75,206.85,-12.15,-2.84
109.5,2476.4,0.2,549.02,204.97,109.81,False,543.82,206.29,5.2,-1.32
110.0,2495.94,0.2,546.88,202.54,111.38,False,544.8,206.88,2.08,-4.34
110.5,2499.56,0.2,537.19,207.69,110.93,False,544.98,206.99,-7.79,0.7
111.0,2502.92,0.2022,550.27,202.3,107.16,False,546.47,207.88,3.8,-5.58
111.5,2542.31,0.2136,564.18,214.33,112.29,False,555.28,213.17,8.9,1.16
112.0,2578.36,0.2377,574.49,224.73,113.42,False,571.54,222.92,2.95,1.81
112.5,2521.97,0.2062,545.81,212.43,109.68,False,549.82,209.89,-4.01,2.54
113.0,2524.05,0.22,561.23,221.42,112.83,False,558.2,214.92,3.03,6.5
113.5,2553.85,0.2248,561.73,216.67,114.43,False,562.57,217.54,-0.84,-0.87
114.0,2536.06,0.2175,559.54,211.22,114.19,False,557.3,214.38,2.24,-3.16
114.5,2603.61,0.2536,587.98,231.51,113.56,False,582.34,229.4,5.64,2.11
115.0,2629.3,0.2473,580.16,228.44,118.8,False,579.85,227.91,0.31,0.53
115.5,2659.36,0.2663,592.23,230.58,118.8,False,592.75,235.65,-0.52,-5.07
116.0,2689.5,0.2731,593.42,236.79,122.56,False,598.34,239.0,-4.92,-2.21
116.5,2617.27,0.2619,599.17,235.72,117.61,False,588.0,232.8,11.17,2.92
117.0,2723.22,0.2798,601.25,241.11,119.59,False,604.04,242.42,-2.79,-1.31
117.5,2692.89,0.2751,602.71,239.65,120.92,False,599.7,239.82,3.01,-0.17
118.0,2677.76,0.2836,611.95,247.49,119.42,False,604.05,242.43,7.9,5.06
118.5,2812.22,0.3171,630.05,257.3,125.56,False,630.87,258.52,-0.82,-1.22
119.0,2768.1,0.3058,617.14,255.49,126.18,False,621.88,253.13,-4.75,2.36
119.5,2783.45,0.3155,624.13,254.66,122.48,False,628.47,257.08,-4.34,-2.42
120.0,2787.56,0.3185,616.17,254.83,128.43,False,630.48,258.29,-14.31,-3.46
120.5,2764.08,0.3168,636.84,257.36,126.51,False,628.28,256.97,8.56,0.39
121.0,2878.7,0.3539,653.64,272.98,132.34,False,656.27,273.76,-2.63,-0.78
121.5,2871.7,0.3369,643.71,273.47,129.04,False,645.73,267.44,-2.01,6.04
122.0,2927.27,0.3632,659.7,275.43,133.58,False,664.28,278.57,-4.58,-3.14
122.5,2880.84,0.3626,656.1,273.46,129.05,False,661.6,276.96,-5.5,-3.5
123.0,2902.87,0.3613,650.61,276.57,132.06,False,661.92,277.15,-11.31,-0.58
123.5,2963.61,0.3886,690.24,290.38,137.47,False,681.34,288.8,8.9,1.58
124.0,2956.1,0.3762,668.71,286.29,131.81,False,673.52,284.12,-4.81,2.18
124.5,2952.27,0.3858,679.62,285.97,133.8,False,679.09,287.46,0.53,-1.49
125.0,2972.73,0.3865,674.47,290.27,133.68,False,680.54,288.32,-6.07,1.95
125.5,3006.21,0.3919,685.77,289.83,137.82,False,685.45,291.27,0.32,-1.44
126.0,2999.88,0.384,679.04,287.23,136.77,False,680.39,288.24,-1.35,-1.01
126.5,3020.1,0.4215,706.64,301.21,143.74,False,703.9,302.34,2.74,-1.13
127.0,3016.83,0.4169,688.49,300.64,140.07,False,700.98,300.59,-12.49,0.05
127.5,3082.12,0.4233,706.01,297.71,142.61,False,708.09,304.85,-2.08,-7.14
128.0,3120.93,0.4405,713.55,317.65,141.96,False,720.35,312.21,-6.8,5.44
128.5,3106.13,0.4499,733.76,314.92,146.91,False,725.25,315.15,8.51,-0.23
129.0,3157.73,0.4522,726.65,311.36,143.96,False,729.21,317.52,-2.56,-6.16
129.5,3125.42,0.4627,731.84,319.53,146.36,False,733.89,320.33,-2.05,-0.8
130.0,3112.37,0.4508,730.67,318.52,145.07,False,726.1,315.66,4.57,2.86
130.5,3153.47,0.4679,733.51,320.72,146.58,False,738.41,323.05,-4.9,-2.33
131.0,3183.25,0.4675,730.98,323.42,147.34,False,739.66,323.8,-8.68,-0.38
131.5,3195.23,0.4897,748.74,333.12,153.07,False,753.58,332.15,-4.84,0.97
132.0,3202.09,0.4713,740.94,326.68,146.94,False,742.88,325.73,-1.94,0.95
132.5,3201.53,0.4994,766.75,334.27,151.5,False,759.72,335.83,7.03,-1.56
133.0,3230.85,0.4937,754.31,335.91,152.5,False,757.76,334.66,-3.45,1.25
133.5,3325.98,0.5178,770.04,345.06,157.34,False,776.98,346.19,-6.94,-1.13
134.0,3329.0,0.5341,794.01,353.86,157.84,False,786.91,352.15,7.1,1.71
134.5,3321.01,0.5261,780.16,348.72,156.44,False,781.71,349.03,-1.55,-0.31
135.0,3378.87,0.5282,774.08,350.75,155.07,False,785.86,351.52,-11.78,-0.77
135.5,3383.84,0.5474,802.77,358.71,161.64,False,797.63,358.58,5.14,0.13
136.0,3319.48,0.5248,785.86,344.62,154.43,False,780.85,348.51,5.01,-3.89
136.5,3396.08,0.5562,808.64,356.64,162.59,False,803.52,362.11,5.12,-5.47
137.0,3373.5,0.5612,809.36,356.87,162.67,False,805.39,363.24,3.97,-6.37
137.5,3378.71,0.5524,806.37,359.78,158.72,False,800.38,360.23,5.99,-0.45
138.0,3431.89,0.5685,810.21,366.57,159.29,False,812.69,367.62,-2.48,-1.05
138.5,3473.74,0.5835,823.67,380.97,162.4,False,823.79,374.27,-0.12,6.7
139.0,3485.13,0.5845,820.3,374.94,164.76,False,824.96,374.97,-4.66,-0.03
139.5,3483.71,0.5942,822.8,378.88,167.06,False,830.71,378.42,-7.91,0.46
140.0,3506.83,0.5948,833.07,376.57,165.69,False,832.22,379.33,0.85,-2.76
140.5,3458.45,0.5877,832.21,373.72,166.49,False,825.54,375.33,6.67,-1.61
141.0,3504.1,0.6028,841.37,380.6,164.26,False,836.89,382.13,4.48,-1.53
141.5,3474.19,0.5997,836.81,379.46,171.7,False,833.53,380.12,3.28,-0.66
142.0,3480.72,0.6013,833.49,382.0,162.54,False,834.82,380.89,-1.33,1.11
142.5,3556.24,0.6261,855.24,395.44,170.46,False,853.47,392.08,1.77,3.36
143.0,3570.0,0.6229,851.02,387.91,170.57,False,852.24,391.34,-1.22,-3.43
143.5,3581.19,0.6276,848.34,396.16,168.21,False,855.62,393.37,-7.28,2.79
144.0,3601.23,0.6315,858.31,391.87,170.51,False,858.96,395.38,-0.65,-3.51
144.5,3606.48,0.6433,866.25,399.2,170.4,False,866.3,399.78,-0.05,-0.58
145.0,3577.03,0.6418,864.33,396.71,173.28,False,863.93,398.36,0.4,-1.65
145.5,3628.18,0.6472,862.68,403.55,172.3,False,869.73,401.84,-7.05,1.71
146.0,3613.57,0.6494,875.25,400.15,172.92,False,870.32,402.19,4.93,-2.04
146.5,3653.07,0.6524,876.16,408.94,179.14,False,874.09,404.46,2.07,4.48
147.0,3607.46,0.6524,869.1,401.9,172.48,False,871.81,403.09,-2.71,-1.19
147.5,3614.97,0.6557,879.61,402.49,180.7,False,874.17,404.5,5.44,-2.01
148.0,3636.84,0.6651,890.73,412.68,177.03,False,880.9,408.54,9.83,4.14
148.5,3625.94,0.6593,885.34,409.24,175.8,False,876.88,406.13,8.46,3.11
149.0,3642.47,0.6515,878.39,406.72,171.28,False,873.02,403.81,5.37,2.91
149.5,3671.15,0.6817,894.21,417.37,178.25,False,892.58,415.55,1.63,1.82
150.0,3650.65,0.6629,879.85,406.66,175.23,False,880.27,408.16,-0.42,-1.5
150.5,3702.7,0.6835,893.5,417.61,175.27,False,895.24,417.14,-1.74,0.47
151.0,3728.33,0.691,905.79,414.73,176.25,False,901.02,420.61,4.77,-5.88
151.5,3731.25,0.6911,898.77,422.64,182.08,False,901.22,420.73,-2.45,1.91
152.0,3695.89,0.6952,907.88,426.08,182.1,False,901.91,421.15,5.97,4.93
152.5,3725.64,0.6834,903.24,414.64,178.64,False,896.32,417.79,6.92,-3.15
153.0,3730.79,0.7013,910.48,426.78,181.86,False,907.32,424.39,3.16,2.39
153.5,3773.07,0.6974,901.11,421.61,181.15,False,907.09,424.26,-5.98,-2.65
154.0,3736.89,0.7052,901.11,426.88,180.02,False,909.96,425.98,-8.85,0.9
154.5,3721.33,0.6937,904.06,420.85,181.93,False,902.29,421.37,1.77,-0.52
155.0,3754.45,0.7031,914.99,427.04,179.16,False,909.58,425.75,5.41,1.29
155.5,3792.3,0.7056,916.7,427.81,182.63,False,912.98,427.79,3.73,0.02
156.0,3736.27,0.6975,906.85,426.02,180.01,False,905.31,423.19,1.54,2.83
156.5,3712.99,0.6937,893.8,423.95,184.21,False,901.87,421.12,-8.07,2.83
157.0,3800.12,0.7143,924.94,429.33,183.77,False,918.59,431.15,6.35,-1.82
157.5,3678.37,0.6799,893.89,411.05,179.66,False,891.86,415.12,2.03,-4.07
158.0,3752.08,0.7099,903.92,428.02,181.78,False,913.54,428.13,-9.62,-0.11
158.5,3700.33,0.6837,890.33,415.76,181.28,False,895.24,417.14,-4.91,-1.38
159.0,3774.0,0.7046,905.06,426.62,182.47,False,911.46,426.88,-6.4,-0.26
159.5,3717.16,0.6931,905.05,423.16,174.67,False,901.72,421.03,3.33,2.13
160.0,3759.46,0.7087,918.94,427.34,179.83,False,913.19,427.92,5.75,-0.58
160.5,3673.29,0.6847,902.04,417.67,176.89,False,894.48,416.69,7.56,0.98
161.0,3738.38,0.6884,902.77,414.31,179.01,False,899.96,419.98,2.81,-5.67
161.5,3683.17,0.6841,903.97,417.47,176.87,False,894.62,416.77,9.35,0.7
162.0,3684.99,0.6842,896.51,413.94,174.85,False,894.77,416.86,1.74,-2.92
162.5,3698.09,0.6853,892.26,415.47,183.36,False,896.08,417.65,-3.82,-2.18
163.0,3683.26,0.6875,895.18,419.72,177.64,False,896.66,418.0,-1.48,1.72
163.5,3728.66,0.6938,900.04,422.28,179.31,False,902.71,421.63,-2.67,0.65
164.0,3684.09,0.6795,895.07,416.3,178.35,False,891.9,415.14,3.17,1.16
164.5,3683.49,0.6753,888.05,414.06,181.31,False,889.35,413.61,-1.3,0.45
165.0,3620.58,0.6634,882.04,413.29,177.17,False,879.07,407.44,2.97,5.85
165.5,3689.39,0.6755,888.48,411.49,177.37,False,889.77,413.86,-1.29,-2.37
166.0,3665.46,0.6726,880.86,413.77,178.62,False,886.83,412.1,-5.97,1.67
166.5,3675.88,0.6696,887.46,412.21,176.92,False,885.55,411.33,1.91,0.88
167.0,3637.3,0.6585,874.11,407.77,175.99,False,876.96,406.18,-2.85,1.59
167.5,3613.48,0.6461,862.9,404.64,174.94,False,868.33,401.0,-5.43,3.64
168.0,3622.51,0.6437,866.66,404.8,173.66,False,867.35,400.41,-0.69,4.39
168.5,3641.95,0.6521,875.17,403.72,172.98,False,873.36,404.01,1.81,-0.29
169.0,3597.26,0.6496,863.58,404.26,168.98,False,869.62,401.77,-6.04,2.49
169.5,3641.26,0.646,865.91,403.01,172.88,False,869.66,401.8,-3.75,1.21
170.0,3592.46,0.6407,869.48,395.72,173.49,False,864.04,398.43,5.44,-2.71
170.5,3648.79,0.6442,863.22,396.08,171.42,False,868.96,401.38,-5.74,-5.3
171.0,3594.11,0.6368,856.08,399.32,169.89,False,861.79,397.07,-5.71,2.25
171.5,3599.65,0.6369,864.69,395.59,168.73,False,862.12,397.27,2.57,-1.68
172.0,3506.79,0.6143,853.97,388.04,169.83,False,843.92,386.35,10.05,1.69
172.5,3549.47,0.6121,843.59,387.84,168.36,False,844.73,386.84,-1.14,1.0
173.0,3476.56,0.6064,838.37,383.97,165.36,False,837.67,382.6,0.7,1.37
173.5,3467.13,0.6041,833.4,384.0,168.37,False,835.82,381.49,-2.42,2.51
174.0,3488.83,0.5874,829.72,375.21,164.23,False,826.88,376.13,2.84,-0.92
174.5,3471.2,0.5869,828.66,375.71,166.74,False,825.7,375.42,2.96,0.29
175.0,3488.32,0.5884,822.54,370.51,168.4,False,827.46,376.47,-4.92,-5.96
175.5,3445.9,0.5841,827.31,373.23,163.67,False,822.75,373.65,4.55,-0.42
176.0,3457.75,0.5895,828.43,377.6,166.47,False,826.59,375.95,1.84,1.65
176.5,3455.91,0.5785,818.08,371.81,164.09,False,819.9,371.94,-1.82,-0.13
177.0,3424.22,0.5652,810.02,363.45,162.1,False,810.33,366.2,-0.31,-2.75
177.5,3435.3,0.5565,800.82,363.33,162.82,False,805.66,363.4,-4.84,-0.07
178.0,3370.65,0.5513,801.3,357.41,159.23,False,799.31,359.59,1.99,-2.18
178.5,3372.03,0.5463,802.33,357.34,158.54,False,796.38,357.83,5.95,-0.49
179.0,3396.07,0.5642,805.56,362.59,163.68,False,808.32,364.99,-2.76,-2.4
179.5,3315.69,0.5268,785.58,346.61,154.23,False,781.86,349.12,3.72,-2.51
180.0,3321.35,0.5259,777.21,350.79,154.76,False,781.61,348.96,-4.4,1.83
180.5,3304.9,0.5115,774.04,344.34,156.67,False,772.14,343.29,1.89,1.05
181.0,3330.1,0.5379,786.93,351.45,155.85,False,789.25,353.55,-2.32,-2.1
181.5,3256.23,0.4998,762.62,338.86,153.49,False,762.69,337.61,-0.07,1.25
182.0,3296.82,0.5018,764.95,332.68,150.75,False,765.92,339.55,-0.97,-6.87
182.5,3175.53,0.4712,739.27,331.0,149.42,False,741.5,324.9,-2.23,6.1
183.0,3201.67,0.4887,754.46,333.09,147.14,False,753.3,331.98,1.16,1.11
183.5,3176.58,0.4724,738.39,323.86,148.14,False,742.27,325.36,-3.88,-1.5
184.0,3191.05,0.4678,737.67,322.11,148.7,False,740.23,324.14,-2.56,-2.03
184.5,3179.92,0.4656,742.49,326.43,151.08,False,738.36,323.01,4.13,3.42
185.0,3108.98,0.4435,721.05,310.98,141.34,False,721.55,312.93,-0.5,-1.95
185.5,3115.95,0.4457,719.16,310.58,145.09,False,723.22,313.93,-4.06,-3.35
186.0,3140.83,0.4388,719.55,312.35,141.48,False,720.32,312.19,-0.77,0.16
186.5,3024.07,0.417,697.12,301.28,140.29,False,701.4,300.84,-4.28,0.44
187.0,3058.06,0.4134,695.68,295.64,141.83,False,700.94,300.57,-5.26,-4.93
187.5,3017.98,0.4199,700.67,302.47,143.21,False,702.84,301.7,-2.17,0.77
188.0,3006.17,0.3971,675.97,295.83,135.21,False,688.57,293.14,-12.6,2.69
188.5,3029.83,0.4033,695.11,288.28,136.9,False,693.47,296.08,1.64,-7.8
189.0,2994.09,0.3938,689.46,293.14,136.67,False,685.98,291.59,3.48,1.55
189.5,2924.52,0.3665,660.24,281.31,134.96,False,666.13,279.68,-5.89,1.63
190.0,2921.25,0.3787,684.01,283.11,130.95,False,673.28,283.97,10.73,-0.86
190.5,2977.94,0.3823,678.58,287.69,136.16,False,678.28,286.97,0.3,0.72
191.0,2943.19,0.3695,659.99,282.08,135.86,False,668.86,281.32,-8.87,0.76
191.5,2941.12,0.3671,670.81,287.42,131.73,False,667.32,280.39,3.49,7.03
192.0,2846.77,0.3426,643.96,260.76,128.81,False,647.9,268.74,-3.94,-7.98
192.5,2898.78,0.344,649.49,273.53,130.41,False,651.34,270.8,-1.85,2.73
193.0,2880.54,0.3413,647.7,269.94,130.22,False,648.81,269.28,-1.11,0.66
193.5,2851.77,0.3228,632.7,261.69,129.33,False,636.27,261.76,-3.57,-0.07
194.0,2777.02,0.3299,641.74,256.84,130.77,False,636.79,262.07,4.95,-5.23
194.5,2764.4,0.313,619.14,256.93,125.31,False,626.02,255.61,-6.88,1.32
195.0,2803.42,0.2992,621.11,253.31,125.08,False,619.69,251.81,1.42,1.5
195.5,2738.56,0.3119,625.16,258.1,123.28,False,624.07,254.44,1.09,3.66
196.0,2750.77,0.2883,612.76,247.36,123.05,False,610.52,246.31,2.24,1.05
196.5,2683.15,0.2827,594.05,243.44,121.65,False,603.78,242.27,-9.73,1.17
197.0,2752.24,0.2883,604.05,244.37,122.77,False,610.59,246.36,-6.54,-1.99
197.5,2759.31,0.2948,611.77,245.58,124.32,False,614.85,248.91,-3.08,-3.33
198.0,2627.04,0.2517,590.47,228.44,111.62,False,582.37,229.42,8.1,-0.98
198.5,2653.75,0.2612,588.91,232.78,119.45,False,589.41,233.64,-0.5,-0.86
199.0,2599.31,0.2342,566.76,217.07,115.3,False,570.49,222.29,-3.73,-5.22
199.5,2596.7,0.2544,587.95,225.67,117.5,False,582.48,229.49,5.48,-3.82
200.0,2560.96,0.2279,564.32,217.21,114.23,False,564.79,218.87,-0.47,-1.66
200.5,2570.85,0.2261,560.43,215.75,109.49,False,564.2,218.52,-3.77,-2.77
201.0,2520.87,0.2273,562.13,216.18,116.11,False,562.42,217.45,-0.29,-1.27
201.5,2525.61,0.2014,552.77,205.36,107.93,False,547.12,208.27,5.65,-2.91
202.0,2509.38,0.2186,557.11,219.76,110.83,False,556.63,213.98,0.48,5.78
202.5,2561.37,0.2077,547.69,210.3,113.76,False,552.69,211.61,-5.0,-1.31
203.0,2479.63,0.2,545.51,206.27,107.08,False,543.98,206.39,1.53,-0.12
203.5,2519.91,0.2,544.35,207.21,110.14,False,546.0,207.6,-1.65,-0.39
204.0,2516.39,0.2,558.02,205.87,108.08,False,545.82,207.49,12.2,-1.62
204.5,2489.3,0.2,542.98,208.62,107.34,False,544.47,206.68,-1.49,1.94
205.0,2519.92,0.2,541.98,201.47,105.17,False,546.0,207.6,-4.02,-6.13
205.5,2496.91,0.2,539.06,204.89,107.45,False,544.85,206.91,-5.79,-2.02
206.0,2513.24,0.2,545.08,205.62,108.13,False,545.66,207.4,-0.58,-1.78
206.5,2481.85,0.2,545.18,200.91,109.42,False,544.09,206.46,1.09,-5.55
207.0,2536.33,0.2,540.59,207.65,108.93,False,546.82,208.09,-6.23,-0.44
207.5,2502.14,0.2,549.24,211.13,109.0,False,545.11,207.06,4.13,4.07
208.0,2515.32,0.2,541.19,210.27,113.42,False,545.77,207.46,-4.58,2.81
208.5,2489.04,0.2,551.16,208.66,109.5,False,544.45,206.67,6.71,1.99
209.0,2524.35,0.2,549.6,211.57,109.72,False,546.22,207.73,3.38,3.84
209.5,2487.97,0.2,553.53,207.65,110.61,False,544.4,206.64,9.13,1.01
210.0,2500.22,0.2,552.18,208.67,105.58,False,545.01,207.01,7.17,1.66
210.5,2495.72,0.2,536.0,212.68,110.36,False,544.79,206.87,-8.79,5.81
211.0,2521.65,0.2,542.29,210.44,110.08,False,546.08,207.65,-3.79,2.79
211.5,2496.5,0.2,550.23,204.4,105.76,False,544.83,206.9,5.4,-2.5
212.0,2509.6,0.2,547.04,206.04,110.57,False,545.48,207.29,1.56,-1.25
212.5,2493.76,0.2,555.1,201.8,110.0,False,544.69,206.81,10.41,-5.01
213.0,2491.33,0.2,534.57,208.17,108.24,False,544.57,206.74,-10.0,1.43
213.5,2528.7,0.2,552.45,208.08,109.09,False,546.43,207.86,6.02,0.22
214.0,2522.67,0.2,540.29,207.6,109.88,False,546.13,207.68,-5.84,-0.08
214.5,2545.46,0.2,548.2,211.42,109.37,False,547.27,208.36,0.93,3.06
215.0,2483.68,0.2,540.18,210.8,111.74,False,544.18,206.51,-4.0,4.29
215.5,2498.26,0.2,546.7,208.38,110.99,False,544.91,206.95,1.79,1.43
216.0,2506.19,0.2,548.12,204.5,113.32,False,545.31,207.19,2.81,-2.69
216.5,2467.84,0.2,540.89,210.71,109.57,False,543.39,206.04,-2.5,4.67
217.0,2489.12,0.2,552.06,206.74,109.41,False,544.46,206.67,7.6,0.07
217.5,2480.14,0.2,544.02,209.48,106.34,False,544.01,206.4,0.01,3.08
218.0,2487.94,0.2,543.04,201.43,107.64,False,544.4,206.64,-1.36,-5.21
218.5,2484.58,0.2,553.29,204.95,107.63,False,544.23,206.54,9.06,-1.59
219.0,2488.96,0.2,544.22,211.06,111.93,False,544.45,206.67,-0.23,4.39
219.5,2501.8,0.2,540.07,206.83,109.01,False,545.09,207.05,-5.02,-0.22
220.0,2493.42,0.2,543.93,208.99,107.83,False,544.67,206.8,-0.74,2.19
220.5,2480.61,0.2,540.22,211.34,108.69,False,544.03,206.42,-3.81,4.92
221.0,2505.82,0.2,556.96,203.83,105.2,False,545.29,207.17,11.67,-3.34
221.5,2499.59,0.2,542.07,207.8,107.1,False,544.98,206.99,-2.91,0.81
222.0,2479.83,0.2,541.5,205.96,106.14,False,543.99,206.39,-2.49,-0.43
222.5,2492.01,0.2,543.64,206.94,107.69,False,544.6,206.76,-0.96,0.18
223.0,2490.71,0.2,547.43,206.28,109.73,False,544.54,206.72,2.89,-0.44
223.5,2464.53,0.2,547.27,210.7,108.56,False,543.23,205.94,4.04,4.76
224.0,2470.29,0.2,545.71,201.73,108.52,False,543.51,206.11,2.2,-4.38
224.5,2474.41,0.2,539.84,206.81,108.27,False,543.72,206.23,-3.88,0.58
225.0,2509.91,0.2,545.73,208.18,107.28,False,545.5,207.3,0.23,0.88
225.5,2516.71,0.2,550.93,207.63,108.65,False,545.84,207.5,5.09,0.13
226.0,2506.05,0.2,544.43,206.85,110.41,False,545.3,207.18,-0.87,-0.33
226.5,2497.17,0.2,545.34,207.34,109.32,False,544.86,206.92,0.48,0.42
227.0,2503.51,0.2,551.45,201.8,109.36,False,545.18,207.11,6.27,-5.31
227.5,2481.9,0.2,544.15,212.52,106.47,False,544.1,206.46,0.05,6.06
228.0,2534.55,0.2,542.69,206.92,108.19,False,546.73,208.04,-4.04,-1.12
228.5,2549.16,0.2,551.96,204.44,110.3,False,547.46,208.47,4.5,-4.03
229.0,2520.39,0.2,550.8,210.14,108.06,False,546.02,207.61,4.78,2.53
229.5,2507.83,0.2,543.03,202.14,109.23,False,545.39,207.23,-2.36,-5.09
230.0,2512.78,0.2,546.66,209.25,110.74,False,545.64,207.38,1.02,1.87
230.5,2489.33,0.2,549.45,205.37,107.61,False,544.47,206.68,4.98,-1.31
231.0,2516.51,0.2,548.85,209.9,110.15,False,545.83,207.5,3.02,2.4
231.5,2491.45,0.2,558.17,208.67,108.07,False,544.57,206.74,13.6,1.93
232.0,2530.09,0.2,541.69,208.5,111.13,False,546.5,207.9,-4.81,0.6
232.5,2500.22,0.2,544.72,205.27,108.1,False,545.01,207.01,-0.29,-1.74
233.0,2484.28,0.2,542.42,210.3,110.35,False,544.21,206.53,-1.79,3.77
233.5,2511.47,0.2,541.78,206.22,110.94,False,545.57,207.34,-3.79,-1.12
234.0,2482.89,0.2,545.54,212.18,105.17,False,544.14,206.49,1.4,5.69
234.5,2487.31,0.2,543.18,205.74,107.93,False,544.37,206.62,-1.19,-0.88
235.0,2470.75,0.2,548.9,209.26,110.69,False,543.54,206.12,5.36,3.14
235.5,2513.52,0.2,539.84,207.03,108.77,False,545.68,207.41,-5.84,-0.38
236.0,2492.62,0.2104,564.98,208.76,112.46,False,550.87,210.52,14.11,-1.76
236.5,2527.65,0.2071,549.62,211.76,110.49,False,550.64,210.39,-1.02,1.37
237.0,2534.06,0.215,561.33,215.25,112.63,False,555.7,213.42,5.63,1.83
237.5,2493.84,0.2021,543.4,210.26,111.25,False,545.95,207.57,-2.55,2.69
238.0,2559.89,0.213,555.65,210.19,114.04,False,555.79,213.48,-0.14,-3.29
238.5,2542.96,0.2199,554.98,211.25,113.15,False,559.09,215.45,-4.11,-4.2
239.0,2525.14,0.2187,552.3,216.68,114.78,False,557.48,214.49,-5.18,2.19
239.5,2546.62,0.2334,565.82,218.31,110.05,False,567.37,220.42,-1.55,-2.11
240.0,2574.05,0.2402,571.46,221.99,115.62,False,572.82,223.69,-1.36,-1.7
240.5,2636.2,0.2485,585.84,228.08,116.63,False,580.91,228.55,4.93,-0.47
241.0,2634.55,0.257,584.66,229.34,118.11,False,585.93,231.56,-1.27,-2.22
241.5,2630.53,0.2575,580.64,234.95,117.5,False,586.03,231.62,-5.39,3.33
242.0,2629.99,0.2565,578.91,234.63,116.12,False,585.4,231.24,-6.49,3.39
242.5,2692.24,0.2678,594.22,232.88,119.91,False,595.29,237.18,-1.07,-4.3
243.0,2684.52,0.2738,587.34,240.18,123.59,False,598.51,239.1,-11.17,1.08
243.5,2732.91,0.3013,623.02,248.91,124.14,False,617.43,250.46,5.59,-1.55
244.0,2685.98,0.2798,607.35,244.12,121.12,False,602.18,241.31,5.17,2.81
244.5,2700.23,0.2861,611.74,247.97,123.59,False,606.67,244.0,5.07,3.97
245.0,2712.44,0.2991,623.96,248.91,121.87,False,615.08,249.05,8.88,-0.14
245.5,2826.11,0.3302,637.96,263.26,128.34,False,639.43,263.66,-1.47,-0.4
246.0,2857.1,0.337,650.19,263.1,130.38,False,645.06,267.03,5.13,-3.93
246.5,2770.8,0.3253,630.78,263.12,127.4,False,633.72,260.23,-2.94,2.89
247.0,2818.21,0.3374,644.51,267.7,127.46,False,643.35,266.01,1.16,1.69
247.5,2886.25,0.3432,645.43,275.4,129.7,False,650.23,270.14,-4.8,5.26
248.0,2900.88,0.3606,658.51,277.22,132.92,False,661.4,276.84,-2.89,0.38
248.5,2862.52,0.3499,665.17,271.93,133.82,False,653.07,271.84,12.1,0.09
249.0,2881.6,0.3632,661.09,278.63,135.84,False,662.0,277.2,-0.91,1.43
249.5,2949.93,0.3748,679.9,282.88,139.13,False,672.38,283.43,7.52,-0.55
250.0,2913.92,0.3752,683.71,285.69,133.74,False,670.82,282.49,12.89,3.2
250.5,3039.53,0.4001,682.32,293.24,137.09,False,692.04,295.22,-9.72,-1.98
251.0,2932.97,0.3754,675.83,290.36,133.72,False,671.89,283.13,3.94,7.23
251.5,3015.69,0.3984,685.99,291.4,139.88,False,689.82,293.89,-3.83,-2.49
252.0,3010.18,0.4139,707.56,301.24,138.49,False,698.85,299.31,8.71,1.93
252.5,3054.4,0.4159,694.72,298.38,140.85,False,702.26,301.36,-7.54,-2.98
253.0,3035.56,0.4241,709.23,307.74,142.46,False,706.24,303.74,2.99,4.0
253.5,3068.09,0.4339,714.23,312.53,142.68,False,713.74,308.25,0.49,4.28
254.0,3081.7,0.4311,710.66,308.97,143.55,False,712.75,307.65,-2.09,1.32
254.5,3160.62,0.4563,726.13,315.77,146.01,False,731.81,319.09,-5.68,-3.32
255.0,3116.84,0.4503,724.07,313.85,144.66,False,726.02,315.61,-1.95,-1.76
255.5,3234.24,0.4739,744.44,325.29,148.73,False,746.05,327.63,-1.61,-2.34
256.0,3221.58,0.472,737.99,327.9,148.86,False,744.28,326.57,-6.29,1.33
256.5,3177.89,0.461,729.95,320.52,143.4,False,735.49,321.3,-5.54,-0.78
257.0,3169.08,0.4714,736.2,325.73,147.3,False,741.29,324.78,-5.09,0.95
257.5,3192.81,0.4864,748.13,332.05,152.47,False,751.48,330.89,-3.35,1.16
258.0,3295.31,0.5106,766.28,347.6,151.77,False,771.13,342.68,-4.85,4.92
258.5,3336.72,0.5186,778.93,342.54,154.15,False,778.0,346.8,0.93,-4.26
259.0,3298.83,0.5201,777.29,348.52,155.68,False,777.0,346.2,0.29,2.32
259.5,3270.38,0.5063,773.12,345.08,154.97,False,767.3,340.38,5.82,4.7
260.0,3308.97,0.5289,782.7,347.61,154.2,False,782.79,349.67,-0.09,-2.06
260.5,3354.13,0.5362,791.44,353.95,158.86,False,789.43,353.66,2.01,0.29
261.0,3333.16,0.5391,792.68,356.5,156.83,False,790.12,354.07,2.56,2.43
261.5,3356.0,0.5466,790.67,361.57,161.39,False,795.76,357.46,-5.09,4.11
262.0,3391.15,0.558,819.69,362.04,161.42,False,804.36,362.61,15.33,-0.57
262.5,3404.29,0.555,801.83,366.77,160.96,False,803.21,361.93,-1.38,4.84
263.0,3428.42,0.568,811.15,365.26,160.81,False,812.22,367.33,-1.07,-2.07
263.5,3466.46,0.5982,830.23,380.08,167.84,False,832.24,379.35,-2.01,0.73
264.0,3445.03,0.5832,824.5,371.05,163.32,False,822.17,373.3,2.33,-2.25
264.5,3457.37,0.5744,819.91,372.81,163.37,False,817.51,370.51,2.4,2.3
265.0,3510.39,0.5973,833.89,381.69,167.36,False,833.9,380.34,-0.01,1.35
265.5,3449.18,0.5854,827.22,376.71,162.14,False,823.7,374.22,3.52,2.49
266.0,3470.5,0.5911,821.71,372.84,164.06,False,828.18,376.91,-6.47,-4.07
266.5,3515.79,0.6072,845.54,380.24,167.64,False,840.11,384.07,5.43,-3.83
267.0,3543.54,0.622,856.77,389.65,172.4,False,850.38,390.23,6.39,-0.58
267.5,3562.82,0.6213,852.04,393.32,168.99,False,850.92,390.55,1.12,2.77
268.0,3570.4,0.6225,846.2,393.85,171.2,False,852.02,391.21,-5.82,2.64
268.5,3579.47,0.6139,850.1,391.33,169.19,False,847.31,388.39,2.79,2.94
269.0,3543.35,0.6153,843.13,384.91,169.09,False,846.35,387.81,-3.22,-2.9
269.5,3597.91,0.6428,873.55,396.37,174.94,False,865.58,399.35,7.97,-2.98
270.0,3612.67,0.6363,865.02,399.51,169.96,False,862.41,397.45,2.61,2.06
270.5,3646.84,0.6567,877.37,407.1,175.89,False,876.36,405.82,1.01,1.28
271.0,3620.74,0.6413,865.88,402.42,172.9,False,865.82,399.49,0.06,2.93
271.5,3592.04,0.6398,865.55,396.36,176.06,False,863.48,398.09,2.07,-1.73
272.0,3624.61,0.649,865.05,403.3,177.33,False,870.63,402.38,-5.58,0.92
272.5,3586.51,0.6566,875.84,404.68,173.57,False,873.29,403.97,2.55,0.71
273.0,3686.23,0.6759,888.15,408.27,175.74,False,889.85,413.91,-1.7,-5.64
273.5,3680.02,0.6781,889.65,420.22,179.87,False,890.86,414.52,-1.21,5.7
274.0,3650.73,0.6662,888.05,405.73,178.75,False,882.26,409.35,5.79,-3.62
274.5,3672.69,0.6708,887.73,410.32,178.38,False,886.11,411.67,1.62,-1.35
275.0,3688.76,0.672,886.87,410.98,177.74,False,887.64,412.58,-0.77,-1.6
275.5,3733.89,0.686,902.26,427.69,180.51,False,898.29,418.98,3.97,8.71
276.0,3699.71,0.688,896.55,417.74,181.05,False,897.79,418.67,-1.24,-0.93
276.5,3731.15,0.6838,900.04,416.95,177.81,False,896.84,418.1,3.2,-1.15
277.0,3715.54,0.6991,905.26,424.59,182.92,False,905.24,423.14,0.02,1.45
277.5,3758.83,0.6989,906.99,421.98,180.81,False,907.28,424.37,-0.29,-2.39
278.0,3691.77,0.6918,899.56,421.1,179.75,False,899.67,419.8,-0.11,1.3
278.5,3705.43,0.6908,892.69,419.46,181.69,False,899.75,419.85,-7.06,-0.39
279.0,3749.73,0.7116,914.77,430.33,183.54,False,914.45,428.67,0.32,1.66
279.5,3754.94,0.7015,910.66,427.61,180.1,False,908.65,425.19,2.01,2.42
280.0,3721.9,0.6937,900.33,418.71,180.92,False,902.32,421.39,-1.99,-2.68
280.5,3748.2,0.6976,901.09,424.89,178.58,False,905.97,423.58,-4.88,1.31
281.0,3753.96,0.6992,907.52,423.37,178.31,False,907.22,424.33,0.3,-0.96
281.5,3711.46,0.6846,893.33,419.7,178.72,False,896.33,417.8,-3.0,1.9
282.0,3729.87,0.6901,901.98,425.85,178.73,False,900.55,420.33,1.43,5.52
282.5,3747.64,0.6992,904.45,419.52,180.37,False,906.9,424.14,-2.45,-4.62
283.0,3707.18,0.6892,894.46,421.57,181.14,False,898.88,419.33,-4.42,2.24
283.5,3689.7,0.6907,898.32,421.67,181.81,False,898.91,419.34,-0.59,2.33
284.0,3700.38,0.6923,895.66,423.27,183.72,False,900.4,420.24,-4.74,3.03
284.5,3715.54,0.7038,900.13,426.53,181.33,False,908.06,424.83,-7.93,1.7
285.0,3719.89,0.687,902.82,419.27,182.08,False,898.19,418.92,4.63,0.35
285.5,3764.37,0.6972,900.6,431.74,181.85,False,906.54,423.92,-5.94,7.82
286.0,3787.14,0.6998,911.35,419.62,184.28,False,909.24,425.54,2.11,-5.92
286.5,3702.7,0.6913,903.83,418.77,180.44,False,899.91,419.95,3.92,-1.18
287.0,3765.62,0.6904,900.77,420.51,179.36,False,902.52,421.51,-1.75,-1.0
287.5,3748.11,0.7026,914.29,424.02,181.8,False,908.97,425.38,5.32,-1.36
288.0,3723.53,0.6739,892.17,417.53,176.02,False,890.52,414.31,1.65,3.22
288.5,3720.5,0.69,904.13,420.46,177.23,False,900.02,420.01,4.11,0.44
289.0,3690.55,0.6723,897.73,416.53,173.69,False,887.91,412.74,9.82,3.79
289.5,3712.23,0.6973,903.99,426.59,182.2,False,903.99,422.39,-0.0,4.2
290.0,3625.69,0.6674,882.73,413.72,176.81,False,881.72,409.03,1.01,4.69
290.5,3701.32,0.6727,894.28,415.26,179.71,False,888.69,413.21,5.59,2.05
291.0,3707.1,0.6821,893.35,413.09,177.0,False,894.62,416.77,-1.26,-3.68
291.5,3701.02,0.6689,884.73,413.97,179.15,False,886.39,411.83,-1.66,2.14
292.0,3660.44,0.6661,889.55,411.67,174.21,False,882.68,409.61,6.87,2.06
292.5,3662.93,0.6666,885.54,411.62,174.59,False,883.11,409.86,2.43,1.76
293.0,3653.77,0.6665,888.6,411.0,176.04,False,882.59,409.55,6.01,1.45
293.5,3655.53,0.6621,883.31,405.84,176.09,False,880.04,408.02,3.27,-2.18
294.0,3608.09,0.6506,879.53,404.17,171.69,False,870.76,402.46,8.77,1.71
294.5,3616.82,0.6342,858.89,399.82,172.67,False,861.36,396.82,-2.47,3.0
295.0,3644.05,0.6501,869.66,405.39,172.64,False,872.26,403.36,-2.6,2.03
295.5,3603.89,0.6428,868.04,398.81,171.91,False,865.87,399.52,2.17,-0.71
296.0,3616.11,0.6525,875.93,401.62,172.25,False,872.31,403.38,3.62,-1.76
296.5,3623.85,0.6421,864.28,398.69,173.93,False,866.45,399.87,-2.17,-1.18
297.0,3596.27,0.6328,859.32,391.48,171.41,False,859.49,395.7,-0.17,-4.22
297.5,3603.82,0.6358,855.0,398.04,173.89,False,861.67,397.0,-6.67,1.04
298.0,3567.57,0.6241,852.13,389.67,166.7,False,852.84,391.7,-0.71,-2.03
298.5,3548.68,0.615,839.2,389.46,173.29,False,846.43,387.86,-7.23,1.6
299.0,3523.72,0.607,850.25,380.98,168.42,False,840.39,384.23,9.86,-3.25
299.5,3480.82,0.5927,836.46,383.24,166.84,False,829.66,377.8,6.8,5.44
300.0,3469.75,0.5913,825.85,371.9,168.53,False,828.27,376.96,-2.42,-5.06
300.5,3469.74,0.599,841.57,380.78,168.47,False,832.89,379.73,8.68,1.05
301.0,3433.17,0.567,810.86,368.57,160.68,False,811.86,367.12,-1.0,1.45
301.5,3392.11,0.5717,818.77,372.25,161.49,False,812.63,367.58,6.14,4.67
302.0,3443.67,0.5748,813.62,367.41,165.46,False,817.06,370.24,-3.44,-2.83
302.5,3412.2,0.5645,804.64,369.24,163.12,False,809.31,365.59,-4.67,3.65
303.0,3402.21,0.5661,809.79,365.74,159.5,False,809.77,365.86,0.02,-0.12
303.5,3379.22,0.5498,791.87,354.49,163.05,False,798.84,359.3,-6.97,-4.81
304.0,3357.06,0.545,787.75,361.35,158.24,False,794.85,356.91,-7.1,4.44
304.5,3411.08,0.553,802.21,363.11,161.62,False,802.35,361.41,-0.14,1.7
305.0,3342.52,0.5389,800.26,351.69,158.14,False,790.47,354.28,9.79,-2.59
305.5,3306.45,0.526,782.94,348.31,153.11,False,780.92,348.55,2.02,-0.24
306.0,3263.11,0.5191,777.04,347.28,156.33,False,774.62,344.77,2.42,2.51
306.5,3267.21,0.5178,785.25,342.09,156.3,False,774.04,344.42,11.21,-2.33
307.0,3232.94,0.4982,764.03,337.15,151.35,False,760.57,336.34,3.46,0.81
307.5,3194.63,0.4876,755.61,339.96,153.4,False,752.29,331.37,3.32,8.59
308.0,3206.52,0.4981,754.52,340.53,150.65,False,759.19,335.51,-4.67,5.02
308.5,3170.68,0.4768,739.52,327.24,147.35,False,744.61,326.77,-5.09,0.47
309.0,3183.26,0.4691,738.95,323.53,149.22,False,740.62,324.37,-1.67,-0.84
309.5,3179.0,0.4678,742.52,323.07,148.0,False,739.63,323.78,2.89,-0.71
310.0,3150.69,0.4541,731.46,318.91,146.41,False,729.99,318.0,1.47,0.91
310.5,3156.32,0.455,734.46,317.64,148.76,False,730.82,318.49,3.64,-0.85
311.0,3129.33,0.4495,727.11,313.32,146.58,False,726.17,315.7,0.94,-2.38
311.5,3171.98,0.4682,737.23,322.21,150.98,False,739.52,323.71,-2.29,-1.5
312.0,3032.24,0.4256,704.77,300.01,142.98,False,706.97,304.18,-2.2,-4.17
312.5,3098.81,0.4529,732.82,314.81,148.26,False,726.68,316.01,6.14,-1.2
313.0,3032.84,0.4146,704.34,299.65,139.12,False,700.4,300.24,3.94,-0.59
313.5,3027.69,0.4079,686.79,296.1,140.66,False,696.12,297.67,-9.33,-1.57
314.0,3012.25,0.4054,699.78,299.13,139.68,False,693.85,296.31,5.93,2.82
314.5,3001.62,0.4042,686.3,297.07,139.7,False,692.6,295.56,-6.3,1.51
315.0,2977.61,0.3983,691.07,293.05,133.98,False,687.86,292.72,3.21,0.33
315.5,2940.23,0.3837,684.91,292.36,133.2,False,677.23,286.34,7.68,6.02
316.0,2958.46,0.3691,665.16,279.14,136.62,False,669.38,281.63,-4.22,-2.49
316.5,2873.51,0.3612,661.03,272.15,130.27,False,660.4,276.24,0.63,-4.09
317.0,2908.43,0.3659,661.55,278.52,133.66,False,664.96,278.98,-3.41,-0.46
317.5,2883.24,0.36,661.76,276.28,133.0,False,660.16,276.1,1.6,0.18
318.0,2853.01,0.3454,649.2,273.7,128.62,False,649.89,269.93,-0.69,3.77
318.5,2868.13,0.3348,641.21,268.5,131.01,False,644.29,266.57,-3.08,1.93
319.0,2812.06,0.3275,636.13,265.01,127.94,False,637.1,262.26,-0.97,2.75
319.5,2788.63,0.3232,645.03,260.05,125.31,False,633.35,260.01,11.68,0.04
320.0,2831.41,0.3279,637.07,261.7,127.21,False,638.31,262.99,-1.24,-1.29
320.5,2737.54,0.2926,621.42,247.56,117.77,False,612.44,247.46,8.98,0.1
321.0,2763.42,0.2984,612.31,251.59,121.79,False,617.21,250.33,-4.9,1.26
321.5,2698.85,0.2788,592.77,237.83,120.45,False,602.22,241.33,-9.45,-3.5
322.0,2678.95,0.2813,607.51,238.81,124.07,False,602.73,241.64,4.78,-2.83
322.5,2661.66,0.2613,597.78,234.62,119.02,False,589.86,233.92,7.92,0.7
323.0,2669.8,0.2718,591.03,234.41,120.22,False,596.57,237.94,-5.54,-3.53
323.5,2608.2,0.2537,585.41,228.89,119.6,False,582.63,229.58,2.78,-0.69
324.0,2638.66,0.2615,589.88,230.81,117.09,False,588.83,233.3,1.05,-2.49
324.5,2598.41,0.2491,573.52,221.33,114.0,False,579.38,227.63,-5.86,-6.3
325.0,2601.41,0.2515,591.3,227.5,117.11,False,580.97,228.58,10.33,-1.08
325.5,2582.76,0.2453,576.67,221.84,120.46,False,576.32,225.79,0.35,-3.95
326.0,2520.78,0.2166,549.58,218.29,116.26,False,556.0,213.6,-6.42,4.69
326.5,2509.4,0.2217,559.48,215.47,110.84,False,558.49,215.09,0.99,0.38
327.0,2562.88,0.2226,559.78,213.51,113.6,False,561.7,217.02,-1.92,-3.51
327.5,2552.12,0.2145,548.42,209.02,109.6,False,556.31,213.78,-7.89,-4.76
328.0,2507.03,0.2,550.5,208.19,109.42,False,545.35,207.21,5.15,0.98
328.5,2538.49,0.2149,563.17,213.81,110.54,False,555.86,213.52,7.31,0.29
329.0,2524.74,0.2,544.75,210.92,105.06,False,546.24,207.74,-1.49,3.18
329.5,2485.46,0.2,556.92,206.8,108.18,False,544.27,206.56,12.65,0.24
330.0,2484.8,0.2,549.92,205.11,107.34,False,544.24,206.54,5.68,-1.43
330.5,2510.34,0.2,542.72,206.28,107.39,False,545.52,207.31,-2.8,-1.03
331.0,2487.64,0.2,539.83,202.31,109.44,False,544.38,206.63,-4.55,-4.32
331.5,2486.63,0.2,546.48,207.94,108.49,False,544.33,206.6,2.15,1.34
332.0,2506.55,0.2,543.72,205.93,106.26,False,545.33,207.2,-1.61,-1.27
332.5,2477.52,0.2,547.2,210.59,107.18,False,543.88,206.33,3.32,4.26
333.0,2493.9,0.2,541.55,208.81,107.64,False,544.7,206.82,-3.15,1.99
333.5,2487.01,0.2,538.73,207.76,110.79,False,544.35,206.61,-5.62,1.15
334.0,2528.6,0.2,543.46,206.05,109.94,False,546.43,207.86,-2.97,-1.81
334.5,2507.23,0.2,546.28,209.06,112.45,False,545.36,207.22,0.92,1.84
335.0,2530.17,0.2,549.84,206.04,109.01,False,546.51,207.91,3.33,-1.87
335.5,2472.87,0.2,537.29,204.34,107.07,False,543.64,206.19,-6.35,-1.85
336.0,2496.62,0.2,545.98,203.33,108.08,False,544.83,206.9,1.15,-3.57
336.5,2485.51,0.2,545.81,213.6,108.96,False,544.28,206.57,1.53,7.03
337.0,2501.84,0.2,544.24,206.91,106.11,False,545.09,207.06,-0.85,-0.15
337.5,2496.69,0.2,542.17,206.47,109.12,False,544.83,206.9,-2.66,-0.43
338.0,2507.98,0.2,542.29,208.72,109.75,False,545.4,207.24,-3.11,1.48
338.5,2511.77,0.2,544.51,207.73,111.13,False,545.59,207.35,-1.08,0.38
339.0,2503.63,0.2,547.08,204.53,108.85,False,545.18,207.11,1.9,-2.58
339.5,2495.61,0.2,544.21,206.52,111.83,False,544.78,206.87,-0.57,-0.35
340.0,2447.76,0.2,542.6,205.81,107.98,False,542.39,205.43,0.21,0.38
340.5,2501.56,0.2,543.15,210.08,108.96,False,545.08,207.05,-1.93,3.03
341.0,2491.17,0.2,548.77,213.83,109.12,False,544.56,206.74,4.21,7.09
341.5,2511.04,0.2,536.18,208.65,110.64,False,545.55,207.33,-9.37,1.32
342.0,2511.3,0.2,545.85,204.67,112.7,False,545.57,207.34,0.28,-2.67
342.5,2451.63,0.2,551.38,211.41,109.06,False,542.58,205.55,8.8,5.86
343.0,2487.14,0.2,547.74,204.57,107.78,False,544.36,206.61,3.38,-2.04
343.5,2485.87,0.2,541.33,205.06,110.47,False,544.29,206.58,-2.96,-1.52
344.0,2514.94,0.2,544.56,210.03,108.39,False,545.75,207.45,-1.19,2.58
344.5,2520.34,0.2,541.17,208.05,108.86,False,546.02,207.61,-4.85,0.44
345.0,2527.66,0.2,546.01,203.97,109.61,False,546.38,207.83,-0.37,-3.86
345.5,2505.7,0.2,543.1,211.26,105.32,False,545.28,207.17,-2.18,4.09
346.0,2497.68,0.2,536.33,205.81,111.91,False,544.88,206.93,-8.55,-1.12
346.5,2486.3,0.2,542.2,208.08,111.68,False,544.32,206.59,-2.12,1.49
347.0,2473.37,0.2,538.36,208.6,106.31,False,543.67,206.2,-5.31,2.4
347.5,2477.25,0.2,539.88,206.72,110.01,False,543.86,206.32,-3.98,0.4
348.0,2501.47,0.2,541.27,203.79,107.98,False,545.07,207.04,-3.8,-3.25
348.5,2458.0,0.2,541.07,210.61,109.16,False,542.9,205.74,-1.83,4.87
349.0,2499.42,0.2,546.92,208.2,108.26,False,544.97,206.98,1.95,1.22
349.5,2520.06,0.2,549.11,208.73,106.99,False,546.0,207.6,3.11,1.13
350.0,2505.67,0.2,536.8,200.88,109.64,False,545.28,207.17,-8.48,-6.29
350.5,2510.81,0.2,555.6,211.17,108.49,False,545.54,207.32,10.06,3.85
351.0,2522.44,0.2,543.28,207.1,109.6,False,546.12,207.67,-2.84,-0.57
351.5,2497.6,0.2,551.9,210.63,109.95,False,544.88,206.93,7.02,3.7
352.0,2532.46,0.2,547.71,216.81,106.62,False,546.62,207.97,1.09,8.84
352.5,2507.94,0.2,554.75,204.99,110.81,False,545.4,207.24,9.35,-2.25
353.0,2480.78,0.2,552.04,210.69,110.2,False,544.04,206.42,8.0,4.27
353.5,2498.43,0.2,548.2,207.09,107.3,False,544.92,206.95,3.28,0.14
354.0,2504.44,0.2,544.87,207.65,110.0,False,545.22,207.13,-0.35,0.52
354.5,2494.65,0.2,542.83,208.45,105.33,False,544.73,206.84,-1.9,1.61
355.0,2465.25,0.2,550.59,211.53,108.26,False,543.26,205.96,7.33,5.57
355.5,2490.66,0.2,549.34,204.99,108.04,False,544.53,206.72,4.81,-1.73
356.0,2523.16,0.2,544.08,203.19,106.83,False,546.16,207.69,-2.08,-4.5
356.5,2507.87,0.2,543.07,209.3,108.52,False,545.39,207.24,-2.32,2.06
357.0,2528.17,0.2,532.3,209.39,108.07,False,546.41,207.85,-14.11,1.54
357.5,2485.72,0.2,541.6,206.61,109.83,False,544.29,206.57,-2.69,0.04
358.0,2482.69,0.2,551.41,207.22,109.9,False,544.13,206.48,7.28,0.74
358.5,2533.55,0.2,544.06,205.67,111.19,False,546.68,208.01,-2.62,-2.34
359.0,2500.2,0.2,545.0,207.78,113.18,False,545.01,207.01,-0.01,0.77
359.5,2506.53,0.2,545.19,207.13,109.49,False,545.33,207.2,-0.14,-0.07
360.0,2512.26,0.2,542.29,204.16,115.05,False,545.61,207.37,-3.32,-3.21
360.5,2470.09,0.2,545.58,204.2,108.12,False,543.5,206.1,2.08,-1.9
361.0,2511.37,0.2,536.14,212.51,106.62,False,545.57,207.34,-9.43,5.17
361.5,2525.21,0.2055,544.69,209.83,108.85,False,549.56,209.74,-4.87,0.09
362.0,2459.23,0.2,550.61,206.76,108.03,False,542.96,205.78,7.65,0.98
362.5,2482.12,0.2,533.72,208.22,110.04,False,544.11,206.46,-10.39,1.76
363.0,2513.88,0.2048,541.19,206.02,108.2,False,548.57,209.14,-7.38,-3.12
363.5,2543.73,0.2211,570.05,217.22,112.73,False,559.85,215.91,10.2,1.31
364.0,2493.4,0.2149,560.61,214.81,110.8,False,553.61,212.17,7.0,2.64
364.5,2526.92,0.2232,558.88,213.69,115.91,False,560.27,216.16,-1.39,-2.47
365.0,2568.41,0.2395,572.96,222.75,112.07,False,572.12,223.27,0.84,-0.52
365.5,2650.52,0.2564,582.44,233.7,116.42,False,586.37,231.82,-3.93,1.88
366.0,2568.61,0.2405,582.33,225.15,117.43,False,572.73,223.64,9.6,1.51
366.5,2574.25,0.239,574.52,224.16,113.73,False,572.11,223.27,2.41,0.89
367.0,2614.4,0.2461,576.13,225.02,118.79,False,578.38,227.03,-2.25,-2.01
367.5,2644.57,0.2621,591.24,233.84,114.61,False,589.49,233.69,1.75,0.15
368.0,2724.71,0.2839,602.08,243.01,119.43,False,606.58,243.95,-4.5,-0.94
368.5,2729.3,0.2888,616.16,249.09,123.4,False,609.75,245.85,6.41,3.24
369.0,2652.62,0.2691,598.72,237.56,116.24,False,594.09,236.45,4.63,1.11
369.5,2719.82,0.2884,600.78,247.02,122.57,False,609.03,245.42,-8.25,1.6
370.0,2782.38,0.3163,633.43,253.41,123.94,False,628.9,257.34,4.53,-3.93
370.5,2768.42,0.3077,617.96,254.14,122.46,False,623.04,253.82,-5.08,0.32
371.0,2817.29,0.3157,628.93,255.03,125.28,False,630.28,258.17,-1.35,-3.14
371.5,2774.85,0.3052,633.63,250.91,123.72,False,621.86,253.12,11.77,-2.21
372.0,2808.01,0.3202,631.84,262.52,125.19,False,632.52,259.51,-0.68,3.01
372.5,2857.41,0.3431,647.14,276.51,128.11,False,648.73,269.24,-1.59,7.27
373.0,2894.49,0.3435,653.48,267.39,130.83,False,650.82,270.49,2.66,-3.1
373.5,2891.35,0.3505,656.04,273.1,130.74,False,654.87,272.92,1.17,0.18
374.0,2900.21,0.3596,657.51,281.51,130.04,False,660.77,276.46,-3.26,5.05
374.5,2952.71,0.367,661.56,277.44,131.28,False,667.84,280.7,-6.28,-3.26
375.0,2923.97,0.3734,659.97,283.16,133.15,False,670.24,282.14,-10.27,1.02
375.5,2880.78,0.3628,667.0,275.7,135.81,False,661.72,277.03,5.28,-1.33
376.0,2963.25,0.3926,687.69,290.01,136.59,False,683.72,290.23,3.97,-0.22
376.5,3015.22,0.4054,698.66,298.76,138.46,False,694.0,296.4,4.66,2.36
377.0,2971.99,0.3972,689.59,292.39,137.75,False,686.92,292.15,2.67,0.24
377.5,3040.34,0.418,704.01,299.73,143.48,False,702.82,301.69,1.19,-1.96
378.0,3096.42,0.4242,700.06,304.51,142.24,False,709.34,305.6,-9.28,-1.09
378.5,3011.53,0.4135,703.22,303.03,140.5,False,698.68,299.21,4.54,3.82
379.0,3040.18,0.4116,698.48,290.94,142.16,False,698.97,299.38,-0.49,-8.44
379.5,3117.15,0.4389,714.82,308.86,144.36,False,719.2,311.52,-4.38,-2.66
380.0,3164.13,0.4628,737.82,323.68,144.59,False,735.89,321.53,1.93,2.15
380.5,3153.38,0.4588,731.5,321.08,146.76,False,732.95,319.77,-1.45,1.31
381.0,3085.35,0.429,713.26,306.31,145.49,False,711.67,307.0,1.59,-0.69
381.5,3196.33,0.4702,742.69,321.83,143.3,False,741.94,325.16,0.75,-3.33
382.0,3166.89,0.4696,744.45,324.71,150.67,False,740.1,324.06,4.35,0.65
382.5,3206.72,0.4786,754.52,323.09,148.49,False,747.5,328.5,7.02,-5.41
383.0,3247.97,0.4973,759.06,338.58,153.84,False,760.78,336.47,-1.72,2.11
383.5,3254.42,0.4923,766.39,336.39,151.48,False,758.1,334.86,8.29,1.53
384.0,3253.82,0.5025,765.23,335.39,155.45,False,764.19,338.51,1.04,-3.12
384.5,3248.46,0.4986,771.44,335.62,150.97,False,761.58,336.95,9.86,-1.33
385.0,3222.35,0.5114,765.78,350.67,155.34,False,767.96,340.77,-2.18,9.9
385.5,3283.24,0.5128,775.98,348.57,155.13,False,771.84,343.11,4.14,5.46
386.0,3299.06,0.5252,775.61,343.19,153.03,False,780.07,348.04,-4.46,-4.85
386.5,3327.15,0.5284,777.06,340.4,154.52,False,783.4,350.04,-6.34,-9.64
387.0,3378.46,0.5392,787.87,357.21,158.15,False,792.44,355.47,-4.57,1.74
387.5,3373.96,0.5501,794.97,359.78,159.29,False,798.76,359.25,-3.79,0.53
388.0,3377.22,0.5475,794.68,358.59,159.22,False,797.36,358.42,-2.68,0.17
388.5,3374.05,0.5546,797.35,356.38,159.7,False,801.46,360.88,-4.11,-4.5
389.0,3488.35,0.5752,821.43,374.11,164.99,False,819.54,371.72,1.89,2.39
389.5,3434.2,0.5942,828.54,380.14,166.46,False,828.23,376.94,0.31,3.2
390.0,3468.68,0.5844,827.7,371.4,162.55,False,824.07,374.44,3.63,-3.04
390.5,3496.82,0.6037,834.59,380.67,166.12,False,837.06,382.24,-2.47,-1.57
391.0,3447.44,0.5805,817.92,375.85,164.76,False,820.67,372.4,-2.75,3.45
391.5,3501.81,0.6017,838.03,383.89,167.06,False,836.11,381.67,1.92,2.22
392.0,3554.31,0.6154,843.7,382.25,169.77,False,846.96,388.17,-3.26,-5.92
392.5,3551.6,0.6173,845.77,386.09,170.61,False,847.96,388.78,-2.19,-2.69
393.0,3571.1,0.6196,844.77,387.76,173.11,False,850.32,390.19,-5.55,-2.43
393.5,3578.6,0.6291,856.9,385.44,169.41,False,856.39,393.83,0.51,-8.39
394.0,3567.35,0.625,858.75,390.89,168.5,False,853.37,392.02,5.38,-1.13
394.5,3580.87,0.6336,857.9,402.34,167.39,False,859.2,395.52,-1.3,6.82
395.0,3562.37,0.6312,862.12,397.01,171.43,False,856.84,394.1,5.28,2.91
395.5,3590.3,0.637,861.4,396.51,172.86,False,861.72,397.03,-0.32,-0.52
396.0,3608.07,0.6516,863.69,406.06,174.99,False,871.36,402.82,-7.67,3.24
396.5,3669.29,0.6534,870.7,404.75,176.46,False,875.5,405.3,-4.8,-0.55
397.0,3610.19,0.6426,880.2,400.45,176.4,False,866.07,399.64,14.13,0.81
397.5,3651.57,0.6685,889.99,406.32,180.14,False,883.68,410.21,6.31,-3.89
398.0,3648.92,0.6623,883.43,407.39,177.46,False,879.83,407.9,3.6,-0.51
398.5,3637.17,0.6554,875.35,404.07,177.49,False,875.1,405.06,0.25,-0.99
399.0,3648.66,0.6589,869.93,402.67,175.57,False,877.77,406.66,-7.84,-3.99
399.5,3691.86,0.6905,885.1,422.59,179.94,False,898.89,419.34,-13.79,3.25
400.0,3720.24,0.6853,901.07,416.76,178.52,False,897.19,418.32,3.88,-1.56
400.5,3692.49,0.6771,895.78,413.16,175.52,False,890.88,414.53,4.9,-1.37
401.0,3737.21,0.6994,906.76,424.45,180.64,False,906.5,423.9,0.26,0.55
401.5,3708.78,0.6821,882.74,422.36,178.61,False,894.7,416.82,-11.96,5.54
402.0,3716.94,0.6905,897.28,424.8,178.96,False,900.15,420.09,-2.87,4.71
402.5,3727.42,0.6946,902.35,426.0,176.94,False,903.13,421.88,-0.78,4.12
403.0,3668.12,0.6759,886.0,409.19,176.54,False,888.95,413.37,-2.95,-4.18
403.5,3701.18,0.6709,888.4,412.39,175.27,False,887.6,412.56,0.8,-0.17
404.0,3692.6,0.6774,895.45,417.37,179.48,False,891.07,414.64,4.38,2.73
404.5,3710.87,0.6869,897.01,424.92,176.08,False,897.68,418.61,-0.67,6.31
405.0,3703.96,0.6933,899.43,420.0,180.08,False,901.18,420.71,-1.75,-0.71
405.5,3715.52,0.6809,896.18,413.57,178.9,False,894.32,416.59,1.86,-3.02
406.0,3765.16,0.6888,899.88,416.08,180.24,False,901.54,420.92,-1.66,-4.84
406.5,3691.98,0.6851,894.49,420.84,180.5,False,895.66,417.4,-1.17,3.44
407.0,3750.39,0.7045,912.11,424.57,181.59,False,910.22,426.13,1.89,-1.56
407.5,3764.78,0.7041,918.44,425.77,184.45,False,910.7,426.42,7.74,-0.65
408.0,3741.79,0.7055,907.34,424.34,182.12,False,910.39,426.23,-3.05,-1.89
408.5,3771.52,0.7061,909.73,420.93,182.53,False,912.24,427.34,-2.51,-6.41
409.0,3792.44,0.7001,913.79,426.91,179.59,False,909.68,425.81,4.11,1.1
409.5,3720.55,0.6944,905.96,423.14,178.51,False,902.67,421.6,3.29,1.54
410.0,3742.96,0.711,915.23,430.14,185.04,False,913.75,428.25,1.48,1.89
410.5,3741.2,0.695,897.29,418.07,183.02,False,904.06,422.44,-6.77,-4.37
411.0,3803.52,0.7094,919.63,430.66,181.05,False,915.82,429.49,3.81,1.17
411.5,3776.62,0.7137,914.12,431.24,180.15,False,917.05,430.23,-2.93,1.01
412.0,3762.83,0.7022,906.46,424.65,180.3,False,909.46,425.68,-3.0,-1.03
412.5,3758.02,0.6921,903.56,421.0,182.05,False,903.16,421.9,0.4,-0.9
413.0,3757.01,0.7034,900.87,429.36,186.13,False,909.89,425.93,-9.02,3.43
413.5,3739.99,0.6911,896.55,418.65,181.47,False,901.66,421.0,-5.11,-2.35
414.0,3714.24,0.6909,901.53,419.31,177.96,False,900.25,420.15,1.28,-0.84
414.5,3703.59,0.6829,888.01,420.01,173.54,False,894.92,416.95,-6.91,3.06
415.0,3701.42,0.6794,895.36,418.91,177.09,False,892.71,415.63,2.65,3.28
415.5,3683.76,0.6872,907.72,414.61,180.48,False,896.51,417.9,11.21,-3.29
416.0,3696.45,0.6825,898.98,412.22,178.84,False,894.32,416.59,4.66,-4.37
416.5,3683.91,0.6701,891.23,410.48,178.73,False,886.26,411.75,4.97,-1.27
417.0,3677.92,0.6732,886.6,410.77,178.48,False,887.82,412.69,-1.22,-1.92
417.5,3646.65,0.6719,889.23,409.82,178.03,False,885.47,411.28,3.76,-1.46
418.0,3656.66,0.674,896.99,414.23,176.89,False,887.23,412.34,9.76,1.89
418.5,3609.35,0.6533,878.03,401.84,176.91,False,872.45,403.47,5.58,-1.63
419.0,3628.7,0.6549,861.67,404.51,174.62,False,874.38,404.62,-12.71,-0.12
419.5,3681.42,0.6633,884.98,412.28,176.07,False,882.05,409.23,2.93,3.05
420.0,3667.1,0.6611,875.47,402.64,173.62,False,880.02,408.01,-4.55,-5.37
420.5,3624.69,0.6469,859.94,395.01,176.54,False,869.37,401.62,-9.43,-6.61
421.0,3628.71,0.6515,877.44,404.66,174.77,False,872.34,403.4,5.1,1.26
421.5,3622.95,0.6489,870.39,401.47,173.32,False,870.49,402.29,-0.1,-0.82
422.0,3564.2,0.6341,863.71,392.89,171.5,False,858.67,395.2,5.04,-2.31
422.5,3521.62,0.6256,858.01,390.1,173.15,False,851.44,390.86,6.57,-0.76
423.0,3585.38,0.6188,847.27,392.91,169.81,False,850.55,390.33,-3.28,2.58
423.5,3573.73,0.6227,848.04,387.93,169.02,False,852.31,391.38,-4.27,-3.45
424.0,3550.07,0.6143,851.92,384.31,167.61,False,846.08,387.65,5.84,-3.34
424.5,3490.21,0.5936,832.79,374.22,166.08,False,830.67,378.4,2.12,-4.18
425.0,3540.6,0.6076,852.09,381.48,166.06,False,841.59,384.95,10.5,-3.47
425.5,3491.27,0.5882,825.74,375.96,163.65,False,827.48,376.49,-1.74,-0.53
426.0,3495.12,0.6001,838.14,380.49,166.55,False,834.82,380.89,3.32,-0.4
426.5,3496.67,0.5855,827.41,377.1,164.5,False,826.13,375.68,1.28,1.42
427.0,3434.32,0.5724,807.85,367.99,162.83,False,815.16,369.09,-7.31,-1.1
427.5,3430.26,0.5683,818.86,367.99,162.56,False,812.49,367.5,6.37,0.49
428.0,3394.83,0.5578,797.59,361.04,160.24,False,804.42,362.65,-6.83,-1.61
428.5,3401.0,0.5651,812.01,365.25,156.19,False,809.11,365.47,2.9,-0.22
429.0,3340.59,0.5497,799.09,363.87,158.18,False,796.85,358.11,2.24,5.76
429.5,3402.75,0.5481,796.94,358.56,162.18,False,799.0,359.4,-2.06,-0.84
430.0,3357.32,0.5481,799.85,356.55,155.24,False,796.73,358.04,3.12,-1.49
430.5,3368.08,0.5343,788.25,349.71,156.08,False,788.98,353.39,-0.73,-3.68
431.0,3293.33,0.5092,780.33,343.68,153.65,False,770.19,342.11,10.14,1.57
431.5,3333.58,0.517,773.85,351.22,157.75,False,776.88,346.13,-3.03,5.09
432.0,3229.04,0.497,759.9,336.0,158.05,False,759.65,335.79,0.25,0.21
432.5,3253.92,0.4966,760.05,336.37,149.92,False,760.66,336.39,-0.61,-0.02
433.0,3260.14,0.5014,766.39,342.36,154.58,False,763.85,338.31,2.54,4.05
433.5,3222.96,0.494,757.04,335.64,150.67,False,757.55,334.53,-0.51,1.11
434.0,3158.87,0.4768,744.48,322.98,147.13,False,744.02,326.41,0.46,-3.43
434.5,3195.01,0.475,748.05,324.96,148.0,False,744.75,326.85,3.3,-1.89
435.0,3176.89,0.477,751.82,330.16,150.37,False,745.04,327.03,6.78,3.13
435.5,3211.07,0.4736,745.32,329.05,149.45,False,744.71,326.83,0.61,2.22
436.0,3151.06,0.4575,730.12,321.61,143.16,False,732.05,319.23,-1.93,2.38
436.5,3097.98,0.4442,720.85,310.58,145.08,False,721.42,312.85,-0.57,-2.27
437.0,3104.08,0.4348,711.77,311.52,144.7,False,716.08,309.65,-4.31,1.87
437.5,3178.11,0.4453,728.13,314.69,142.82,False,726.09,315.65,2.04,-0.96
438.0,3100.03,0.4263,716.49,307.81,139.31,False,710.78,306.47,5.71,1.34
438.5,3032.0,0.4247,709.1,306.31,143.39,False,706.42,303.85,2.68,2.46
439.0,3023.59,0.4173,702.03,297.01,136.5,False,701.56,300.94,0.47,-3.93
439.5,3048.08,0.4123,704.42,297.47,140.96,False,699.78,299.87,4.64,-2.4
440.0,2979.3,0.3907,680.93,288.65,140.61,False,683.38,290.03,-2.46,-1.38
440.5,2916.57,0.3746,676.12,283.84,135.07,False,670.59,282.35,5.53,1.49
441.0,2950.81,0.3729,679.21,283.65,132.28,False,671.28,282.77,7.93,0.88
441.5,2947.71,0.3783,681.55,282.32,134.76,False,674.37,284.62,7.18,-2.3
442.0,2918.68,0.3736,666.82,285.48,136.56,False,670.09,282.06,-3.27,3.42
442.5,2940.41,0.3751,670.38,287.22,135.81,False,672.08,283.25,-1.7,3.97
443.0,2866.64,0.3427,647.59,269.0,131.84,False,648.95,269.37,-1.36,-0.37
443.5,2843.23,0.3527,657.01,275.53,128.09,False,653.78,272.27,3.23,3.26
444.0,2828.56,0.3313,648.3,270.16,126.4,False,640.21,264.12,8.09,6.04
444.5,2847.12,0.3357,645.41,266.96,132.06,False,643.78,266.27,1.63,0.69
445.0,2851.5,0.3342,646.78,266.34,130.73,False,643.1,265.86,3.68,0.48
445.5,2797.09,0.3179,620.36,258.03,124.75,False,630.59,258.36,-10.23,-0.33
446.0,2752.45,0.2969,615.14,247.48,123.65,False,615.76,249.46,-0.62,-1.98
446.5,2778.93,0.3116,630.26,249.74,125.07,False,625.91,255.54,4.35,-5.8
447.0,2715.84,0.2903,611.19,252.07,121.45,False,609.97,245.98,1.22,6.09
447.5,2715.42,0.2906,619.74,246.41,125.7,False,610.13,246.08,9.61,0.33
448.0,2719.28,0.2882,605.85,245.61,123.59,False,608.88,245.33,-3.03,0.28
448.5,2679.38,0.2738,603.44,242.76,118.36,False,598.25,238.95,5.19,3.81
449.0,2681.65,0.2604,594.55,229.54,117.24,False,590.32,234.19,4.23,-4.65
449.5,2659.93,0.2511,574.96,224.39,114.76,False,583.66,230.19,-8.7,-5.8
450.0,2650.55,0.2567,592.0,226.38,119.6,False,586.55,231.93,5.45,-5.55
450.5,2584.09,0.2442,577.09,226.95,117.72,False,575.72,225.43,1.37,1.52
451.0,2541.0,0.2251,565.71,220.24,115.21,False,562.11,217.27,3.6,2.97
451.5,2600.41,0.2293,558.01,221.57,115.16,False,567.6,220.56,-9.59,1.01
452.0,2583.45,0.2258,557.73,217.7,112.67,False,564.65,218.79,-6.92,-1.09
452.5,2560.01,0.2295,566.87,222.84,117.85,False,565.7,219.42,1.17,3.42
453.0,2481.43,0.2013,551.01,204.73,107.83,False,544.85,206.91,6.16,-2.18
453.5,2517.89,0.2046,550.73,208.97,107.0,False,548.65,209.19,2.08,-0.22
454.0,2553.21,0.212,550.15,207.41,110.67,False,554.86,212.92,-4.71,-5.51
454.5,2526.1,0.212,549.38,217.51,108.69,False,553.5,212.1,-4.12,5.41
455.0,2462.88,0.2,551.37,208.87,110.8,False,543.14,205.89,8.23,2.98
455.5,2478.74,0.2,544.3,204.07,109.97,False,543.94,206.36,0.36,-2.29
456.0,2507.44,0.2,549.62,206.11,108.04,False,545.37,207.22,4.25,-1.11
456.5,2505.38,0.2,539.69,204.36,110.27,False,545.27,207.16,-5.58,-2.8
457.0,2513.41,0.2,542.34,207.05,111.83,False,545.67,207.4,-3.33,-0.35
457.5,2538.18,0.2,541.48,204.04,107.56,False,546.91,208.15,-5.43,-4.11
458.0,2495.85,0.2,542.28,209.35,109.7,False,544.79,206.88,-2.51,2.47
458.5,2514.47,0.2,541.16,205.52,104.55,False,545.72,207.43,-4.56,-1.91
459.0,2501.48,0.2,540.27,205.46,106.55,False,545.07,207.04,-4.8,-1.58
459.5,2508.05,0.2,545.06,202.38,107.76,False,545.4,207.24,-0.34,-4.86
460.0,2501.5,0.2,552.13,209.44,107.02,False,545.08,207.05,7.05,2.39
460.5,2483.88,0.2,549.24,206.52,106.18,False,544.19,206.52,5.05,0.0
461.0,2495.45,0.2,544.81,204.84,110.22,False,544.77,206.86,0.04,-2.02
461.5,2507.14,0.2,539.23,204.32,104.58,False,545.36,207.21,-6.13,-2.89
462.0,2502.65,0.2,546.85,208.81,106.59,False,545.13,207.08,1.72,1.73
462.5,2534.29,0.2,549.94,208.01,106.99,False,546.71,208.03,3.23,-0.02
463.0,2511.21,0.2,541.84,206.48,109.33,False,545.56,207.34,-3.72,-0.86
463.5,2488.42,0.2,538.28,211.87,113.98,False,544.42,206.65,-6.14,5.22
464.0,2484.54,0.2,547.55,211.02,106.57,False,544.23,206.54,3.32,4.48
464.5,2517.29,0.2,543.28,202.31,110.24,False,545.86,207.52,-2.58,-5.21
465.0,2508.1,0.2,542.63,204.46,111.05,False,545.4,207.24,-2.77,-2.78
465.5,2530.04,0.2,539.73,205.34,109.32,False,546.5,207.9,-6.77,-2.56
466.0,2496.25,0.2,540.04,207.2,109.34,False,544.81,206.89,-4.77,0.31
466.5,2509.22,0.2,546.6,206.44,107.57,False,545.46,207.28,1.14,-0.84
467.0,2533.8,0.2,551.71,208.9,109.76,False,546.69,208.01,5.02,0.89
467.5,2495.68,0.2,545.51,207.69,109.94,False,544.78,206.87,0.73,0.82
468.0,2486.34,0.2,552.25,209.31,108.22,False,544.32,206.59,7.93,2.72
468.5,2500.63,0.2,547.36,214.6,109.38,False,545.03,207.02,2.33,7.58
469.0,2490.3,0.2,551.14,208.21,100.22,False,544.51,206.71,6.62,1.5
469.5,2460.08,0.2,552.6,198.68,110.88,False,543.0,205.8,9.6,-7.12
470.0,2508.92,0.2,550.75,208.09,110.17,False,545.45,207.27,5.3,0.82
470.5,2513.84,0.2,553.75,210.39,105.02,False,545.69,207.42,8.06,2.97
471.0,2468.14,0.2,545.22,208.18,106.14,False,543.41,206.04,1.81,2.14
471.5,2489.04,0.2,544.14,201.15,108.34,False,544.45,206.67,-0.31,-5.52
472.0,2507.58,0.2,546.22,206.21,109.57,False,545.38,207.23,0.84,-1.02
472.5,2506.35,0.2,544.07,205.06,110.05,False,545.32,207.19,-1.25,-2.13
473.0,2500.57,0.2,543.48,206.02,107.98,False,545.03,207.02,-1.55,-1.0
473.5,2504.63,0.2,549.25,205.41,112.79,False,545.23,207.14,4.02,-1.73
474.0,2480.13,0.2,536.33,211.6,111.74,False,544.01,206.4,-7.68,5.2
474.5,2536.23,0.2,543.24,206.19,111.87,False,546.81,208.09,-3.57,-1.9
475.0,2504.97,0.2,543.01,205.16,105.31,False,545.25,207.15,-2.24,-1.99
475.5,2511.98,0.2,545.1,204.02,109.45,False,545.6,207.36,-0.5,-3.34
476.0,2503.33,0.2,541.02,209.6,102.74,False,545.17,207.1,-4.15,2.5
476.5,2469.83,0.2,543.79,206.98,108.07,False,543.49,206.09,0.3,0.89
477.0,2503.05,0.2,548.99,207.05,115.36,False,545.15,207.09,3.84,-0.04
477.5,2465.79,0.2,542.28,210.44,106.33,False,543.29,205.97,-1.01,4.47
478.0,2527.41,0.2,545.21,205.99,105.28,False,546.37,207.82,-1.16,-1.83
478.5,2464.37,0.2,550.67,209.3,111.26,False,543.22,205.93,7.45,3.37
479.0,2510.41,0.2,549.34,201.54,106.0,False,545.52,207.31,3.82,-5.77
479.5,2507.76,0.2,546.62,210.35,111.3,False,545.39,207.23,1.23,3.12
480.0,2483.04,0.2,544.06,207.97,102.18,False,544.15,206.49,-0.09,1.48
480.5,2488.09,0.2,554.64,205.96,109.27,False,544.4,206.64,10.24,-0.68
481.0,2497.9,0.2,545.75,210.61,110.17,False,544.89,206.94,0.86,3.67
481.5,2550.77,0.2,546.59,207.35,109.34,False,547.54,208.52,-0.95,-1.17
482.0,2494.43,0.2,537.31,203.45,107.96,False,544.72,206.83,-7.41,-3.38
482.5,2510.72,0.2,540.44,204.82,111.75,False,545.54,207.32,-5.1,-2.5
483.0,2491.15,0.2,550.62,204.02,109.78,False,544.56,206.73,6.06,-2.71
483.5,2484.49,0.2,547.05,205.59,106.21,False,544.22,206.53,2.83,-0.94
484.0,2493.78,0.2,543.11,204.12,108.7,False,544.69,206.81,-1.58,-2.69
484.5,2537.84,0.2,547.33,208.72,110.77,False,546.89,208.14,0.44,0.58
485.0,2505.45,0.2,543.65,208.32,109.68,False,545.27,207.16,-1.62,1.16
485.5,2502.92,0.2,543.98,201.33,110.02,False,545.15,207.09,-1.17,-5.76
486.0,2492.18,0.2,542.31,203.67,109.42,False,544.61,206.77,-2.3,-3.1
486.5,2496.5,0.2,535.11,209.78,107.46,False,544.83,206.9,-9.72,2.88
487.0,2488.35,0.2,543.6,206.97,109.96,False,544.42,206.65,-0.82,0.32
487.5,2539.76,0.2082,558.18,212.28,110.12,False,551.91,211.14,6.27,1.14
488.0,2536.52,0.2094,544.56,208.57,109.82,False,552.47,211.48,-7.91,-2.91
488.5,2554.64,0.2128,560.83,216.15,113.26,False,555.41,213.25,5.42,2.9
489.0,2488.73,0.2004,537.01,206.29,111.7,False,544.68,206.81,-7.67,-0.52
489.5,2556.56,0.2212,572.61,216.76,112.12,False,560.55,216.33,12.06,0.43
490.0,2514.45,0.2098,548.87,215.11,112.74,False,551.6,210.96,-2.73,4.15
490.5,2599.02,0.24,573.71,226.75,117.91,False,573.95,224.37,-0.24,2.38
491.0,2614.41,0.2386,571.8,226.27,118.01,False,573.88,224.33,-2.08,1.94
491.5,2653.52,0.2612,588.29,235.35,121.22,False,589.4,233.64,-1.11,1.71
492.0,2630.95,0.252,581.04,229.12,116.81,False,582.75,229.65,-1.71,-0.53
492.5,2679.35,0.2713,592.38,240.17,122.07,False,596.75,238.05,-4.37,2.12
493.0,2703.94,0.277,600.04,242.07,120.79,False,601.4,240.84,-1.36,1.23
493.5,2679.05,0.268,592.83,235.86,122.28,False,594.75,236.85,-1.92,-0.99
494.0,2728.05,0.3013,613.65,250.75,125.48,False,617.18,250.31,-3.53,0.44
494.5,2727.96,0.287,604.58,244.09,121.57,False,608.6,245.16,-4.02,-1.07
495.0,2657.86,0.2721,601.11,239.11,120.68,False,596.15,237.69,4.96,1.42
495.5,2704.65,0.2766,586.61,243.98,116.45,False,601.19,240.72,-14.58,3.26
496.0,2797.09,0.3104,641.11,248.22,126.4,False,626.09,255.66,15.02,-7.44
496.5,2723.48,0.291,611.66,243.87,123.76,False,610.77,246.46,0.89,-2.59
497.0,2746.36,0.3018,611.81,256.08,123.63,False,618.4,251.04,-6.59,5.04
497.5,2840.56,0.3426,647.97,269.4,132.73,False,647.59,268.55,0.38,0.85
498.0,2833.96,0.3352,642.75,269.72,128.61,False,642.82,265.69,-0.07,4.03
498.5,2824.36,0.3342,635.27,263.11,131.45,False,641.74,265.04,-6.47,-1.93
499.0,2808.97,0.3434,651.82,268.9,128.83,False,646.49,267.89,5.33,1.01
499.5,2844.23,0.3547,661.76,275.02,130.8,False,655.03,273.02,6.73,2.0
500.0,2881.06,0.3506,662.28,273.13,128.08,False,654.41,272.65,7.87,0.48
500.5,2942.26,0.37,671.28,271.99,134.74,False,669.11,281.47,2.17,-9.48
501.0,2909.16,0.3652,666.8,273.93,134.36,False,664.58,278.75,2.22,-4.82
501.5,2958.45,0.3903,678.09,292.87,133.57,False,682.1,289.26,-4.01,3.61
502.0,3000.14,0.4008,682.06,293.92,139.35,False,690.49,294.29,-8.43,-0.37
502.5,2962.56,0.3843,675.41,289.74,131.32,False,678.71,287.22,-3.3,2.52
503.0,3050.41,0.4086,698.22,296.86,137.98,False,697.68,298.61,0.54,-1.75
503.5,3007.97,0.4096,700.78,304.59,139.27,False,696.16,297.7,4.62,6.89
504.0,3032.33,0.4067,694.57,299.55,137.91,False,695.64,297.38,-1.07,2.17
504.5,3075.21,0.4359,714.05,306.04,147.19,False,715.3,309.18,-1.25,-3.14
505.0,3074.6,0.4341,709.49,308.15,145.15,False,714.19,308.51,-4.7,-0.36
505.5,3096.43,0.4373,719.56,315.17,144.12,False,717.2,310.32,2.36,4.85
506.0,3117.9,0.4564,726.06,315.28,143.51,False,729.73,317.84,-3.67,-2.56
506.5,3164.78,0.4653,724.36,328.56,145.68,False,737.42,322.45,-13.06,6.11
507.0,3196.71,0.4852,740.74,332.14,148.15,False,750.96,330.57,-10.22,1.57
507.5,3168.64,0.4612,737.96,326.07,145.51,False,735.15,321.09,2.81,4.98
508.0,3196.84,0.4814,746.43,330.81,151.84,False,748.68,329.21,-2.25,1.6
508.5,3260.83,0.4963,759.63,334.94,150.55,False,760.82,336.49,-1.19,-1.55
509.0,3226.12,0.488,754.67,331.49,155.65,False,754.11,332.46,0.56,-0.97
509.5,3278.86,0.5137,771.39,343.91,153.09,False,772.16,343.3,-0.77,0.61
510.0,3253.99,0.5121,765.64,341.32,153.38,False,769.96,341.98,-4.32,-0.66
510.5,3355.56,0.5347,786.31,351.72,154.62,False,788.6,353.16,-2.29,-1.44
511.0,3349.21,0.5294,782.76,349.86,157.1,False,785.1,351.06,-2.34,-1.2
511.5,3358.01,0.5373,789.45,350.56,153.74,False,790.28,354.17,-0.83,-3.61
512.0,3367.91,0.5338,788.76,358.07,157.31,False,788.68,353.21,0.08,4.86
512.5,3368.0,0.5513,796.32,353.64,162.52,False,799.18,359.51,-2.86,-5.87
513.0,3331.23,0.5419,791.88,361.03,162.77,False,791.7,355.02,0.18,6.01
513.5,3324.85,0.5382,795.15,354.98,156.77,False,789.16,353.5,5.99,1.48
514.0,3437.09,0.5619,810.13,366.45,156.14,False,808.99,365.4,1.14,1.05
514.5,3443.53,0.5668,801.7,365.62,159.78,False,812.26,367.35,-10.56,-1.73
515.0,3461.52,0.5908,828.47,369.15,163.49,False,827.56,376.53,0.91,-7.38
515.5,3411.34,0.5801,818.64,375.36,161.21,False,818.63,371.18,0.01,4.18
516.0,3504.14,0.5879,825.11,375.24,166.96,False,827.95,376.77,-2.84,-1.53
516.5,3436.44,0.5782,818.51,374.07,164.95,False,818.74,371.25,-0.23,2.82
517.0,3504.08,0.5897,823.38,376.96,165.12,False,829.02,377.41,-5.64,-0.45
517.5,3533.61,0.6022,832.69,385.02,166.07,False,838.0,382.8,-5.31,2.22
518.0,3524.86,0.602,837.49,384.15,166.71,False,837.44,382.47,0.05,1.68
518.5,3551.83,0.6135,841.32,391.33,168.33,False,845.69,387.41,-4.37,3.92
519.0,3547.94,0.619,847.28,389.17,171.54,False,848.8,389.28,-1.52,-0.11
519.5,3543.25,0.6172,851.8,388.19,173.11,False,847.48,388.49,4.32,-0.3
520.0,3564.58,0.6272,848.14,389.72,169.88,False,854.55,392.73,-6.41,-3.01
520.5,3602.57,0.6449,873.69,405.19,176.02,False,867.07,400.24,6.62,4.95
521.0,3610.4,0.6297,857.7,393.1,172.74,False,858.34,395.0,-0.64,-1.9
521.5,3636.24,0.6527,877.87,400.46,174.67,False,873.43,404.06,4.44,-3.6
522.0,3578.38,0.6359,863.38,395.63,170.9,False,860.46,396.28,2.92,-0.65
522.5,3637.81,0.6517,878.14,403.25,174.09,False,872.91,403.75,5.23,-0.5
523.0,3658.07,0.6589,893.24,406.27,175.31,False,878.24,406.95,15.0,-0.68
523.5,3685.75,0.6665,872.43,411.62,181.79,False,884.19,410.51,-11.76,1.11
524.0,3678.11,0.669,878.61,414.71,175.09,False,885.31,411.18,-6.7,3.53
524.5,3656.68,0.667,891.04,410.47,175.6,False,883.03,409.82,8.01,0.65
525.0,3620.52,0.6582,877.77,409.27,174.32,False,875.95,405.57,1.82,3.7
525.5,3716.68,0.6886,893.82,422.5,184.04,False,898.99,419.4,-5.17,3.1
526.0,3671.01,0.6583,870.02,408.05,177.89,False,878.53,407.12,-8.51,0.93
526.5,3734.08,0.6795,902.41,415.42,177.47,False,894.4,416.64,8.01,-1.22
527.0,3653.18,0.6722,886.12,412.74,176.47,False,885.98,411.59,0.14,1.15
527.5,3714.45,0.6868,895.72,421.78,180.06,False,897.8,418.68,-2.08,3.1
528.0,3746.73,0.7007,899.07,419.94,177.93,False,907.76,424.65,-8.69,-4.71
528.5,3755.69,0.6922,902.02,420.39,178.69,False,903.1,421.86,-1.08,-1.47
529.0,3721.87,0.6966,911.0,424.1,180.54,False,904.05,422.43,6.95,1.67
529.5,3754.2,0.6986,902.41,430.11,180.14,False,906.87,424.12,-4.46,5.99
530.0,3789.56,0.7094,917.96,432.02,181.18,False,915.12,429.07,2.84,2.95
530.5,3759.8,0.706,912.01,425.53,181.68,False,911.59,426.95,0.42,-1.42
531.0,3765.12,0.7136,925.4,432.28,187.71,False,916.42,429.85,8.98,2.43
531.5,3719.34,0.693,903.16,416.14,181.86,False,901.77,421.06,1.39,-4.92
532.0,3746.26,0.7016,904.21,427.39,179.39,False,908.27,424.96,-4.06,2.43
532.5,3790.2,0.7042,903.02,424.71,182.95,False,912.03,427.22,-9.01,-2.51
533.0,3754.87,0.6989,906.63,429.75,180.83,False,907.08,424.25,-0.45,5.5
533.5,3758.33,0.7116,919.49,432.78,181.26,False,914.88,428.93,4.61,3.85
534.0,3746.97,0.7002,911.86,423.3,181.04,False,907.47,424.48,4.39,-1.18
534.5,3756.74,0.6886,899.62,416.55,179.22,False,901.0,420.6,-1.38,-4.05
535.0,3736.46,0.6837,894.97,423.08,178.95,False,897.04,418.23,-2.07,4.85
535.5,3693.73,0.6989,907.71,423.86,184.31,False,904.03,422.42,3.68,1.44
536.0,3795.47,0.7083,912.17,425.38,183.09,False,914.75,428.85,-2.58,-3.47
536.5,3746.22,0.6958,905.46,425.36,183.07,False,904.79,422.87,0.67,2.49
537.0,3773.73,0.7046,911.69,430.23,181.99,False,911.45,426.87,0.24,3.36
537.5,3772.27,0.6959,904.51,421.37,183.84,False,906.15,423.69,-1.64,-2.32
538.0,3749.15,0.7022,910.78,425.41,180.5,False,908.78,425.27,2.0,0.14
538.5,3727.4,0.694,907.64,425.74,182.56,False,902.77,421.66,4.87,4.08
539.0,3721.99,0.6882,892.75,421.37,180.08,False,899.02,419.41,-6.27,1.96
539.5,3801.6,0.7149,919.58,431.49,181.66,False,919.02,431.41,0.56,0.08
540.0,3672.85,0.6695,874.88,409.61,176.59,False,885.34,411.21,-10.46,-1.6
540.5,3699.36,0.6825,903.42,418.86,177.84,False,894.47,416.68,8.95,2.18
541.0,3688.37,0.6815,890.23,419.48,177.98,False,893.32,415.99,-3.09,3.49
541.5,3673.84,0.6686,874.87,410.72,178.68,False,884.85,410.91,-9.98,-0.19
542.0,3728.13,0.6812,901.15,424.74,180.3,False,895.13,417.08,6.02,7.66
542.5,3677.26,0.6754,890.19,411.85,178.73,False,889.1,413.46,1.09,-1.61
543.0,3668.46,0.6641,880.77,403.09,173.38,False,881.88,409.13,-1.11,-6.04
543.5,3647.79,0.6558,876.55,408.47,176.6,False,875.87,405.52,0.68,2.95
544.0,3690.45,0.6745,894.51,416.17,178.55,False,889.22,413.53,5.29,2.64
544.5,3676.29,0.6728,886.28,416.14,180.7,False,887.49,412.5,-1.21,3.64
545.0,3581.09,0.6418,859.61,398.48,172.43,False,864.13,398.48,-4.52,-0.0
545.5,3605.46,0.6367,866.91,395.69,172.25,False,862.29,397.38,4.62,-1.69
546.0,3563.05,0.6479,864.94,401.85,171.77,False,866.89,400.14,-1.95,1.71
546.5,3590.16,0.6413,865.28,400.86,172.52,False,864.29,398.57,0.99,2.29
547.0,3587.19,0.6349,851.63,397.58,171.16,False,860.3,396.18,-8.67,1.4
547.5,3642.12,0.6475,864.37,400.54,171.4,False,870.61,402.36,-6.24,-1.82
548.0,3587.46,0.6231,845.99,389.67,170.19,False,853.23,391.94,-7.24,-2.27
548.5,3545.71,0.6311,860.0,388.68,170.62,False,855.95,393.57,4.05,-4.89
549.0,3551.79,0.6218,849.01,393.04,170.74,False,850.67,390.4,-1.66,2.64
549.5,3529.16,0.6086,849.82,387.1,170.68,False,841.62,384.97,8.2,2.13
550.0,3504.46,0.6037,836.94,379.57,170.06,False,837.44,382.47,-0.5,-2.9
550.5,3545.78,0.6132,845.67,388.89,166.22,False,845.21,387.13,0.46,1.76
551.0,3505.81,0.5973,829.93,372.34,164.45,False,833.67,380.2,-3.74,-7.86
551.5,3514.93,0.5925,832.48,377.98,165.85,False,831.25,378.75,1.23,-0.77
552.0,3493.08,0.5984,828.36,384.54,167.55,False,833.69,380.22,-5.33,4.32
552.5,3446.0,0.5743,815.13,368.23,161.97,False,816.88,370.13,-1.75,-1.9
553.0,3437.82,0.5788,812.92,371.99,163.56,False,819.17,371.5,-6.25,0.49
553.5,3429.99,0.566,813.87,367.87,161.59,False,811.1,366.66,2.77,1.21
554.0,3381.42,0.5573,804.15,360.07,161.0,False,803.45,362.07,0.7,-2.0
554.5,3383.84,0.547,794.19,355.43,157.12,False,797.39,358.44,-3.2,-3.01
555.0,3377.99,0.5544,800.88,364.39,156.77,False,801.54,360.92,-0.66,3.47
555.5,3354.18,0.5633,807.92,362.89,161.15,False,805.69,363.41,2.23,-0.52
556.0,3329.85,0.5328,781.75,351.27,158.29,False,786.17,351.7,-4.42,-0.43
556.5,3336.04,0.5185,772.68,345.12,154.38,False,777.9,346.74,-5.22,-1.62
557.0,3334.09,0.529,775.93,345.96,155.91,False,784.1,350.46,-8.17,-4.5
557.5,3301.28,0.514,767.19,348.05,158.17,False,773.46,344.08,-6.27,3.97
558.0,3243.39,0.5072,770.85,339.14,151.37,False,766.49,339.89,4.36,-0.75
558.5,3242.97,0.4998,767.09,335.05,155.94,False,762.03,337.22,5.06,-2.17
559.0,3185.55,0.4824,749.7,328.35,149.25,False,748.72,329.23,0.98,-0.88
559.5,3265.01,0.4965,757.92,336.52,150.43,False,761.15,336.69,-3.23,-0.17
560.0,3169.64,0.4714,742.98,319.3,148.25,False,741.32,324.79,1.66,-5.49
560.5,3211.27,0.4892,747.68,334.18,146.3,False,754.08,332.45,-6.4,1.73
561.0,3231.22,0.4778,737.8,330.61,149.09,False,748.24,328.94,-10.44,1.67
561.5,3152.15,0.4561,734.05,323.76,148.15,False,731.27,318.76,2.78,5.0
562.0,3087.87,0.4461,730.79,311.72,147.64,False,722.05,313.23,8.74,-1.51
562.5,3118.57,0.4499,729.47,315.65,144.49,False,725.87,315.52,3.6,0.13
563.0,3094.44,0.4442,725.02,313.02,145.38,False,721.24,312.75,3.78,0.27
563.5,3097.73,0.4252,716.01,307.62,140.88,False,710.01,306.0,6.0,1.62
564.0,3041.11,0.4193,700.81,308.0,140.7,False,703.64,302.18,-2.83,5.82
564.5,3091.56,0.4325,723.9,308.22,142.18,False,714.08,308.45,9.82,-0.23
565.0,2973.65,0.3956,686.35,288.39,140.48,False,686.04,291.63,0.31,-3.24
565.5,3005.29,0.4113,705.91,297.84,137.44,False,697.04,298.23,8.87,-0.39
566.0,2907.61,0.3747,668.53,285.22,133.58,False,670.2,282.12,-1.67,3.1
566.5,2972.21,0.3884,691.17,287.89,137.08,False,681.65,288.99,9.52,-1.1
567.0,2894.62,0.3617,667.46,276.96,133.66,False,661.75,277.05,5.71,-0.09
567.5,2963.24,0.3766,669.21,286.14,133.82,False,674.12,284.47,-4.91,1.67
568.0,2915.74,0.3659,659.9,279.91,133.14,False,665.33,279.2,-5.43,0.71
568.5,2876.6,0.3496,650.36,271.68,128.68,False,653.59,272.15,-3.23,-0.47
569.0,2933.03,0.371,674.86,275.46,128.68,False,669.25,281.55,5.61,-6.09
569.5,2835.79,0.3362,644.78,269.01,126.47,False,643.51,266.11,1.27,2.9
570.0,2849.12,0.3369,641.63,270.69,128.64,False,644.6,266.76,-2.97,3.93
570.5,2873.17,0.3433,648.61,268.36,131.05,False,649.64,269.78,-1.03,-1.42
571.0,2727.12,0.3154,634.99,260.87,129.5,False,625.6,255.36,9.39,5.51
571.5,2769.05,0.311,625.52,252.25,128.39,False,625.05,255.03,0.47,-2.78
572.0,2815.82,0.3264,630.17,266.63,127.48,False,636.63,261.98,-6.46,4.65
572.5,2723.41,0.2941,613.92,243.58,124.81,False,612.63,247.58,1.29,-4.0
573.0,2718.2,0.2889,608.76,242.03,123.41,False,609.25,245.55,-0.49,-3.52
573.5,2685.6,0.2742,599.42,234.17,119.3,False,598.8,239.28,0.62,-5.11
574.0,2705.69,0.2841,606.77,243.19,119.13,False,605.74,243.45,1.03,-0.26
574.5,2651.39,0.269,593.13,232.86,120.88,False,593.97,236.38,-0.84,-3.52
575.0,2656.09,0.2617,583.71,230.74,115.03,False,589.82,233.89,-6.11,-3.15
575.5,2598.66,0.2453,580.19,224.21,117.09,False,577.11,226.27,3.08,-2.06
576.0,2599.06,0.2392,585.06,225.94,113.5,False,573.47,224.08,11.59,1.86
576.5,2592.09,0.2499,576.95,227.98,115.4,False,579.54,227.73,-2.59,0.25
577.0,2611.46,0.2334,562.07,220.91,115.93,False,570.61,222.37,-8.54,-1.46
577.5,2548.38,0.2301,565.7,217.84,113.78,False,565.48,219.29,0.22,-1.45
578.0,2528.05,0.2103,553.41,215.8,109.62,False,552.58,211.55,0.83,4.25
578.5,2523.72,0.211,552.54,209.3,106.55,False,552.79,211.67,-0.25,-2.37
579.0,2519.64,0.2068,555.9,215.81,111.5,False,550.06,210.04,5.84,5.77
579.5,2585.22,0.2204,569.05,218.73,113.37,False,561.5,216.9,7.55,1.83
580.0,2493.24,0.2,548.11,204.84,108.62,False,544.66,206.8,3.45,-1.96
580.5,2495.59,0.2,547.28,211.37,109.6,False,544.78,206.87,2.5,4.5
581.0,2558.91,0.2044,553.62,209.54,112.49,False,550.59,210.35,3.03,-0.81
581.5,2528.89,0.2,535.66,208.68,110.06,False,546.44,207.87,-10.78,0.81
582.0,2532.19,0.2,542.2,205.66,106.56,False,546.61,207.97,-4.41,-2.31
582.5,2477.75,0.2,548.7,205.01,106.57,False,543.89,206.33,4.81,-1.32
583.0,2494.45,0.2,545.17,209.09,111.16,False,544.72,206.83,0.45,2.26
583.5,2501.52,0.2,547.35,202.62,107.22,False,545.08,207.05,2.27,-4.43
584.0,2484.78,0.2,548.54,202.18,105.84,False,544.24,206.54,4.3,-4.36
584.5,2470.91,0.2,541.97,205.8,108.21,False,543.55,206.13,-1.58,-0.33
585.0,2529.56,0.2,547.44,204.58,109.19,False,546.48,207.89,0.96,-3.31
585.5,2487.99,0.2,548.84,207.13,111.98,False,544.4,206.64,4.44,0.49
586.0,2494.75,0.2,547.53,206.46,112.36,False,544.74,206.84,2.79,-0.38
586.5,2490.81,0.2,538.93,208.67,107.36,False,544.54,206.72,-5.61,1.95
587.0,2502.54,0.2,550.75,200.54,113.04,False,545.13,207.08,5.62,-6.54
587.5,2511.43,0.2,548.63,207.82,110.99,False,545.57,207.34,3.06,0.48
588.0,2510.45,0.2,554.82,209.7,105.39,False,545.52,207.31,9.3,2.39
588.5,2529.91,0.2,545.13,210.18,107.62,False,546.5,207.9,-1.37,2.28
589.0,2531.58,0.2,547.19,209.81,104.67,False,546.58,207.95,0.61,1.86
589.5,2504.47,0.2,549.81,205.9,109.1,False,545.22,207.13,4.59,-1.23
590.0,2511.79,0.2,543.33,204.26,109.67,False,545.59,207.35,-2.26,-3.09
590.5,2497.3,0.2,549.38,209.6,108.83,False,544.87,206.92,4.51,2.68
591.0,2516.76,0.2,544.79,203.86,105.63,False,545.84,207.5,-1.05,-3.64
591.5,2506.61,0.2,551.2,203.07,108.91,False,545.33,207.2,5.87,-4.13
592.0,2524.78,0.2,538.35,208.71,111.06,False,546.24,207.74,-7.89,0.97
592.5,2508.37,0.2,546.72,208.75,110.12,False,545.42,207.25,1.3,1.5
593.0,2523.34,0.2,545.93,202.52,108.77,False,546.17,207.7,-0.24,-5.18
593.5,2492.8,0.2,537.95,208.82,109.33,False,544.64,206.78,-6.69,2.04
594.0,2498.87,0.2,547.58,205.83,107.4,False,544.94,206.97,2.64,-1.14
594.5,2500.38,0.2,545.74,206.43,108.15,False,545.02,207.01,0.72,-0.58
595.0,2484.59,0.2,542.21,216.88,109.84,False,544.23,206.54,-2.02,10.34
595.5,2481.8,0.2,549.55,206.37,108.12,False,544.09,206.45,5.46,-0.08
596.0,2519.46,0.2,547.17,205.67,110.22,False,545.97,207.58,1.2,-1.91
596.5,2536.03,0.2,549.25,207.64,109.5,False,546.8,208.08,2.45,-0.44
597.0,2498.2,0.2,546.11,205.75,109.68,False,544.91,206.95,1.2,-1.2
597.5,2513.26,0.2,545.84,202.9,112.58,False,545.66,207.4,0.18,-4.5
598.0,2493.15,0.2,542.56,211.63,111.77,False,544.66,206.79,-2.1,4.84
598.5,2512.38,0.2,545.37,206.43,109.68,False,545.62,207.37,-0.25,-0.94
599.0,2504.08,0.2,548.01,205.14,110.42,False,545.2,207.12,2.81,-1.98
599.5,2489.42,0.2,539.64,210.05,107.06,False,544.47,206.68,-4.83,3.37
600.0,2488.59,0.2,544.06,203.96,110.67,False,544.43,206.66,-0.37,-2.7
600.5,2510.75,0.2,545.37,205.43,107.37,False,545.54,207.32,-0.17,-1.89
601.0,2486.13,0.2,545.2,206.1,106.74,False,544.31,206.58,0.89,-0.48
601.5,2480.95,0.2,537.6,202.31,108.26,False,544.05,206.43,-6.45,-4.12
602.0,2513.01,0.2,544.67,208.73,108.63,False,545.65,207.39,-0.98,1.34
602.5,2474.75,0.2,547.7,204.19,110.84,False,543.74,206.24,3.96,-2.05
603.0,2477.55,0.2,541.61,208.14,111.34,False,543.88,206.33,-2.27,1.81
603.5,2536.75,0.2,543.55,210.3,107.12,False,546.84,208.1,-3.29,2.2
604.0,2477.57,0.2,547.33,203.06,109.85,False,543.88,206.33,3.45,-3.27
604.5,2480.62,0.2,542.63,204.1,108.8,False,544.03,206.42,-1.4,-2.32
605.0,2533.49,0.2,541.4,211.17,106.92,False,546.67,208.0,-5.27,3.17
605.5,2522.63,0.2,542.9,208.67,109.84,False,546.13,207.68,-3.23,0.99
606.0,2537.25,0.2,547.36,208.7,110.34,False,546.86,208.12,0.5,0.58
606.5,2479.66,0.2,542.05,213.49,108.49,False,543.98,206.39,-1.93,7.1
607.0,2481.05,0.2,542.76,210.75,109.09,False,544.05,206.43,-1.29,4.32
607.5,2492.07,0.2,552.7,205.18,111.1,False,544.6,206.76,8.1,-1.58
608.0,2496.14,0.2,546.94,204.43,109.54,False,544.81,206.88,2.13,-2.45
608.5,2500.98,0.2,545.36,207.49,107.8,False,545.05,207.03,0.31,0.46
609.0,2499.1,0.2,542.81,207.97,105.37,False,544.96,206.97,-2.15,1.0
609.5,2482.88,0.2,553.15,207.06,109.35,False,544.14,206.49,9.01,0.57
610.0,2475.69,0.2,544.15,204.19,108.45,False,543.78,206.27,0.37,-2.08
610.5,2529.28,0.2,549.15,210.96,111.78,False,546.46,207.88,2.69,3.08
611.0,2479.25,0.2,550.73,207.19,113.99,False,543.96,206.38,6.77,0.81
611.5,2496.86,0.2,551.68,212.09,106.95,False,544.84,206.91,6.84,5.18
612.0,2475.4,0.2,548.34,206.41,109.1,False,543.77,206.26,4.57,0.15
612.5,2525.74,0.2,543.25,208.6,110.24,False,546.29,207.77,-3.04,0.83
613.0,2471.89,0.2057,549.45,210.1,107.76,False,547.01,208.21,2.44,1.89
613.5,2473.14,0.2,548.36,205.31,108.19,False,543.66,206.19,4.7,-0.88
614.0,2499.18,0.2,545.4,205.68,109.93,False,544.96,206.98,0.44,-1.3
614.5,2569.53,0.2223,564.21,212.57,110.48,False,561.86,217.11,2.35,-4.54
615.0,2510.24,0.2126,544.78,208.45,110.32,False,553.07,211.84,-8.29,-3.39
615.5,2551.39,0.2199,557.28,218.94,111.57,False,559.51,215.71,-2.23,3.23
616.0,2556.08,0.2336,568.94,217.93,113.66,False,567.96,220.78,0.98,-2.85
616.5,2536.68,0.2254,563.5,219.77,114.5,False,562.07,217.24,1.43,2.53
617.0,2582.43,0.2315,575.57,216.26,111.75,False,568.02,220.81,7.55,-4.55
617.5,2646.09,0.2736,595.42,230.69,120.15,False,596.46,237.88,-1.04,-7.19
618.0,2640.82,0.2601,593.19,227.89,115.07,False,588.1,232.86,5.09,-4.97
618.5,2634.84,0.2563,579.49,232.13,116.86,False,585.52,231.31,-6.03,0.82
619.0,2680.93,0.2707,589.04,239.24,118.59,False,596.47,237.88,-7.43,1.36
619.5,2661.36,0.2703,602.72,241.91,120.7,False,595.25,237.15,7.47,4.76
620.0,2694.03,0.269,595.57,234.77,121.35,False,596.1,237.66,-0.53,-2.89
620.5,2703.17,0.2771,595.31,240.2,122.35,False,601.42,240.85,-6.11,-0.65
621.0,2759.59,0.2948,613.74,241.21,120.53,False,614.86,248.92,-1.12,-7.71
621.5,2761.78,0.3073,624.5,258.1,123.41,False,622.47,253.48,2.03,4.62
622.0,2757.91,0.3004,616.99,253.8,121.95,False,618.14,250.88,-1.15,2.92
622.5,2779.87,0.3151,632.68,257.54,127.27,False,628.05,256.83,4.63,0.71
623.0,2795.1,0.3231,631.09,264.22,128.12,False,633.62,260.17,-2.52,4.05
623.5,2748.0,0.3182,627.82,261.3,125.89,False,628.32,256.99,-0.5,4.31
624.0,2834.41,0.3369,645.95,267.95,130.78,False,643.86,266.32,2.09,1.63
624.5,2825.77,0.341,646.18,264.54,125.74,False,645.89,267.53,0.29,-2.99
625.0,2843.58,0.3396,647.31,266.18,125.66,False,645.94,267.56,1.37,-1.38
625.5,2906.96,0.3672,665.96,280.43,131.79,False,665.67,279.4,0.29,1.03
626.0,2852.33,0.3469,647.65,273.82,127.88,False,650.76,270.45,-3.11,3.37
626.5,2958.63,0.3758,671.77,285.83,134.14,False,673.41,284.05,-1.64,1.78
627.0,2908.69,0.3846,680.71,288.59,136.72,False,676.19,285.72,4.52,2.87
627.5,2946.99,0.3825,679.4,288.16,138.9,False,676.85,286.11,2.55,2.05
628.0,2950.17,0.3921,692.0,291.81,137.75,False,682.77,289.66,9.23,2.15
628.5,3058.68,0.4339,713.59,305.82,142.12,False,713.27,307.96,0.32,-2.14
629.0,2987.62,0.4062,702.45,297.59,138.45,False,693.1,295.86,9.35,1.73
629.5,3068.73,0.4253,711.76,305.4,143.01,False,708.62,305.17,3.14,0.23
630.0,3077.4,0.4327,721.38,306.8,143.53,False,713.49,308.09,7.89,-1.29
630.5,3075.83,0.4368,714.91,308.53,140.42,False,715.87,309.52,-0.96,-0.99
631.0,3109.29,0.4336,717.12,300.81,144.15,False,715.62,309.37,1.5,-8.56
631.5,3104.57,0.4419,719.44,311.94,144.04,False,720.37,312.22,-0.93,-0.28
632.0,3192.6,0.4684,744.26,325.74,144.34,False,740.67,324.4,3.59,1.34
632.5,3197.9,0.4734,738.38,322.39,152.6,False,743.93,326.36,-5.55,-3.97
633.0,3152.4,0.46,731.41,319.97,144.1,False,733.62,320.17,-2.21,-0.2
633.5,3183.89,0.4767,750.25,328.13,146.16,False,745.21,327.13,5.04,1.0
634.0,3220.64,0.4926,760.86,333.78,149.1,False,756.59,333.96,4.27,-0.18
634.5,3272.7,0.5097,767.53,345.27,152.86,False,769.46,341.67,-1.93,3.6
635.0,3233.83,0.4829,754.28,329.3,152.77,False,751.43,330.86,2.85,-1.56
635.5,3278.94,0.5129,773.5,340.62,154.38,False,771.69,343.01,1.81,-2.39
636.0,3284.95,0.5155,772.22,347.32,151.06,False,773.55,344.13,-1.33,3.19
636.5,3307.98,0.5155,773.53,349.64,156.07,False,774.7,344.82,-1.17,4.82
637.0,3298.09,0.5221,782.8,343.1,154.05,False,778.16,346.9,4.64,-3.8
637.5,3299.69,0.5375,796.55,353.39,154.17,False,787.48,352.49,9.07,0.9
638.0,3273.6,0.5096,769.13,343.58,152.79,False,769.44,341.66,-0.31,1.92
638.5,3338.5,0.5351,789.12,350.41,159.4,False,787.98,352.79,1.14,-2.38
639.0,3355.4,0.5465,801.59,357.33,157.85,False,795.67,357.4,5.92,-0.07
639.5,3425.15,0.5684,818.25,370.35,161.2,False,812.3,367.38,5.95,2.97
640.0,3410.14,0.5657,807.0,364.87,160.53,False,809.93,365.96,-2.93,-1.09
640.5,3419.51,0.5688,803.03,365.17,159.43,False,812.26,367.35,-9.23,-2.18
641.0,3455.56,0.5802,816.69,373.11,163.18,False,820.9,372.54,-4.21,0.57
641.5,3447.19,0.5723,819.69,367.14,165.35,False,815.74,369.44,3.95,-2.3
642.0,3451.41,0.5847,822.75,367.06,164.17,False,823.39,374.03,-0.64,-6.97
642.5,3525.75,0.5963,826.47,377.68,164.65,False,834.07,380.44,-7.6,-2.76
643.0,3517.89,0.5953,828.11,376.8,164.01,False,833.07,379.84,-4.96,-3.04
643.5,3546.72,0.6195,842.18,385.58,170.17,False,849.04,389.42,-6.86,-3.84
644.0,3536.93,0.6173,855.67,387.89,172.49,False,847.23,388.34,8.44,-0.45
644.5,3553.11,0.6236,851.46,388.4,168.48,False,851.82,391.09,-0.36,-2.69
645.0,3614.74,0.6373,859.84,397.14,173.53,False,863.12,397.87,-3.28,-0.73
645.5,3512.04,0.6212,852.56,382.81,169.62,False,848.32,388.99,4.24,-6.18
646.0,3575.38,0.6405,858.54,396.57,173.25,False,863.07,397.84,-4.53,-1.27
646.5,3547.13,0.6164,845.45,389.69,169.82,False,847.2,388.32,-1.75,1.37
647.0,3592.16,0.6358,856.19,394.84,173.15,False,861.09,396.65,-4.9,-1.81
647.5,3660.51,0.6598,871.11,407.74,175.55,False,878.91,407.34,-7.8,0.4
648.0,3650.47,0.6621,885.33,407.75,173.79,False,879.78,407.87,5.55,-0.12
648.5,3697.25,0.6794,894.31,416.35,178.14,False,892.5,415.5,1.81,0.85
649.0,3617.6,0.656,886.33,404.69,176.31,False,874.48,404.69,11.85,0.0
649.5,3636.45,0.6582,869.46,405.85,174.63,False,876.74,406.05,-7.28,-0.2
650.0,3680.65,0.6769,886.24,418.77,176.41,False,890.17,414.1,-3.93,4.67
650.5,3682.6,0.6742,881.92,409.19,179.48,False,888.65,413.19,-6.73,-4.0
651.0,3650.38,0.6592,879.83,408.18,173.72,False,878.04,406.82,1.79,1.36
651.5,3650.35,0.6652,868.5,411.3,174.38,False,881.64,408.98,-13.14,2.32
652.0,3706.63,0.6825,899.8,417.36,182.14,False,894.83,416.9,4.97,0.46
652.5,3688.38,0.67,884.77,414.89,176.28,False,886.42,411.85,-1.65,3.04
653.0,3765.26,0.7038,913.05,429.75,179.68,False,910.54,426.33,2.51,3.42
653.5,3686.53,0.6724,886.37,412.54,172.73,False,887.77,412.66,-1.4,-0.12
654.0,3732.98,0.6858,902.21,420.07,180.24,False,898.13,418.88,4.08,1.19
654.5,3699.61,0.6748,895.46,419.9,174.46,False,889.86,413.92,5.6,5.98
655.0,3722.82,0.6877,898.68,418.47,181.78,False,898.76,419.26,-0.08,-0.79
655.5,3685.23,0.6823,892.86,413.11,178.83,False,893.64,416.18,-0.78,-3.07
656.0,3750.3,0.6931,902.22,424.7,180.11,False,903.38,422.02,-1.15,2.68
656.5,3739.47,0.6958,908.05,421.46,181.93,False,904.45,422.67,3.6,-1.21
657.0,3711.08,0.6891,903.84,419.93,182.96,False,899.01,419.41,4.83,0.52
657.5,3704.15,0.6866,890.85,414.52,180.8,False,897.17,418.3,-6.32,-3.78
658.0,3739.34,0.6988,903.67,428.94,179.86,False,906.25,423.75,-2.58,5.19
658.5,3711.2,0.6862,907.69,416.92,181.19,False,897.28,418.37,10.41,-1.45
659.0,3761.69,0.7106,918.91,430.84,180.22,False,914.44,428.67,4.47,2.17
659.5,3733.65,0.6887,897.99,419.1,176.48,False,899.9,419.94,-1.91,-0.84
660.0,3709.03,0.689,900.11,421.46,184.44,False,898.85,419.31,1.26,2.15
660.5,3732.35,0.6996,898.82,423.26,178.24,False,906.38,423.83,-7.56,-0.57
661.0,3709.78,0.6995,915.85,422.69,178.16,False,905.19,423.11,10.66,-0.42
661.5,3791.34,0.7078,909.5,426.28,183.32,False,914.25,428.55,-4.75,-2.27
662.0,3758.23,0.704,913.05,428.48,182.48,False,910.31,426.19,2.74,2.29
662.5,3751.26,0.6957,904.6,421.39,183.43,False,904.98,422.99,-0.38,-1.6
663.0,3703.88,0.6817,895.84,415.37,175.52,False,894.21,416.53,1.63,-1.16
663.5,3746.78,0.6933,901.65,415.01,177.45,False,903.32,421.99,-1.67,-6.98
664.0,3812.85,0.7137,912.78,429.92,184.74,False,918.86,431.32,-6.08,-1.4
664.5,3709.82,0.6833,897.71,416.44,180.4,False,895.47,417.28,2.24,-0.84
665.0,3798.22,0.7055,908.39,429.16,183.27,False,913.21,427.93,-4.82,1.23
665.5,3692.48,0.6769,886.51,415.54,178.45,False,890.76,414.46,-4.25,1.08
666.0,3709.88,0.6847,894.55,418.25,177.99,False,896.31,417.79,-1.76,0.46
666.5,3762.22,0.7096,911.91,434.78,180.25,False,913.87,428.32,-1.96,6.46
667.0,3718.37,0.6847,902.58,421.48,178.38,False,896.74,418.04,5.84,3.44
667.5,3701.0,0.6796,888.75,415.07,175.17,False,892.81,415.69,-4.06,-0.62
668.0,3699.94,0.6788,885.99,412.73,180.73,False,892.28,415.37,-6.29,-2.64
668.5,3725.01,0.6775,887.34,419.22,175.31,False,892.75,415.65,-5.41,3.57
669.0,3670.99,0.6758,893.06,416.82,179.83,False,889.03,413.42,4.03,3.4
669.5,3678.27,0.6671,885.16,411.81,177.14,False,884.17,410.5,0.99,1.31
670.0,3671.8,0.6698,878.66,412.18,180.4,False,885.47,411.28,-6.81,0.9
670.5,3647.22,0.6528,862.97,402.42,175.39,False,874.04,404.42,-11.07,-2.0
671.0,3583.72,0.6247,857.91,392.86,172.34,False,854.01,392.4,3.9,0.46
671.5,3622.99,0.6517,873.08,401.6,177.03,False,872.17,403.3,0.91,-1.7
672.0,3643.2,0.6605,874.13,411.17,176.87,False,878.46,407.08,-4.33,4.09
672.5,3619.07,0.6442,861.64,402.14,176.17,False,867.47,400.48,-5.83,1.66
673.0,3604.12,0.6527,874.2,410.35,172.9,False,871.83,403.1,2.37,7.25
673.5,3590.12,0.6311,869.96,392.33,169.53,False,858.17,394.9,11.79,-2.57
674.0,3593.83,0.6391,863.02,401.12,173.9,False,863.15,397.89,-0.13,3.23
674.5,3590.45,0.6265,874.31,394.58,171.04,False,855.42,393.25,18.89,1.33
675.0,3505.21,0.6038,835.08,382.6,171.11,False,837.54,382.52,-2.46,0.08
675.5,3535.81,0.624,859.08,391.29,167.03,False,851.19,390.71,7.89,0.58
676.0,3484.63,0.6133,840.49,386.44,170.39,False,842.21,385.33,-1.72,1.11
676.5,3503.21,0.5955,829.37,380.65,164.12,False,832.46,379.48,-3.09,1.17
677.0,3458.7,0.5815,826.17,371.34,162.72,False,821.84,373.1,4.33,-1.76
677.5,3532.11,0.6028,843.66,384.81,166.04,False,838.29,382.97,5.37,1.84
678.0,3412.05,0.5752,812.2,372.14,164.7,False,815.72,369.43,-3.52,2.71
678.5,3426.23,0.5669,818.52,368.29,164.31,False,811.45,366.87,7.07,1.42
679.0,3414.31,0.576,817.01,370.45,163.04,False,816.32,369.79,0.69,0.66
679.5,3431.54,0.5695,811.99,365.52,164.77,False,813.28,367.97,-1.29,-2.45
680.0,3401.68,0.5622,798.89,364.67,161.13,False,807.4,364.44,-8.51,0.23
680.5,3343.29,0.5466,799.79,364.32,161.41,False,795.12,357.07,4.67,7.25
681.0,3336.48,0.5455,793.42,355.23,157.66,False,794.12,356.47,-0.7,-1.24
681.5,3349.56,0.5359,782.37,351.09,157.39,False,789.02,353.41,-6.65,-2.32
682.0,3331.05,0.5306,776.59,352.05,158.02,False,784.91,350.95,-8.32,1.1
682.5,3346.4,0.5245,774.91,350.14,156.45,False,782.02,349.21,-7.11,0.93
683.0,3323.5,0.5249,777.76,351.65,154.85,False,781.12,348.67,-3.36,2.98
683.5,3263.37,0.5136,772.63,344.53,151.07,False,771.33,342.8,1.3,1.73
684.0,3300.49,0.51,767.96,338.46,154.1,False,771.02,342.61,-3.06,-4.15
684.5,3221.92,0.4888,753.6,334.39,148.86,False,754.38,332.63,-0.78,1.76
685.0,3172.8,0.4779,740.99,330.4,150.35,False,745.38,327.23,-4.39,3.17
685.5,3159.66,0.4711,750.43,327.64,147.47,False,740.64,324.39,9.79,3.25
686.0,3191.96,0.4822,750.1,331.1,149.72,False,748.92,329.35,1.18,1.75
686.5,3175.75,0.4716,740.44,323.87,148.85,False,741.75,325.05,-1.31,-1.18
687.0,3141.22,0.4659,732.8,323.87,150.5,False,736.6,321.96,-3.8,1.91
687.5,3144.43,0.456,724.9,322.28,146.49,False,730.82,318.49,-5.92,3.79
688.0,3090.37,0.4404,725.82,310.95,144.16,False,718.76,311.26,7.06,-0.31
688.5,3117.32,0.4454,724.27,309.08,145.09,False,723.11,313.86,1.16,-4.78
689.0,3080.05,0.4317,714.3,311.82,140.24,False,713.02,307.81,1.28,4.01
689.5,3062.88,0.4213,707.74,311.53,142.32,False,705.92,303.55,1.82,7.98
690.0,3051.53,0.4286,709.13,308.56,142.95,False,709.74,305.84,-0.61,2.72
690.5,3026.99,0.4138,699.1,302.17,141.68,False,699.63,299.78,-0.53,2.39
691.0,2967.47,0.3922,686.68,290.03,140.0,False,683.69,290.22,2.99,-0.19
691.5,2988.57,0.3906,678.8,289.68,136.1,False,683.79,290.27,-4.99,-0.59
692.0,2977.54,0.3821,674.05,287.92,136.04,False,678.14,286.88,-4.09,1.04
692.5,2886.23,0.3658,668.35,277.6,133.06,False,663.79,278.27,4.56,-0.67
693.0,2916.92,0.3594,656.5,274.5,133.02,False,661.49,276.89,-4.99,-2.39
693.5,2964.39,0.3696,670.63,282.88,133.31,False,669.98,281.99,0.65,0.89
694.0,2835.81,0.3388,648.38,266.74,129.61,False,645.07,267.04,3.31,-0.3
694.5,2831.83,0.3422,659.35,275.59,132.89,False,646.91,268.15,12.44,7.44
695.0,2911.75,0.3554,657.16,269.92,134.53,False,658.83,275.3,-1.67,-5.38
695.5,2841.89,0.3466,648.32,265.29,132.14,False,650.05,270.03,-1.73,-4.74
696.0,2762.96,0.3119,619.02,256.41,124.56,False,625.29,255.17,-6.27,1.24
696.5,2807.58,0.3291,626.65,256.6,131.31,False,637.84,262.7,-11.19,-6.1
697.0,2819.37,0.3343,640.9,268.06,127.45,False,641.55,264.93,-0.65,3.13
697.5,2760.43,0.3087,621.19,255.17,122.81,False,623.24,253.94,-2.05,1.23
698.0,2761.97,0.3038,627.15,251.64,125.89,False,620.38,252.23,6.77,-0.59
698.5,2686.3,0.2743,608.48,233.44,119.58,False,598.89,239.34,9.59,-5.9
699.0,2745.3,0.2998,619.03,250.98,126.61,False,617.14,250.29,1.88,0.69
699.5,2699.92,0.2828,601.36,242.36,118.69,False,604.68,242.81,-3.32,-0.45
700.0,2677.52,0.2764,602.87,236.79,121.62,False,599.72,239.83,3.15,-3.04
700.5,2642.21,0.26,591.68,233.65,119.19,False,588.11,232.87,3.57,0.78
701.0,2668.31,0.2593,587.52,235.14,118.97,False,589.0,233.4,-1.48,1.74
701.5,2622.76,0.2439,575.28,228.89,115.0,False,577.48,226.49,-2.2,2.4
702.0,2644.15,0.2554,583.26,231.78,119.41,False,585.45,231.27,-2.19,0.51
702.5,2596.44,0.2382,573.32,228.79,116.94,False,572.74,223.65,0.58,5.14
703.0,2569.13,0.2333,568.25,222.4,115.53,False,568.44,221.06,-0.19,1.34
703.5,2604.03,0.2338,569.06,218.74,116.57,False,570.48,222.29,-1.42,-3.55
704.0,2601.37,0.2349,574.12,226.36,115.51,False,571.01,222.61,3.11,3.75
704.5,2523.86,0.201,543.19,204.35,110.16,False,546.79,208.08,-3.6,-3.73
705.0,2529.08,0.2057,546.29,206.12,110.6,False,549.87,209.92,-3.58,-3.8
705.5,2473.13,0.2,543.74,209.14,110.21,False,543.66,206.19,0.08,2.95
706.0,2500.32,0.2,547.81,208.22,107.98,False,545.02,207.01,2.79,1.21
706.5,2504.1,0.2,536.83,207.61,113.09,False,545.21,207.12,-8.38,0.49
707.0,2495.47,0.2,545.48,207.58,111.28,False,544.77,206.86,0.71,0.72
707.5,2497.65,0.2,543.25,204.99,105.37,False,544.88,206.93,-1.63,-1.94
708.0,2509.16,0.2,548.43,205.76,108.51,False,545.46,207.27,2.97,-1.51
708.5,2529.76,0.2,549.03,207.11,109.42,False,546.49,207.89,2.54,-0.78
709.0,2477.46,0.2,545.25,206.12,106.06,False,543.87,206.32,1.38,-0.2
709.5,2476.54,0.2,543.15,206.04,107.77,False,543.83,206.3,-0.68,-0.26
710.0,2460.28,0.2,545.02,207.29,109.81,False,543.01,205.81,2.01,1.48
710.5,2499.85,0.2,542.79,211.65,108.35,False,544.99,207.0,-2.2,4.65
711.0,2496.1,0.2,547.78,208.94,110.46,False,544.8,206.88,2.98,2.06
711.5,2502.01,0.2,542.12,207.98,113.06,False,545.1,207.06,-2.98,0.92
712.0,2517.12,0.2,540.65,206.22,110.9,False,545.86,207.51,-5.21,-1.29
712.5,2490.33,0.2,555.91,207.29,112.65,False,544.52,206.71,11.39,0.58
713.0,2493.89,0.2,549.71,211.07,106.93,False,544.69,206.82,5.02,4.25
713.5,2497.41,0.2,542.53,210.03,111.21,False,544.87,206.92,-2.34,3.11
714.0,2475.83,0.2,540.52,207.37,109.06,False,543.79,206.27,-3.27,1.1
714.5,2478.7,0.2,547.28,201.1,106.98,False,543.93,206.36,3.35,-5.26
715.0,2463.95,0.2,545.16,211.92,112.35,False,543.2,205.92,1.96,6.0
715.5,2480.22,0.2,539.03,206.66,111.46,False,544.01,206.41,-4.98,0.25
716.0,2514.1,0.2,533.78,204.74,107.35,False,545.71,207.42,-11.93,-2.68
716.5,2497.17,0.2,544.13,207.07,110.08,False,544.86,206.92,-0.73,0.15
717.0,2508.03,0.2,549.13,205.33,108.88,False,545.4,207.24,3.73,-1.91
717.5,2536.09,0.2,538.3,205.96,107.1,False,546.8,208.08,-8.5,-2.12
718.0,2489.98,0.2,543.15,207.29,108.34,False,544.5,206.7,-1.35,0.59
718.5,2501.14,0.2,545.09,210.12,111.62,False,545.06,207.03,0.03,3.09
719.0,2477.97,0.2,548.84,205.28,106.63,False,543.9,206.34,4.94,-1.06
719.5,2503.62,0.2,552.48,204.75,111.1,False,545.18,207.11,7.3,-2.36
720.0,2504.33,0.2,548.31,207.75,107.52,False,545.22,207.13,3.09,0.62
720.5,2488.32,0.2,535.82,208.5,108.34,False,544.42,206.65,-8.6,1.85
721.0,2490.87,0.2,543.66,206.7,111.94,False,544.54,206.73,-0.88,-0.03
721.5,2476.08,0.2,545.7,203.61,105.88,False,543.8,206.28,1.9,-2.67
722.0,2492.64,0.2,546.47,207.56,110.2,False,544.63,206.78,1.84,0.78
722.5,2495.19,0.2,547.59,205.77,109.07,False,544.76,206.86,2.83,-1.09
723.0,2530.16,0.2,550.63,206.64,108.6,False,546.51,207.9,4.12,-1.26
723.5,2472.93,0.2,546.11,207.46,110.39,False,543.65,206.19,2.46,1.27
724.0,2545.61,0.2,546.16,203.07,107.88,False,547.28,208.37,-1.12,-5.3
724.5,2481.06,0.2,543.51,206.52,108.1,False,544.05,206.43,-0.54,0.09
725.0,2523.33,0.2,543.34,210.61,106.27,False,546.17,207.7,-2.83,2.91
725.5,2500.18,0.2,551.01,205.19,108.05,False,545.01,207.01,6.0,-1.82
726.0,2490.45,0.2,542.33,202.96,107.86,False,544.52,206.71,-2.19,-3.75
726.5,2485.2,0.2,551.18,205.24,111.84,False,544.26,206.56,6.92,-1.32
727.0,2470.03,0.2,556.45,208.16,108.35,False,543.5,206.1,12.95,2.06
727.5,2526.22,0.2,541.69,207.96,106.63,False,546.31,207.79,-4.62,0.17
728.0,2505.62,0.2,544.27,206.25,107.26,False,545.28,207.17,-1.01,-0.92
728.5,2488.87,0.2,547.77,208.3,109.02,False,544.44,206.67,3.33,1.63
729.0,2484.38,0.2,534.3,211.22,109.74,False,544.22,206.53,-9.92,4.69
729.5,2463.52,0.2,544.99,212.91,107.6,False,543.18,205.91,1.81,7.0
730.0,2501.1,0.2,551.07,205.96,107.62,False,545.05,207.03,6.02,-1.07
730.5,2521.82,0.2,541.57,211.22,109.55,False,546.09,207.65,-4.52,3.57
731.0,2489.89,0.2,544.99,205.67,110.92,False,544.49,206.7,0.5,-1.03
731.5,2466.41,0.2,536.37,208.85,106.7,False,543.32,205.99,-6.95,2.86
732.0,2498.71,0.2,547.19,207.47,103.58,False,544.94,206.96,2.25,0.51
732.5,2532.81,0.2,553.43,202.91,108.3,False,546.64,207.98,6.79,-5.07
733.0,2520.26,0.2,546.75,207.5,111.76,False,546.01,207.61,0.74,-0.11
733.5,2509.13,0.2,543.25,209.3,110.63,False,545.46,207.27,-2.21,2.03
734.0,2522.67,0.2,553.32,204.75,108.47,False,546.13,207.68,7.19,-2.93
734.5,2489.55,0.2,554.42,208.27,110.06,False,544.48,206.69,9.94,1.58
735.0,2498.23,0.2,538.73,206.48,106.02,False,544.91,206.95,-6.18,-0.47
735.5,2494.46,0.2,544.5,209.28,106.73,False,544.72,206.83,-0.22,2.45
736.0,2464.35,0.2,548.42,201.98,108.76,False,543.22,205.93,5.2,-3.95
736.5,2476.86,0.2,536.75,207.4,108.17,False,543.84,206.31,-7.09,1.09
737.0,2460.17,0.2,539.82,205.27,110.6,False,543.01,205.81,-3.19,-0.54
737.5,2496.93,0.2,532.86,208.17,111.94,False,544.85,206.91,-11.99,1.26
738.0,2476.21,0.2,542.37,212.8,106.17,False,543.81,206.29,-1.44,6.51
738.5,2491.38,0.2,539.09,211.58,109.92,False,544.57,206.74,-5.48,4.84
739.0,2540.95,0.2,544.88,211.19,110.79,False,547.05,208.23,-2.17,2.96
739.5,2528.93,0.2,552.31,201.37,110.1,False,546.45,207.87,5.86,-6.5
740.0,2519.55,0.2057,542.4,208.09,108.23,False,549.4,209.64,-7.0,-1.55
740.5,2499.04,0.2077,558.48,211.85,113.71,False,549.57,209.74,8.91,2.11
741.0,2577.81,0.2171,554.47,213.88,112.91,False,559.15,215.49,-4.68,-1.61
741.5,2542.44,0.2123,560.27,215.02,113.38,False,554.5,212.7,5.77,2.32
742.0,2616.51,0.2297,558.92,215.65,114.44,False,568.65,221.19,-9.73,-5.54
742.5,2653.29,0.2533,573.68,228.7,112.98,False,584.64,230.79,-10.96,-2.09
743.0,2602.51,0.2512,584.71,232.47,116.11,False,580.85,228.51,3.86,3.96
743.5,2634.61,0.2556,579.81,232.87,118.28,False,585.09,231.05,-5.28,1.82
744.0,2640.0,0.2653,595.83,235.42,117.51,False,591.18,234.71,4.65,0.71
744.5,2668.0,0.2601,581.47,230.16,117.06,False,589.46,233.68,-7.99,-3.52
745.0,2681.9,0.2859,614.03,248.41,119.11,False,605.63,243.38,8.39,5.03
745.5,2650.78,0.2513,590.17,226.72,119.95,False,583.32,229.99,6.85,-3.27
746.0,2644.51,0.2611,595.09,237.49,119.77,False,588.89,233.33,6.2,4.16
746.5,2702.33,0.2769,592.37,234.23,122.22,False,601.26,240.75,-8.89,-6.52
747.0,2734.79,0.2956,616.12,248.33,119.76,False,614.1,248.46,2.02,-0.13
747.5,2801.58,0.3233,632.93,261.72,124.62,False,634.06,260.44,-1.13,1.28
748.0,2785.65,0.3148,622.41,253.59,128.94,False,628.16,256.9,-5.75,-3.31
748.5,2758.23,0.3194,628.57,260.32,126.7,False,629.55,257.73,-0.98,2.59
749.0,2768.57,0.3045,627.18,250.49,119.67,False,621.13,252.68,6.05,-2.19
749.5,2823.13,0.3234,620.85,259.32,129.74,False,635.2,261.12,-14.35,-1.8
750.0,2819.0,0.3407,639.02,272.53,129.61,False,645.37,267.22,-6.35,5.31
0.5,2491.44,0.2,542.47,207.84,111.03,False,544.57,206.74,-2.1,1.1
1.0,2494.22,0.2,537.57,204.67,107.71,False,544.71,206.83,-7.14,-2.16
1.5,2457.39,0.2,547.72,205.52,109.99,False,542.87,205.72,4.85,-0.2
2.0,2496.05,0.2,547.84,207.1,110.88,False,544.8,206.88,3.04,0.22
2.5,2505.18,0.2,538.55,205.69,107.62,False,545.26,207.16,-6.71,-1.47
3.0,2561.37,0.2,543.44,209.22,110.16,False,548.07,208.84,-4.63,0.38
3.5,2514.68,0.2,534.41,207.13,105.7,False,545.73,207.44,-11.32,-0.31
4.0,2522.27,0.2,544.54,203.36,106.4,False,546.11,207.67,-1.57,-4.31
4.5,2461.12,0.2,552.92,209.35,111.15,False,543.06,205.83,9.86,3.52
5.0,2520.15,0.2,552.1,206.09,109.5,False,546.01,207.6,6.09,-1.51
5.5,2539.84,0.2,546.48,208.87,107.52,False,546.99,208.2,-0.51,0.67
6.0,2494.57,0.2,540.85,203.85,111.08,False,544.73,206.84,-3.88,-2.99
6.5,2505.56,0.2,545.09,205.35,108.12,False,545.28,207.17,-0.19,-1.82
7.0,2500.59,0.2,539.68,204.39,107.74,False,545.03,207.02,-5.35,-2.63
7.5,2526.32,0.2,544.93,212.1,107.33,False,546.32,207.79,-1.39,4.31
8.0,2545.76,0.2,537.7,204.77,107.04,False,547.29,208.37,-9.59,-3.6
8.5,2505.91,0.2,549.97,210.35,108.04,False,545.3,207.18,4.67,3.17
9.0,2471.77,0.2,547.69,202.24,112.1,False,543.59,206.15,4.1,-3.91
9.5,2514.81,0.2,546.01,204.01,113.31,False,545.74,207.44,0.27,-3.43
10.0,2544.58,0.2,544.14,207.76,104.58,False,547.23,208.34,-3.09,-0.58
10.5,2503.81,0.2,540.71,204.66,106.56,False,545.19,207.11,-4.48,-2.45
11.0,2485.31,0.2,558.43,204.4,109.06,False,544.27,206.56,14.16,-2.16
11.5,2497.55,0.2,547.09,203.15,107.12,False,544.88,206.93,2.21,-3.78
12.0,2463.91,0.2,548.66,206.68,103.26,False,543.2,205.92,5.46,0.76
12.5,2522.85,0.2,543.0,207.86,109.62,False,546.14,207.69,-3.14,0.17
13.0,2478.38,0.2,541.07,205.3,110.76,False,543.92,206.35,-2.85,-1.05
13.5,2460.87,0.2,548.27,205.28,108.0,False,543.04,205.83,5.23,-0.55
14.0,2520.95,0.2,542.93,205.71,110.34,False,546.05,207.63,-3.12,-1.92
14.5,2471.18,0.2,531.3,207.08,111.87,False,543.56,206.14,-12.26,0.94
15.0,2461.84,0.2,539.05,207.53,108.89,False,543.09,205.86,-4.04,1.67
15.5,2489.64,0.2,549.93,203.57,110.84,False,544.48,206.69,5.45,-3.12
16.0,2486.47,0.2,547.65,206.76,104.87,False,544.32,206.59,3.33,0.17
16.5,2507.67,0.2,551.77,203.25,111.57,False,545.38,207.23,6.39,-3.98
17.0,2544.77,0.2,539.52,204.69,108.52,False,547.24,208.34,-7.72,-3.65
17.5,2515.07,0.2,547.34,200.47,108.05,False,545.75,207.45,1.59,-6.98
18.0,2506.46,0.2,540.03,207.32,109.06,False,545.32,207.19,-5.29,0.13
18.5,2501.75,0.2,540.16,209.67,107.82,False,545.09,207.05,-4.93,2.62
19.0,2446.75,0.2,543.31,207.0,109.33,False,542.34,205.4,0.97,1.6
19.5,2514.83,0.2,543.96,206.0,110.7,False,545.74,207.44,-1.78,-1.44
20.0,2503.8,0.2,543.25,206.32,110.32,False,545.19,207.11,-1.94,-0.79
20.5,2478.75,0.2,546.74,202.33,108.7,False,543.94,206.36,2.8,-4.03
21.0,2502.55,0.2,542.88,204.79,112.59,False,545.13,207.08,-2.25,-2.29
21.5,2495.04,0.2,548.77,204.78,108.38,False,544.75,206.85,4.02,-2.07
22.0,2505.66,0.2,542.29,204.61,108.17,False,545.28,207.17,-2.99,-2.56
22.5,2485.35,0.2,543.62,210.82,106.92,False,544.27,206.56,-0.65,4.26
23.0,2494.12,0.2,546.1,205.17,112.83,False,544.71,206.82,1.39,-1.65
23.5,2513.01,0.2,544.56,212.31,106.31,False,545.65,207.39,-1.09,4.92
24.0,2496.45,0.2,540.7,206.85,108.67,False,544.82,206.89,-4.12,-0.04
24.5,2478.22,0.2,543.04,207.65,106.53,False,543.91,206.35,-0.87,1.3
25.0,2506.07,0.2,553.7,209.48,108.33,False,545.3,207.18,8.4,2.3
25.5,2506.19,0.2,547.15,210.7,105.21,False,545.31,207.19,1.84,3.51
26.0,2504.09,0.2,543.76,203.31,107.91,False,545.2,207.12,-1.44,-3.81
26.5,2514.67,0.2,549.37,203.96,111.27,False,545.73,207.44,3.64,-3.48
27.0,2508.49,0.2,533.61,205.75,106.83,False,545.42,207.25,-11.81,-1.5
27.5,2494.8,0.2,546.91,205.97,106.12,False,544.74,206.84,2.17,-0.87
28.0,2462.73,0.2,536.37,212.84,108.25,False,543.14,205.88,-6.77,6.96
28.5,2509.6,0.2,548.9,200.89,110.21,False,545.48,207.29,3.42,-6.4
29.0,2526.19,0.2,545.33,210.02,107.32,False,546.31,207.79,-0.98,2.23
29.5,2483.12,0.2,535.43,206.29,106.6,False,544.16,206.49,-8.73,-0.2
30.0,2500.18,0.2,542.53,207.15,107.05,False,545.01,207.01,-2.48,0.14
0.5,2637.58,0.2313,568.38,222.34,112.77,False,570.66,222.4,-2.28,-0.06
1.0,2576.78,0.2313,567.96,218.44,111.11,False,567.62,220.57,0.34,-2.13
1.5,2561.74,0.2313,574.47,211.84,115.0,False,566.87,220.12,7.6,-8.28
2.0,2575.39,0.2313,576.13,220.81,113.5,False,567.55,220.53,8.58,0.28
2.5,2583.43,0.2313,559.65,225.06,113.37,False,567.95,220.77,-8.3,4.29
3.0,2614.03,0.2313,565.39,214.73,113.55,False,569.48,221.69,-4.09,-6.96
3.5,2560.22,0.2313,569.51,223.9,116.15,False,566.79,220.07,2.72,3.83
4.0,2582.47,0.2313,570.7,216.85,114.26,False,567.9,220.74,2.8,-3.89
4.5,2599.34,0.2313,565.03,218.62,112.98,False,568.75,221.25,-3.72,-2.63
5.0,2553.35,0.2313,562.68,221.28,111.93,False,566.45,219.87,-3.77,1.41
5.5,2568.0,0.2313,574.87,220.07,115.02,False,567.18,220.31,7.69,-0.24
6.0,2588.88,0.2313,566.98,221.34,116.82,False,568.22,220.93,-1.24,0.41
6.5,2580.44,0.2313,559.32,215.87,112.97,False,567.8,220.68,-8.48,-4.81
7.0,2578.6,0.2313,567.73,218.45,113.02,False,567.71,220.63,0.02,-2.18
7.5,2577.41,0.2313,570.02,218.1,115.63,False,567.65,220.59,2.37,-2.49
8.0,2570.72,0.2313,559.28,222.31,116.05,False,567.32,220.39,-8.04,1.92
8.5,2584.6,0.2313,568.94,217.57,113.38,False,568.01,220.81,0.93,-3.24
9.0,2583.96,0.2313,572.47,219.32,109.17,False,567.98,220.79,4.49,-1.47
9.5,2579.58,0.2313,569.75,223.68,115.18,False,567.76,220.66,1.99,3.02
10.0,2558.77,0.2313,573.41,220.09,114.21,False,566.72,220.03,6.69,0.06
10.5,2574.04,0.2313,565.87,217.44,117.32,False,567.48,220.49,-1.61,-3.05
11.0,2561.89,0.2313,576.48,224.68,113.72,False,566.87,220.12,9.61,4.56
11.5,2579.09,0.2313,570.63,218.01,115.64,False,567.73,220.64,2.9,-2.63
12.0,2571.96,0.2313,564.77,217.37,113.54,False,567.38,220.43,-2.61,-3.06
12.5,2586.75,0.2313,568.97,221.0,117.12,False,568.12,220.87,0.85,0.13
13.0,2571.25,0.2313,570.97,216.71,113.11,False,567.34,220.41,3.63,-3.7
13.5,2599.86,0.2313,566.28,222.5,113.69,False,568.77,221.26,-2.49,1.24
14.0,2572.48,0.2313,577.75,214.99,113.6,False,567.4,220.44,10.35,-5.45
14.5,2568.89,0.2313,569.65,225.16,115.54,False,567.22,220.33,2.43,4.83
15.0,2589.07,0.2313,571.73,222.05,117.0,False,568.23,220.94,3.5,1.11
15.5,2551.94,0.2313,575.21,226.95,114.71,False,566.38,219.83,8.83,7.12
16.0,2536.04,0.2313,566.31,226.82,113.28,False,565.58,219.35,0.73,7.47
16.5,2563.33,0.2313,572.15,220.09,115.56,False,566.95,220.17,5.2,-0.08
17.0,2577.96,0.2313,579.01,217.56,113.31,False,567.68,220.61,11.33,-3.05
17.5,2573.98,0.2313,569.22,226.31,113.43,False,567.48,220.49,1.74,5.82
18.0,2556.81,0.2313,563.19,220.71,112.57,False,566.62,219.97,-3.43,0.74
18.5,2575.54,0.2313,564.64,220.03,115.83,False,567.56,220.53,-2.92,-0.5
19.0,2574.54,0.2313,564.84,222.7,114.41,False,567.51,220.5,-2.67,2.2
19.5,2558.56,0.2313,567.66,223.61,114.23,False,566.71,220.02,0.95,3.59
20.0,2581.68,0.2313,566.57,221.42,115.55,False,567.86,220.72,-1.29,0.7
20.5,2584.8,0.2313,557.03,220.83,111.28,False,568.02,220.81,-10.99,0.02
21.0,2576.71,0.2313,561.13,217.17,112.5,False,567.62,220.57,-6.49,-3.4
21.5,2578.25,0.2313,571.34,219.8,116.83,False,567.69,220.62,3.65,-0.82
22.0,2564.56,0.2313,557.89,221.93,116.2,False,567.01,220.2,-9.12,1.73
22.5,2601.2,0.2313,574.49,222.1,112.82,False,568.84,221.3,5.65,0.8
23.0,2552.49,0.2313,561.85,215.51,110.35,False,566.4,219.84,-4.55,-4.33
23.5,2583.43,0.2313,568.02,226.02,112.63,False,567.95,220.77,0.07,5.25
24.0,2597.92,0.2313,561.69,221.42,115.68,False,568.68,221.21,-6.99,0.21
24.5,2581.06,0.2313,564.94,221.46,113.41,False,567.83,220.7,-2.89,0.76
25.0,2581.88,0.2313,569.2,222.3,114.6,False,567.87,220.72,1.33,1.58
25.5,2561.64,0.2313,576.33,219.22,113.0,False,566.86,220.12,9.47,-0.9
26.0,2550.8,0.2313,577.88,220.54,112.58,False,566.32,219.79,11.56,0.75
26.5,2598.05,0.2313,567.47,220.21,115.41,False,568.68,221.21,-1.21,-1.0
27.0,2586.41,0.2313,566.97,222.1,118.03,False,568.1,220.86,-1.13,1.24
27.5,2573.25,0.2313,566.41,219.94,116.53,False,567.44,220.47,-1.03,-0.53
28.0,2595.09,0.2313,562.24,220.86,116.1,False,568.53,221.12,-6.29,-0.26
28.5,2557.75,0.2313,575.56,222.48,115.49,False,566.67,220.0,8.89,2.48
29.0,2527.81,0.2313,566.42,223.82,112.79,False,565.17,219.1,1.25,4.72
29.5,2578.61,0.2313,570.99,215.36,118.81,False,567.71,220.63,3.28,-5.27
30.0,2597.53,0.2313,565.9,221.52,111.58,False,568.66,221.19,-2.76,0.33
0.5,2671.05,0.2625,590.79,231.66,118.17,False,591.05,234.63,-0.26,-2.97
1.0,2688.82,0.2625,583.62,236.93,119.1,False,591.94,235.16,-8.32,1.77
1.5,2650.45,0.2625,603.4,232.03,118.59,False,590.02,234.01,13.38,-1.98
2.0,2645.14,0.2625,586.56,236.66,113.9,False,589.76,233.85,-3.2,2.81
2.5,2662.35,0.2625,590.13,240.72,121.23,False,590.62,234.37,-0.49,6.35
3.0,2666.2,0.2625,595.55,240.84,117.17,False,590.81,234.49,4.74,6.35
3.5,2623.28,0.2625,590.54,236.4,119.6,False,588.66,233.2,1.88,3.2
4.0,2648.55,0.2625,586.64,232.74,118.08,False,589.93,233.96,-3.29,-1.22
4.5,2652.84,0.2625,595.95,231.43,118.35,False,590.14,234.09,5.81,-2.66
5.0,2666.8,0.2625,594.54,230.03,116.13,False,590.84,234.5,3.7,-4.47
5.5,2684.15,0.2625,594.43,237.5,116.45,False,591.71,235.02,2.72,2.48
6.0,2667.33,0.2625,587.58,230.35,118.76,False,590.87,234.52,-3.29,-4.17
6.5,2653.59,0.2625,594.2,236.64,117.66,False,590.18,234.11,4.02,2.53
7.0,2623.89,0.2625,591.95,240.57,117.83,False,588.69,233.22,3.26,7.35
7.5,2628.64,0.2625,587.8,233.8,119.83,False,588.93,233.36,-1.13,0.44
8.0,2670.29,0.2625,595.64,233.91,117.65,False,591.01,234.61,4.63,-0.7
8.5,2655.29,0.2625,592.72,233.48,119.68,False,590.26,234.16,2.46,-0.68
9.0,2678.35,0.2625,587.54,237.39,115.01,False,591.42,234.85,-3.88,2.54
9.5,2657.96,0.2625,580.93,234.44,116.94,False,590.4,234.24,-9.47,0.2
10.0,2650.02,0.2625,596.71,237.39,117.91,False,590.0,234.0,6.71,3.39
10.5,2683.39,0.2625,594.97,228.63,120.19,False,591.67,235.0,3.3,-6.37
11.0,2645.79,0.2625,587.37,236.27,118.73,False,589.79,233.87,-2.42,2.4
11.5,2664.84,0.2625,585.71,239.24,121.55,False,590.74,234.45,-5.03,4.79
12.0,2659.4,0.2625,594.86,233.6,116.45,False,590.47,234.28,4.39,-0.68
12.5,2649.47,0.2625,593.06,236.63,120.65,False,589.97,233.98,3.09,2.65
13.0,2673.16,0.2625,597.01,234.59,118.75,False,591.16,234.69,5.85,-0.1
13.5,2708.52,0.2625,583.28,233.1,117.02,False,592.93,235.76,-9.65,-2.66
14.0,2623.35,0.2625,595.84,239.22,116.45,False,588.67,233.2,7.17,6.02
14.5,2652.28,0.2625,586.28,238.68,118.25,False,590.11,234.07,-3.83,4.61
15.0,2659.94,0.2625,593.3,232.99,117.29,False,590.5,234.3,2.8,-1.31
15.5,2685.68,0.2625,590.6,237.97,113.22,False,591.78,235.07,-1.18,2.9
16.0,2667.19,0.2625,590.8,231.33,119.36,False,590.86,234.52,-0.06,-3.19
16.5,2633.17,0.2625,587.84,236.96,119.75,False,589.16,233.5,-1.32,3.46
17.0,2660.51,0.2625,592.56,234.71,114.53,False,590.53,234.32,2.03,0.39
17.5,2662.28,0.2625,589.62,232.93,119.6,False,590.61,234.37,-0.99,-1.44
18.0,2673.84,0.2625,590.14,232.54,117.55,False,591.19,234.72,-1.05,-2.18
18.5,2654.1,0.2625,594.62,232.64,118.5,False,590.21,234.12,4.41,-1.48
19.0,2667.45,0.2625,587.37,235.41,116.84,False,590.87,234.52,-3.5,0.89
19.5,2636.65,0.2625,598.63,233.05,118.19,False,589.33,233.6,9.3,-0.55
20.0,2632.17,0.2625,589.69,231.22,117.14,False,589.11,233.47,0.58,-2.25
20.5,2653.32,0.2625,596.33,235.57,119.98,False,590.17,234.1,6.16,1.47
21.0,2639.72,0.2625,587.33,239.89,117.71,False,589.49,233.69,-2.16,6.2
21.5,2673.77,0.2625,593.1,238.77,121.51,False,591.19,234.71,1.91,4.06
22.0,2628.45,0.2625,584.28,235.71,117.79,False,588.92,233.35,-4.64,2.36
22.5,2676.14,0.2625,601.33,233.96,121.83,False,591.31,234.78,10.02,-0.82
23.0,2630.19,0.2625,590.24,228.9,119.96,False,589.01,233.41,1.23,-4.51
23.5,2652.77,0.2625,590.5,235.93,119.17,False,590.14,234.08,0.36,1.85
24.0,2668.32,0.2625,589.5,230.53,116.34,False,590.92,234.55,-1.42,-4.02
24.5,2667.13,0.2625,584.29,232.95,120.02,False,590.86,234.51,-6.57,-1.56
25.0,2637.59,0.2625,598.91,240.28,116.2,False,589.38,233.63,9.53,6.65
25.5,2631.55,0.2625,591.63,236.79,113.85,False,589.08,233.45,2.55,3.34
26.0,2638.16,0.2625,587.36,232.72,117.38,False,589.41,233.64,-2.05,-0.92
26.5,2633.0,0.2625,598.77,235.06,117.42,False,589.15,233.49,9.62,1.57
27.0,2663.59,0.2625,591.43,232.39,117.54,False,590.68,234.41,0.75,-2.02
27.5,2686.56,0.2625,584.55,239.06,112.56,False,591.83,235.1,-7.28,3.96
28.0,2662.32,0.2625,579.19,237.16,117.22,False,590.62,234.37,-11.43,2.79
28.5,2686.35,0.2625,588.0,232.85,112.29,False,591.82,235.09,-3.82,-2.24
29.0,2633.82,0.2625,594.71,236.33,117.55,False,589.19,233.51,5.52,2.82
29.5,2690.72,0.2625,587.08,231.16,116.06,False,592.04,235.22,-4.96,-4.06
30.0,2674.66,0.2625,588.96,233.53,121.09,False,591.23,234.74,-2.27,-1.21
0.5,2714.83,0.2938,611.82,251.86,122.02,False,612.02,247.21,-0.2,4.65
1.0,2724.8,0.2938,611.27,248.58,121.93,False,612.52,247.51,-1.25,1.07
1.5,2707.77,0.2938,619.98,249.73,121.7,False,611.67,247.0,8.31,2.73
2.0,2701.9,0.2938,616.9,245.16,123.62,False,611.38,246.82,5.52,-1.66
2.5,2730.81,0.2938,615.78,245.72,122.02,False,612.82,247.69,2.96,-1.97
3.0,2711.74,0.2938,605.04,245.07,124.35,False,611.87,247.12,-6.83,-2.05
3.5,2697.87,0.2938,611.3,244.1,120.41,False,611.17,246.7,0.13,-2.6
4.0,2754.5,0.2938,623.85,249.55,119.81,False,614.0,248.4,9.85,1.15
4.5,2739.11,0.2938,610.51,247.5,123.23,False,613.24,247.94,-2.73,-0.44
5.0,2738.87,0.2938,611.09,248.54,121.27,False,613.22,247.93,-2.13,0.61
5.5,2760.13,0.2938,618.46,245.84,118.62,False,614.29,248.57,4.17,-2.73
6.0,2741.05,0.2938,616.28,255.49,123.28,False,613.33,248.0,2.95,7.49
6.5,2746.36,0.2938,603.57,244.56,119.43,False,613.6,248.16,-10.03,-3.6
7.0,2700.75,0.2938,607.61,246.28,124.13,False,611.32,246.79,-3.71,-0.51
7.5,2730.03,0.2938,609.22,248.84,119.46,False,612.78,247.67,-3.56,1.17
8.0,2738.93,0.2938,611.52,248.94,121.73,False,613.23,247.94,-1.71,1.0
8.5,2730.46,0.2938,610.64,246.31,125.57,False,612.8,247.68,-2.16,-1.37
9.0,2750.77,0.2938,621.31,244.33,122.58,False,613.82,248.29,7.49,-3.96
9.5,2723.86,0.2938,618.34,245.34,125.74,False,612.47,247.48,5.87,-2.14
10.0,2745.04,0.2938,609.31,251.78,124.64,False,613.53,248.12,-4.22,3.66
10.5,2753.13,0.2938,603.03,243.33,123.78,False,613.94,248.36,-10.91,-5.03
11.0,2707.77,0.2938,607.71,248.13,123.91,False,611.67,247.0,-3.96,1.13
11.5,2754.42,0.2938,620.45,250.59,122.69,False,614.0,248.4,6.45,2.19
12.0,2731.77,0.2938,611.98,246.93,119.54,False,612.87,247.72,-0.89,-0.79
12.5,2694.33,0.2938,613.35,248.97,122.41,False,611.0,246.6,2.35,2.37
13.0,2737.13,0.2938,615.0,247.71,121.38,False,613.14,247.88,1.86,-0.17
13.5,2728.3,0.2938,614.89,250.53,123.96,False,612.69,247.62,2.2,2.91
14.0,2719.2,0.2938,613.67,248.47,123.07,False,612.24,247.34,1.43,1.13
14.5,2714.39,0.2938,620.15,243.78,124.2,False,612.0,247.2,8.15,-3.42
15.0,2739.34,0.2938,620.54,243.31,124.48,False,613.25,247.95,7.29,-4.64
15.5,2769.68,0.2938,619.09,246.42,124.18,False,614.76,248.86,4.33,-2.44
16.0,2724.45,0.2938,603.42,246.28,123.47,False,612.5,247.5,-9.08,-1.22
16.5,2762.78,0.2938,610.53,248.14,123.59,False,614.42,248.65,-3.89,-0.51
17.0,2704.98,0.2938,620.86,252.61,121.98,False,611.53,246.92,9.33,5.69
17.5,2719.72,0.2938,618.62,249.16,124.25,False,612.27,247.36,6.35,1.8
18.0,2734.73,0.2938,617.01,248.84,122.69,False,613.02,247.81,3.99,1.03
18.5,2750.76,0.2938,615.61,246.46,126.21,False,613.82,248.29,1.79,-1.83
19.0,2720.53,0.2938,612.36,248.09,121.77,False,612.31,247.38,0.05,0.71
19.5,2745.92,0.2938,616.75,247.74,123.26,False,613.58,248.15,3.17,-0.41
20.0,2754.54,0.2938,626.09,248.59,120.3,False,614.01,248.4,12.08,0.19
20.5,2731.29,0.2938,611.04,249.59,122.34,False,612.84,247.71,-1.8,1.88
21.0,2726.65,0.2938,613.53,247.31,128.35,False,612.61,247.57,0.92,-0.26
21.5,2747.35,0.2938,607.58,249.67,123.46,False,613.65,248.19,-6.07,1.48
22.0,2748.24,0.2938,606.34,248.19,121.53,False,613.69,248.22,-7.35,-0.03
22.5,2674.49,0.2938,607.11,246.53,121.83,False,610.0,246.0,-2.89,0.53
23.0,2719.21,0.2938,607.8,244.59,124.56,False,612.24,247.34,-4.44,-2.75
23.5,2727.95,0.2938,613.55,251.18,126.11,False,612.68,247.61,0.87,3.57
24.0,2694.27,0.2938,604.91,246.21,121.71,False,610.99,246.6,-6.08,-0.39
24.5,2729.3,0.2938,614.23,251.03,123.97,False,612.75,247.65,1.49,3.38
25.0,2791.46,0.2938,615.31,254.08,123.74,False,615.85,249.51,-0.54,4.57
25.5,2701.93,0.2938,617.23,255.57,122.25,False,611.38,246.83,5.85,8.74
26.0,2703.73,0.2938,617.76,244.94,121.74,False,611.47,246.88,6.29,-1.94
26.5,2724.92,0.2938,612.93,247.66,122.61,False,612.53,247.52,0.4,0.14
27.0,2710.29,0.2938,617.62,245.99,122.3,False,611.79,247.08,5.83,-1.09
27.5,2746.72,0.2938,605.44,247.06,125.96,False,613.62,248.17,-8.18,-1.11
28.0,2724.61,0.2938,609.3,251.61,118.67,False,612.51,247.51,-3.21,4.1
28.5,2752.1,0.2938,613.46,249.06,123.48,False,613.88,248.33,-0.42,0.73
29.0,2768.6,0.2938,616.81,245.14,123.33,False,614.71,248.83,2.1,-3.69
29.5,2690.87,0.2938,608.58,245.0,121.35,False,610.82,246.49,-2.24,-1.49
30.0,2746.69,0.2938,609.31,243.93,124.69,False,613.61,248.17,-4.3,-4.24
0.5,2811.28,0.325,637.23,261.99,128.18,False,635.56,261.34,1.67,0.65
1.0,2868.3,0.325,636.25,255.5,126.75,False,638.41,263.05,-2.16,-7.55
1.5,2789.28,0.325,631.38,254.34,129.3,False,634.46,260.68,-3.08,-6.34
2.0,2773.22,0.325,632.34,264.83,125.89,False,633.66,260.2,-1.32,4.63
2.5,2822.35,0.325,631.9,260.69,123.58,False,636.12,261.67,-4.22,-0.98
3.0,2821.84,0.325,638.0,259.22,128.71,False,636.09,261.66,1.91,-2.44
3.5,2819.95,0.325,637.76,266.61,127.23,False,636.0,261.6,1.76,5.01
4.0,2794.4,0.325,630.68,257.45,127.63,False,634.72,260.83,-4.04,-3.38
4.5,2803.3,0.325,639.19,262.17,125.8,False,635.16,261.1,4.03,1.07
5.0,2828.94,0.325,636.92,258.75,128.14,False,636.45,261.87,0.47,-3.12
5.5,2836.75,0.325,640.91,263.2,130.1,False,636.84,262.1,4.07,1.1
6.0,2811.26,0.325,637.29,259.61,124.34,False,635.56,261.34,1.73,-1.73
6.5,2792.78,0.325,643.93,262.96,128.78,False,634.64,260.78,9.29,2.18
7.0,2789.3,0.325,633.48,264.48,126.87,False,634.47,260.68,-0.99,3.8
7.5,2815.8,0.325,630.46,259.5,128.09,False,635.79,261.47,-5.33,-1.97
8.0,2819.0,0.325,639.84,263.1,126.5,False,635.95,261.57,3.89,1.53
8.5,2804.19,0.325,637.58,261.27,126.61,False,635.21,261.13,2.37,0.14
9.0,2826.37,0.325,635.85,258.83,126.14,False,636.32,261.79,-0.47,-2.96
9.5,2806.0,0.325,634.99,258.38,129.47,False,635.3,261.18,-0.31,-2.8
10.0,2812.42,0.325,635.99,260.36,128.59,False,635.62,261.37,0.37,-1.01
10.5,2793.1,0.325,642.63,259.86,127.7,False,634.65,260.79,7.98,-0.93
11.0,2800.6,0.325,631.91,259.02,128.99,False,635.03,261.02,-3.12,-2.0
11.5,2798.81,0.325,642.38,264.34,124.85,False,634.94,260.96,7.44,3.38
12.0,2822.59,0.325,630.53,255.64,125.06,False,636.13,261.68,-5.6,-6.04
12.5,2838.06,0.325,626.29,260.85,129.86,False,636.9,262.14,-10.61,-1.29
13.0,2822.33,0.325,629.7,257.52,130.4,False,636.12,261.67,-6.42,-4.15
13.5,2814.07,0.325,628.11,262.5,127.6,False,635.7,261.42,-7.59,1.08
14.0,2817.32,0.325,633.27,261.91,127.73,False,635.87,261.52,-2.6,0.39
14.5,2804.21,0.325,637.03,264.47,123.98,False,635.21,261.13,1.82,3.34
15.0,2772.57,0.325,631.17,262.51,125.77,False,633.63,260.18,-2.46,2.33
15.5,2791.44,0.325,630.74,263.37,125.92,False,634.57,260.74,-3.83,2.63
16.0,2827.2,0.325,636.59,261.63,127.52,False,636.36,261.82,0.23,-0.19
16.5,2807.73,0.325,635.19,262.24,124.83,False,635.39,261.23,-0.2,1.01
17.0,2823.21,0.325,631.44,257.76,127.95,False,636.16,261.7,-4.72,-3.94
17.5,2819.76,0.325,634.74,261.73,126.22,False,635.99,261.59,-1.25,0.14
18.0,2852.67,0.325,633.83,261.16,126.92,False,637.63,262.58,-3.8,-1.42
18.5,2825.45,0.325,639.02,261.51,127.82,False,636.27,261.76,2.75,-0.25
19.0,2824.64,0.325,634.08,263.86,133.92,False,636.23,261.74,-2.15,2.12
19.5,2828.51,0.325,640.76,261.35,125.31,False,636.43,261.86,4.33,-0.51
20.0,2814.64,0.325,633.41,262.9,127.53,False,635.73,261.44,-2.32,1.46
20.5,2787.82,0.325,635.12,263.03,128.06,False,634.39,260.63,0.73,2.4
21.0,2813.78,0.325,649.25,259.55,125.93,False,635.69,261.41,13.56,-1.86
21.5,2813.53,0.325,645.09,260.93,125.67,False,635.68,261.41,9.41,-0.48
22.0,2845.35,0.325,625.24,263.66,126.63,False,637.27,262.36,-12.03,1.3
22.5,2844.46,0.325,635.85,264.73,128.53,False,637.22,262.33,-1.37,2.4
23.0,2837.61,0.325,634.24,265.02,126.51,False,636.88,262.13,-2.64,2.89
23.5,2783.58,0.325,650.02,266.41,126.92,False,634.18,260.51,15.84,5.9
24.0,2866.33,0.325,637.19,260.56,127.74,False,638.32,262.99,-1.13,-2.43
24.5,2825.3,0.325,637.29,261.72,122.27,False,636.26,261.76,1.02,-0.04
25.0,2786.61,0.325,628.53,263.3,127.05,False,634.33,260.6,-5.8,2.7
25.5,2806.65,0.325,631.62,254.73,126.45,False,635.33,261.2,-3.71,-6.47
26.0,2815.33,0.325,646.31,262.11,127.42,False,635.77,261.46,10.54,0.65
26.5,2793.4,0.325,630.07,264.05,127.91,False,634.67,260.8,-4.6,3.25
27.0,2813.7,0.325,632.85,261.45,124.48,False,635.68,261.41,-2.83,0.04
27.5,2762.7,0.325,626.62,259.78,127.14,False,633.13,259.88,-6.51,-0.1
28.0,2808.55,0.325,638.93,262.92,125.3,False,635.43,261.26,3.5,1.66
28.5,2838.34,0.325,634.32,260.07,123.05,False,636.92,262.15,-2.6,-2.08
29.0,2816.92,0.325,629.24,262.55,128.07,False,635.85,261.51,-6.61,1.04
29.5,2825.69,0.325,638.06,259.56,124.12,False,636.28,261.77,1.78,-2.21
30.0,2823.87,0.325,634.94,265.37,128.0,False,636.19,261.72,-1.25,3.65
0.5,2896.22,0.3563,658.15,275.97,130.44,False,658.59,275.15,-0.44,0.82
1.0,2878.4,0.3563,649.5,274.87,131.52,False,657.7,274.62,-8.2,0.25
1.5,2922.96,0.3563,659.08,272.43,130.49,False,659.93,275.96,-0.85,-3.53
2.0,2927.62,0.3563,658.44,278.16,129.49,False,660.16,276.1,-1.72,2.06
2.5,2852.68,0.3563,659.57,275.57,133.21,False,656.41,273.85,3.16,1.72
3.0,2882.05,0.3563,658.26,274.69,128.33,False,657.88,274.73,0.38,-0.04
3.5,2862.84,0.3563,658.48,270.42,130.92,False,656.92,274.15,1.56,-3.73
4.0,2922.93,0.3563,652.58,274.36,131.62,False,659.93,275.96,-7.35,-1.6
4.5,2863.02,0.3563,654.22,276.66,131.87,False,656.93,274.16,-2.71,2.5
5.0,2891.43,0.3563,659.36,270.75,128.2,False,658.35,275.01,1.01,-4.26
5.5,2900.0,0.3563,656.34,279.52,130.92,False,658.78,275.27,-2.44,4.25
6.0,2859.38,0.3563,655.92,272.62,137.14,False,656.75,274.05,-0.83,-1.43
6.5,2904.52,0.3563,662.39,279.69,132.76,False,659.01,275.4,3.38,4.29
7.0,2898.78,0.3563,659.51,281.93,132.4,False,658.72,275.23,0.79,6.7
7.5,2872.28,0.3563,658.47,275.4,132.28,False,657.39,274.44,1.08,0.96
8.0,2902.4,0.3563,656.51,275.25,128.44,False,658.9,275.34,-2.39,-0.09
8.5,2887.1,0.3563,658.77,279.32,133.73,False,658.13,274.88,0.63,4.44
9.0,2899.49,0.3563,662.26,271.61,132.91,False,658.75,275.25,3.51,-3.64
9.5,2912.8,0.3563,652.96,278.01,129.31,False,659.42,275.65,-6.46,2.36
10.0,2867.56,0.3563,658.36,270.84,131.38,False,657.16,274.29,1.2,-3.45
10.5,2890.68,0.3563,660.05,274.62,130.94,False,658.31,274.99,1.74,-0.37
11.0,2875.31,0.3563,668.75,274.41,133.78,False,657.55,274.53,11.2,-0.12
11.5,2909.79,0.3563,654.32,273.15,128.49,False,659.27,275.56,-4.95,-2.41
12.0,2892.83,0.3563,662.51,272.07,130.82,False,658.42,275.05,4.09,-2.98
12.5,2881.07,0.3563,649.41,274.76,130.43,False,657.83,274.7,-8.42,0.06
13.0,2867.8,0.3563,647.52,277.27,131.15,False,657.17,274.3,-9.65,2.97
13.5,2879.78,0.3563,659.79,275.39,132.63,False,657.77,274.66,2.02,0.73
14.0,2916.0,0.3563,660.45,279.86,133.26,False,659.58,275.75,0.87,4.11
14.5,2909.92,0.3563,656.12,273.63,127.89,False,659.28,275.57,-3.16,-1.94
15.0,2898.77,0.3563,661.01,273.46,132.38,False,658.72,275.23,2.29,-1.77
15.5,2857.67,0.3563,667.53,275.42,129.96,False,656.66,274.0,10.87,1.42
16.0,2907.21,0.3563,664.0,274.57,131.96,False,659.14,275.48,4.86,-0.91
16.5,2911.8,0.3563,651.09,272.52,130.96,False,659.37,275.62,-8.28,-3.1
17.0,2894.83,0.3563,649.6,269.77,132.59,False,658.52,275.11,-8.92,-5.34
17.5,2911.22,0.3563,653.1,279.66,131.29,False,659.34,275.6,-6.24,4.06
18.0,2909.65,0.3563,657.29,273.89,131.97,False,659.26,275.56,-1.97,-1.67
18.5,2873.6,0.3563,655.81,271.59,131.84,False,657.46,274.48,-1.65,-2.89
19.0,2898.77,0.3563,659.77,274.76,135.67,False,658.72,275.23,1.05,-0.47
19.5,2890.2,0.3563,648.91,274.44,131.29,False,658.29,274.97,-9.38,-0.53
20.0,2885.08,0.3563,651.75,277.67,131.84,False,658.03,274.82,-6.28,2.85
20.5,2870.22,0.3563,654.35,274.86,127.09,False,657.29,274.37,-2.94,0.49
21.0,2908.36,0.3563,654.42,280.83,130.96,False,659.2,275.52,-4.78,5.31
21.5,2892.92,0.3563,652.78,278.88,131.99,False,658.43,275.06,-5.65,3.82
22.0,2903.31,0.3563,660.56,272.56,131.81,False,658.95,275.37,1.61,-2.81
22.5,2885.12,0.3563,661.66,277.83,133.23,False,658.04,274.82,3.62,3.01
23.0,2909.95,0.3563,656.7,281.54,131.87,False,659.28,275.57,-2.58,5.97
23.5,2873.23,0.3563,650.83,275.25,136.03,False,657.44,274.46,-6.61,0.79
24.0,2901.25,0.3563,650.73,276.09,130.06,False,658.84,275.31,-8.11,0.78
24.5,2871.79,0.3563,651.54,276.24,132.63,False,657.37,274.42,-5.83,1.82
25.0,2895.57,0.3563,656.76,275.77,128.02,False,658.56,275.14,-1.8,0.63
25.5,2909.14,0.3563,661.88,276.91,135.32,False,659.24,275.54,2.64,1.37
26.0,2885.15,0.3563,652.04,274.35,131.6,False,658.04,274.82,-6.0,-0.47
26.5,2892.98,0.3563,645.34,272.23,130.61,False,658.43,275.06,-13.09,-2.83
27.0,2849.59,0.3563,658.23,271.49,131.49,False,656.26,273.76,1.97,-2.27
27.5,2873.97,0.3563,664.94,278.77,134.01,False,657.48,274.49,7.46,4.28
28.0,2928.77,0.3563,661.7,275.21,129.63,False,660.22,276.13,1.48,-0.92
28.5,2920.67,0.3563,654.14,276.41,130.62,False,659.81,275.89,-5.67,0.52
29.0,2898.45,0.3563,658.6,275.87,130.06,False,658.7,275.22,-0.1,0.65
29.5,2919.86,0.3563,651.1,270.93,132.48,False,659.77,275.86,-8.67,-4.93
30.0,2920.31,0.3563,663.35,274.46,127.72,False,659.8,275.88,3.55,-1.42
0.5,2997.68,0.3875,682.8,285.54,135.8,False,682.38,289.43,0.42,-3.89
1.0,2979.1,0.3875,681.22,288.68,139.3,False,681.46,288.87,-0.24,-0.19
1.5,2993.04,0.3875,678.65,289.61,135.46,False,682.15,289.29,-3.5,0.32
2.0,2970.48,0.3875,679.56,289.73,133.97,False,681.02,288.61,-1.46,1.12
2.5,2969.48,0.3875,683.06,282.72,141.22,False,680.97,288.58,2.09,-5.86
3.0,3001.62,0.3875,677.77,285.28,139.52,False,682.58,289.55,-4.81,-4.27
3.5,2965.84,0.3875,683.87,295.97,136.66,False,680.79,288.48,3.08,7.49
4.0,3011.63,0.3875,681.74,288.19,135.01,False,683.08,289.85,-1.34,-1.66
4.5,2935.8,0.3875,685.52,291.92,136.09,False,679.29,287.57,6.23,4.35
5.0,2976.83,0.3875,689.48,284.93,135.36,False,681.34,288.8,8.14,-3.87
5.5,2994.49,0.3875,684.85,284.01,133.83,False,682.22,289.33,2.63,-5.32
6.0,2981.6,0.3875,678.53,285.16,138.37,False,681.58,288.95,-3.05,-3.79
6.5,2955.2,0.3875,673.55,285.46,139.06,False,680.26,288.16,-6.71,-2.7
7.0,2928.57,0.3875,677.16,289.65,139.35,False,678.93,287.36,-1.77,2.29
7.5,2998.45,0.3875,680.2,288.89,137.6,False,682.42,289.45,-2.22,-0.56
8.0,2973.34,0.3875,685.04,288.1,134.14,False,681.17,288.7,3.87,-0.6
8.5,2960.38,0.3875,682.45,288.71,135.76,False,680.52,288.31,1.93,0.4
9.0,2971.8,0.3875,677.83,290.77,138.86,False,681.09,288.65,-3.26,2.12
9.5,2966.53,0.3875,682.61,285.32,134.12,False,680.83,288.5,1.78,-3.18
10.0,2987.7,0.3875,677.09,286.68,131.88,False,681.88,289.13,-4.79,-2.45
10.5,2981.51,0.3875,688.26,290.7,137.03,False,681.58,288.95,6.68,1.75
11.0,2969.69,0.3875,683.32,291.0,131.78,False,680.98,288.59,2.34,2.41
11.5,2977.12,0.3875,678.14,289.77,137.75,False,681.36,288.81,-3.22,0.96
12.0,2957.87,0.3875,686.86,290.89,139.99,False,680.39,288.24,6.47,2.65
12.5,2973.28,0.3875,686.03,293.41,135.01,False,681.16,288.7,4.87,4.71
13.0,2947.26,0.3875,676.73,285.49,136.15,False,679.86,287.92,-3.13,-2.43
13.5,2986.64,0.3875,693.31,288.62,134.57,False,681.83,289.1,11.48,-0.48
14.0,2964.89,0.3875,680.37,293.48,136.63,False,680.74,288.45,-0.37,5.03
14.5,3004.84,0.3875,680.87,287.87,137.5,False,682.74,289.65,-1.87,-1.78
15.0,2960.6,0.3875,685.08,290.49,131.73,False,680.53,288.32,4.55,2.17
15.5,2954.79,0.3875,678.08,287.49,135.74,False,680.24,288.14,-2.16,-0.65
16.0,2955.21,0.3875,682.41,284.24,133.68,False,680.26,288.16,2.15,-3.92
16.5,2976.75,0.3875,681.62,282.11,135.3,False,681.34,288.8,0.28,-6.69
17.0,2944.79,0.3875,681.2,285.61,134.16,False,679.74,287.84,1.46,-2.23
17.5,2981.16,0.3875,680.86,288.94,134.45,False,681.56,288.93,-0.7,0.01
18.0,2973.01,0.3875,677.27,291.95,133.77,False,681.15,288.69,-3.88,3.26
18.5,2980.87,0.3875,685.99,288.63,136.43,False,681.54,288.93,4.45,-0.3
19.0,2942.69,0.3875,685.63,291.01,134.47,False,679.63,287.78,6.0,3.23
19.5,2977.74,0.3875,685.77,291.96,135.42,False,681.39,288.83,4.38,3.13
20.0,2963.76,0.3875,685.52,289.71,137.33,False,680.69,288.41,4.83,1.3
20.5,2948.47,0.3875,683.24,291.06,132.71,False,679.92,287.95,3.32,3.11
21.0,3001.77,0.3875,680.64,292.29,134.78,False,682.59,289.55,-1.95,2.74
21.5,2929.15,0.3875,678.89,289.93,132.0,False,678.96,287.37,-0.07,2.56
22.0,3006.6,0.3875,678.56,293.7,134.55,False,682.83,289.7,-4.27,4.0
22.5,2983.54,0.3875,680.94,283.82,134.73,False,681.68,289.01,-0.74,-5.19
23.0,2961.6,0.3875,676.76,287.62,134.91,False,680.58,288.35,-3.82,-0.73
23.5,2935.93,0.3875,676.31,287.05,136.79,False,679.3,287.58,-2.99,-0.53
24.0,2937.63,0.3875,690.72,284.74,139.23,False,679.38,287.63,11.34,-2.89
24.5,2966.14,0.3875,678.54,285.95,138.12,False,680.81,288.48,-2.27,-2.53
25.0,2982.88,0.3875,681.19,286.18,137.75,False,681.64,288.99,-0.45,-2.81
25.5,2985.75,0.3875,683.12,287.7,137.79,False,681.79,289.07,1.33,-1.37
26.0,2983.1,0.3875,684.04,294.21,135.54,False,681.65,288.99,2.38,5.22
26.5,2970.55,0.3875,680.85,287.76,135.58,False,681.03,288.62,-0.18,-0.86
27.0,2978.05,0.3875,675.39,290.45,134.62,False,681.4,288.84,-6.01,1.61
27.5,3001.75,0.3875,682.31,290.65,133.89,False,682.59,289.55,-0.28,1.1
28.0,2964.47,0.3875,684.48,289.91,130.99,False,680.72,288.43,3.76,1.48
28.5,2948.59,0.3875,678.36,284.39,137.8,False,679.93,287.96,-1.57,-3.57
29.0,2968.8,0.3875,687.18,294.61,138.0,False,680.94,288.56,6.24,6.05
29.5,2948.12,0.3875,681.79,285.76,137.69,False,679.91,287.94,1.88,-2.18
30.0,2939.8,0.3875,681.1,284.97,135.28,False,679.49,287.69,1.61,-2.72
0.5,3022.77,0.4188,698.52,304.09,140.08,False,702.42,301.45,-3.9,2.64
1.0,3073.26,0.4188,699.89,297.89,140.36,False,704.94,302.97,-5.05,-5.08
1.5,3046.23,0.4188,702.29,300.37,144.57,False,703.59,302.15,-1.3,-1.78
2.0,3049.36,0.4188,701.52,304.16,141.26,False,703.75,302.25,-2.23,1.91
2.5,3038.01,0.4188,692.91,303.74,139.15,False,703.18,301.91,-10.27,1.83
3.0,3041.11,0.4188,704.29,303.77,137.69,False,703.34,302.0,0.95,1.77
3.5,3058.84,0.4188,705.71,305.33,138.27,False,704.22,302.53,1.49,2.8
4.0,3044.84,0.4188,712.53,301.56,137.79,False,703.52,302.11,9.01,-0.55
4.5,3041.28,0.4188,703.46,302.37,143.2,False,703.34,302.01,0.12,0.36
5.0,3049.03,0.4188,705.47,302.47,138.99,False,703.73,302.24,1.74,0.23
5.5,3036.03,0.4188,714.41,305.72,138.64,False,703.08,301.85,11.33,3.87
6.0,3070.85,0.4188,700.99,305.03,143.33,False,704.82,302.89,-3.83,2.14
6.5,3059.57,0.4188,692.7,303.31,141.55,False,704.26,302.56,-11.56,0.75
7.0,3025.57,0.4188,706.73,307.62,141.04,False,702.56,301.54,4.17,6.08
7.5,3053.76,0.4188,709.63,304.97,141.96,False,703.97,302.38,5.66,2.59
8.0,3044.18,0.4188,702.25,303.38,140.28,False,703.49,302.09,-1.24,1.29
8.5,3035.27,0.4188,699.78,300.5,142.07,False,703.04,301.83,-3.26,-1.33
9.0,3032.94,0.4188,706.76,302.46,143.35,False,702.93,301.76,3.83,0.7
9.5,3061.98,0.4188,703.2,297.96,139.33,False,704.38,302.63,-1.18,-4.67
10.0,3019.97,0.4188,700.07,302.36,140.72,False,702.28,301.37,-2.21,0.99
10.5,3058.0,0.4188,707.58,306.45,139.42,False,704.18,302.51,3.4,3.94
11.0,3051.38,0.4188,703.28,305.66,143.36,False,703.85,302.31,-0.57,3.35
11.5,3037.11,0.4188,696.9,303.52,145.29,False,703.14,301.88,-6.24,1.64
12.0,3079.24,0.4188,702.01,304.19,142.76,False,705.24,303.15,-3.23,1.04
12.5,3060.41,0.4188,713.27,303.11,140.62,False,704.3,302.58,8.97,0.53
13.0,3069.46,0.4188,708.38,297.28,140.61,False,704.75,302.85,3.63,-5.57
13.5,3056.05,0.4188,707.32,300.84,140.48,False,704.08,302.45,3.24,-1.61
14.0,3039.58,0.4188,705.04,297.05,141.83,False,703.26,301.96,1.78,-4.91
14.5,3062.72,0.4188,703.13,299.08,140.99,False,704.42,302.65,-1.29,-3.57
15.0,3043.03,0.4188,708.98,303.76,137.25,False,703.43,302.06,5.55,1.7
15.5,3042.97,0.4188,704.75,303.59,141.3,False,703.43,302.06,1.32,1.53
16.0,3073.07,0.4188,719.19,303.3,140.2,False,704.93,302.96,14.26,0.34
16.5,3043.74,0.4188,702.54,300.68,137.86,False,703.47,302.08,-0.93,-1.4
17.0,3074.82,0.4188,704.8,300.62,142.52,False,705.02,303.01,-0.22,-2.39
17.5,3040.44,0.4188,701.16,300.62,139.04,False,703.3,301.98,-2.14,-1.36
18.0,3051.54,0.4188,710.81,299.14,139.99,False,703.86,302.31,6.95,-3.17
18.5,3025.86,0.4188,694.86,300.69,141.72,False,702.57,301.54,-7.71,-0.85
19.0,3056.51,0.4188,709.39,302.45,139.08,False,704.11,302.46,5.28,-0.01
19.5,3026.99,0.4188,702.08,301.76,139.31,False,702.63,301.58,-0.55,0.18
20.0,3028.29,0.4188,701.39,301.3,140.62,False,702.69,301.62,-1.3,-0.32
20.5,3042.83,0.4188,702.5,303.41,140.9,False,703.42,302.05,-0.92,1.36
21.0,3051.9,0.4188,710.15,300.09,144.46,False,703.88,302.32,6.27,-2.24
21.5,3070.35,0.4188,701.2,299.84,138.76,False,704.8,302.88,-3.6,-3.04
22.0,3045.8,0.4188,710.61,303.23,144.92,False,703.57,302.14,7.04,1.09
22.5,3057.83,0.4188,697.34,304.77,138.3,False,704.17,302.5,-6.83,2.27
23.0,3061.55,0.4188,701.54,302.73,138.78,False,704.36,302.61,-2.82,0.12
23.5,3018.67,0.4188,708.72,304.69,144.23,False,702.21,301.33,6.51,3.36
24.0,3058.94,0.4188,699.6,301.14,141.75,False,704.23,302.54,-4.63,-1.4
24.5,3053.86,0.4188,691.77,299.03,138.68,False,703.97,302.38,-12.2,-3.35
25.0,3044.9,0.4188,701.41,300.69,142.64,False,703.52,302.12,-2.12,-1.43
25.5,3051.64,0.4188,703.43,301.23,141.98,False,703.86,302.32,-0.43,-1.09
26.0,3071.3,0.4188,700.43,307.47,138.0,False,704.85,302.91,-4.42,4.56
26.5,3055.35,0.4188,706.88,304.92,138.77,False,704.05,302.43,2.83,2.49
27.0,3021.89,0.4188,700.53,301.1,137.97,False,702.37,301.42,-1.84,-0.32
27.5,3049.34,0.4188,697.83,305.37,139.29,False,703.75,302.25,-5.92,3.12
28.0,3093.11,0.4188,703.21,304.0,137.23,False,705.94,303.56,-2.73,0.44
28.5,3080.56,0.4188,701.03,307.69,140.96,False,705.31,303.18,-4.28,4.51
29.0,3067.38,0.4188,706.84,306.67,141.97,False,704.65,302.79,2.19,3.88
29.5,3067.99,0.4188,711.44,302.47,137.83,False,704.68,302.81,6.76,-0.34
30.0,3063.82,0.4188,704.34,298.97,136.63,False,704.47,302.68,-0.13,-3.71
0.5,3136.63,0.45,725.42,315.68,147.75,False,726.83,316.1,-1.41,-0.42
1.0,3126.14,0.45,724.12,316.23,145.14,False,726.31,315.78,-2.19,0.45
1.5,3160.44,0.45,730.41,312.59,149.47,False,728.02,316.81,2.39,-4.22
2.0,3122.31,0.45,727.55,316.2,146.13,False,726.12,315.67,1.43,0.53
2.5,3151.74,0.45,728.36,321.72,147.27,False,727.59,316.55,0.77,5.17
3.0,3122.86,0.45,731.31,317.04,144.05,False,726.14,315.69,5.17,1.35
3.5,3102.05,0.45,733.42,320.79,145.76,False,725.1,315.06,8.32,5.73
4.0,3098.23,0.45,724.23,318.13,141.11,False,724.91,314.95,-0.68,3.18
4.5,3082.67,0.45,724.63,317.26,144.81,False,724.13,314.48,0.5,2.78
5.0,3119.85,0.45,730.11,315.36,144.18,False,725.99,315.6,4.12,-0.24
5.5,3093.45,0.45,722.86,309.84,148.21,False,724.67,314.8,-1.81,-4.96
6.0,3135.08,0.45,723.76,314.15,143.81,False,726.75,316.05,-2.99,-1.9
6.5,3144.94,0.45,724.18,315.4,147.21,False,727.25,316.35,-3.07,-0.95
7.0,3097.08,0.45,724.15,311.99,147.07,False,724.85,314.91,-0.7,-2.92
7.5,3107.56,0.45,733.17,315.6,144.12,False,725.38,315.23,7.79,0.37
8.0,3135.91,0.45,730.08,313.86,144.23,False,726.8,316.08,3.28,-2.22
8.5,3144.71,0.45,733.75,320.71,149.14,False,727.24,316.34,6.51,4.37
9.0,3112.03,0.45,724.59,316.6,144.96,False,725.6,315.36,-1.01,1.24
9.5,3118.13,0.45,720.79,314.22,148.63,False,725.91,315.54,-5.12,-1.32
10.0,3141.16,0.45,732.74,321.11,147.22,False,727.06,316.23,5.68,4.88
10.5,3120.71,0.45,727.65,312.0,145.13,False,726.04,315.62,1.61,-3.62
11.0,3141.83,0.45,722.78,314.15,145.92,False,727.09,316.25,-4.31,-2.1
11.5,3115.28,0.45,726.79,312.42,147.6,False,725.76,315.46,1.03,-3.04
12.0,3093.31,0.45,718.7,314.25,147.05,False,724.67,314.8,-5.97,-0.55
12.5,3145.91,0.45,729.62,316.15,144.27,False,727.3,316.38,2.32,-0.23
13.0,3151.6,0.45,720.41,319.64,143.69,False,727.58,316.55,-7.17,3.09
13.5,3113.9,0.45,723.61,314.43,145.93,False,725.7,315.42,-2.09,-0.99
14.0,3153.45,0.45,729.06,316.01,146.87,False,727.67,316.6,1.39,-0.59
14.5,3120.31,0.45,719.41,315.85,147.34,False,726.02,315.61,-6.61,0.24
15.0,3117.85,0.45,736.78,321.12,144.04,False,725.89,315.54,10.89,5.58
15.5,3138.5,0.45,728.2,315.41,144.99,False,726.92,316.15,1.28,-0.74
16.0,3149.64,0.45,730.6,313.9,147.28,False,727.48,316.49,3.12,-2.59
16.5,3115.59,0.45,730.45,318.25,143.65,False,725.78,315.47,4.67,2.78
17.0,3140.37,0.45,731.05,314.94,147.36,False,727.02,316.21,4.03,-1.27
17.5,3115.42,0.45,717.73,314.02,145.99,False,725.77,315.46,-8.04,-1.44
18.0,3140.1,0.45,720.21,316.82,143.32,False,727.0,316.2,-6.79,0.62
18.5,3111.14,0.45,728.85,314.37,148.15,False,725.56,315.33,3.29,-0.96
19.0,3154.91,0.45,724.05,311.01,140.82,False,727.75,316.65,-3.7,-5.64
19.5,3128.3,0.45,721.65,314.41,143.08,False,726.41,315.85,-4.76,-1.44
20.0,3154.29,0.45,731.71,311.46,145.54,False,727.71,316.63,4.0,-5.17
20.5,3151.08,0.45,730.62,315.86,144.51,False,727.55,316.53,3.07,-0.67
21.0,3170.12,0.45,736.65,316.73,148.33,False,728.51,317.1,8.14,-0.37
21.5,3121.03,0.45,734.05,319.31,145.32,False,726.05,315.63,8.0,3.68
22.0,3110.52,0.45,718.23,318.04,144.02,False,725.53,315.32,-7.3,2.72
22.5,3115.08,0.45,722.21,318.66,145.61,False,725.75,315.45,-3.54,3.21
23.0,3122.31,0.45,735.98,317.08,147.82,False,726.12,315.67,9.86,1.41
23.5,3132.41,0.45,727.85,315.45,146.68,False,726.62,315.97,1.23,-0.52
24.0,3110.51,0.45,722.75,321.62,144.36,False,725.53,315.32,-2.78,6.3
24.5,3098.53,0.45,721.03,314.08,146.48,False,724.93,314.96,-3.9,-0.88
25.0,3108.28,0.45,727.71,319.62,142.17,False,725.41,315.25,2.3,4.37
25.5,3115.97,0.45,728.38,309.03,146.32,False,725.8,315.48,2.58,-6.45
26.0,3103.78,0.45,724.0,321.39,146.41,False,725.19,315.11,-1.19,6.28
26.5,3134.58,0.45,722.61,321.19,146.01,False,726.73,316.04,-4.12,5.15
27.0,3136.24,0.45,732.04,321.38,144.8,False,726.81,316.09,5.23,5.29
27.5,3114.52,0.45,725.56,314.94,147.59,False,725.73,315.44,-0.17,-0.5
28.0,3110.4,0.45,716.64,316.8,145.7,False,725.52,315.31,-8.88,1.49
28.5,3082.97,0.45,725.4,315.56,145.86,False,724.15,314.49,1.25,1.07
29.0,3132.43,0.45,729.62,310.53,145.52,False,726.62,315.97,3.0,-5.44
29.5,3153.25,0.45,725.72,317.92,146.07,False,727.66,316.6,-1.94,1.32
30.0,3115.95,0.45,726.1,313.95,144.39,False,725.8,315.48,0.3,-1.53
0.5,3222.8,0.4813,747.71,330.36,149.69,False,749.92,329.95,-2.21,0.41
1.0,3186.35,0.4813,750.92,327.11,148.72,False,748.1,328.86,2.82,-1.75
1.5,3206.13,0.4813,742.31,330.2,151.61,False,749.09,329.45,-6.78,0.75
2.0,3264.13,0.4813,756.56,328.0,147.97,False,751.99,331.19,4.57,-3.19
2.5,3209.32,0.4813,748.48,329.7,145.56,False,749.25,329.55,-0.77,0.15
3.0,3190.63,0.4813,745.32,326.34,151.48,False,748.31,328.99,-2.99,-2.65
3.5,3199.46,0.4813,747.79,332.32,149.65,False,748.75,329.25,-0.96,3.07
4.0,3191.2,0.4813,758.85,329.17,149.28,False,748.34,329.0,10.51,0.17
4.5,3201.17,0.4813,750.4,336.43,149.96,False,748.84,329.3,1.56,7.13
5.0,3186.41,0.4813,752.03,323.34,152.3,False,748.1,328.86,3.93,-5.52
5.5,3195.38,0.4813,743.89,328.37,148.54,False,748.55,329.13,-4.66,-0.76
6.0,3198.94,0.4813,747.37,330.24,147.26,False,748.73,329.24,-1.36,1.0
6.5,3178.6,0.4813,747.89,329.48,151.14,False,747.71,328.63,0.18,0.85
7.0,3188.37,0.4813,747.97,329.63,148.16,False,748.2,328.92,-0.23,0.71
7.5,3191.04,0.4813,747.84,328.37,149.29,False,748.33,329.0,-0.49,-0.63
8.0,3211.96,0.4813,752.31,327.63,147.58,False,749.38,329.63,2.93,-2.0
8.5,3214.4,0.4813,747.4,325.69,152.17,False,749.5,329.7,-2.1,-4.01
9.0,3214.22,0.4813,751.7,320.67,148.86,False,749.49,329.69,2.21,-9.02
9.5,3199.7,0.4813,750.05,325.57,148.67,False,748.76,329.26,1.28,-3.69
10.0,3179.95,0.4813,742.74,328.16,148.26,False,747.78,328.67,-5.04,-0.51
10.5,3197.44,0.4813,751.39,326.71,148.76,False,748.65,329.19,2.74,-2.48
11.0,3174.08,0.4813,742.72,326.58,148.15,False,747.48,328.49,-4.76,-1.91
11.5,3201.26,0.4813,746.32,326.2,148.25,False,748.84,329.31,-2.52,-3.11
12.0,3186.74,0.4813,749.96,328.14,149.32,False,748.12,328.87,1.84,-0.73
12.5,3218.49,0.4813,743.34,328.94,153.3,False,749.7,329.82,-6.36,-0.88
13.0,3189.3,0.4813,746.62,330.81,150.5,False,748.25,328.95,-1.62,1.86
13.5,3190.29,0.4813,746.67,334.9,147.7,False,748.29,328.98,-1.62,5.92
14.0,3195.33,0.4813,750.94,332.67,148.69,False,748.55,329.13,2.39,3.54
14.5,3177.95,0.4813,747.57,333.94,147.78,False,747.68,328.61,-0.11,5.33
15.0,3185.45,0.4813,753.81,333.0,149.38,False,748.05,328.83,5.76,4.17
15.5,3215.38,0.4813,748.53,332.25,152.52,False,749.55,329.73,-1.02,2.52
16.0,3219.8,0.4813,751.58,332.51,152.32,False,749.77,329.86,1.81,2.65
16.5,3205.0,0.4813,751.5,333.88,146.7,False,749.03,329.42,2.47,4.46
17.0,3215.31,0.4813,750.71,329.07,151.21,False,749.55,329.73,1.16,-0.66
17.5,3239.32,0.4813,748.04,331.24,153.18,False,750.75,330.45,-2.71,0.79
18.0,3208.87,0.4813,745.73,331.8,150.62,False,749.22,329.53,-3.49,2.27
18.5,3189.55,0.4813,746.38,325.78,145.83,False,748.26,328.95,-1.88,-3.17
19.0,3180.65,0.4813,747.67,328.59,152.63,False,747.81,328.69,-0.14,-0.1
19.5,3189.53,0.4813,758.25,331.08,148.26,False,748.26,328.95,9.99,2.13
20.0,3211.01,0.4813,748.94,329.82,148.41,False,749.33,329.6,-0.39,0.22
20.5,3184.11,0.4813,737.94,329.44,150.11,False,747.99,328.79,-10.05,0.65
21.0,3183.4,0.4813,752.21,329.28,151.23,False,747.95,328.77,4.26,0.51
21.5,3194.44,0.4813,756.61,333.41,152.66,False,748.5,329.1,8.11,4.31
22.0,3222.65,0.4813,757.91,328.85,151.13,False,749.91,329.95,8.0,-1.1
22.5,3172.9,0.4813,742.15,323.82,153.25,False,747.42,328.45,-5.27,-4.63
23.0,3177.8,0.4813,748.41,334.4,149.94,False,747.67,328.6,0.74,5.8
23.5,3202.74,0.4813,741.53,332.42,150.15,False,748.92,329.35,-7.39,3.07
24.0,3192.88,0.4813,752.12,333.91,149.72,False,748.42,329.05,3.7,4.86
24.5,3171.0,0.4813,750.74,330.86,151.41,False,747.33,328.4,3.41,2.46
25.0,3189.95,0.4813,753.33,327.89,151.0,False,748.28,328.97,5.05,-1.08
25.5,3231.22,0.4813,749.67,328.71,145.34,False,750.34,330.2,-0.67,-1.49
26.0,3198.28,0.4813,740.93,325.56,150.88,False,748.69,329.22,-7.76,-3.66
26.5,3206.73,0.4813,740.39,332.4,148.63,False,749.12,329.47,-8.73,2.93
27.0,3156.85,0.4813,745.63,332.01,150.81,False,746.62,327.97,-0.99,4.04
27.5,3189.12,0.4813,744.5,328.99,148.85,False,748.24,328.94,-3.74,0.05
28.0,3204.14,0.4813,748.49,330.32,150.18,False,748.99,329.39,-0.5,0.93
28.5,3176.24,0.4813,751.12,327.07,148.79,False,747.59,328.56,3.53,-1.49
29.0,3218.17,0.4813,745.19,323.97,146.95,False,749.69,329.81,-4.5,-5.84
29.5,3237.55,0.4813,739.78,332.36,151.41,False,750.66,330.39,-10.88,1.97
30.0,3174.63,0.4813,755.9,329.67,150.61,False,747.51,328.51,8.39,1.16
0.5,3264.24,0.5125,770.49,349.52,151.58,False,770.71,342.43,-0.22,7.09
1.0,3285.17,0.5125,762.56,340.94,153.27,False,771.76,343.06,-9.2,-2.12
1.5,3273.59,0.5125,764.7,340.23,154.12,False,771.18,342.71,-6.48,-2.48
2.0,3300.56,0.5125,772.74,343.04,156.46,False,772.53,343.52,0.21,-0.48
2.5,3252.0,0.5125,766.73,344.72,151.0,False,770.1,342.06,-3.37,2.66
3.0,3240.86,0.5125,772.2,344.48,151.21,False,769.54,341.73,2.66,2.75
3.5,3286.68,0.5125,767.63,343.06,155.19,False,771.83,343.1,-4.2,-0.04
4.0,3247.26,0.5125,763.33,345.64,151.06,False,769.86,341.92,-6.53,3.72
4.5,3267.91,0.5125,771.98,339.11,154.09,False,770.9,342.54,1.08,-3.43
5.0,3257.41,0.5125,763.57,339.23,160.42,False,770.37,342.22,-6.8,-2.99
5.5,3312.04,0.5125,771.64,341.76,153.96,False,773.1,343.86,-1.46,-2.1
6.0,3293.75,0.5125,781.66,346.87,151.76,False,772.19,343.31,9.47,3.56
6.5,3308.64,0.5125,768.51,340.67,153.69,False,772.93,343.76,-4.42,-3.09
7.0,3278.59,0.5125,778.07,341.87,155.02,False,771.43,342.86,6.64,-0.99
7.5,3278.79,0.5125,770.67,346.66,157.1,False,771.44,342.86,-0.77,3.8
8.0,3312.46,0.5125,767.48,343.21,153.26,False,773.12,343.87,-5.64,-0.66
8.5,3266.27,0.5125,762.93,343.36,155.84,False,770.81,342.49,-7.88,0.87
9.0,3243.51,0.5125,783.98,346.24,153.64,False,769.68,341.81,14.3,4.43
9.5,3280.98,0.5125,779.49,345.97,153.5,False,771.55,342.93,7.94,3.04
10.0,3298.9,0.5125,772.13,342.21,152.95,False,772.45,343.47,-0.32,-1.26
10.5,3297.81,0.5125,777.44,343.31,154.65,False,772.39,343.43,5.05,-0.12
11.0,3263.94,0.5125,768.32,348.01,154.06,False,770.7,342.42,-2.38,5.59
11.5,3283.55,0.5125,769.14,347.7,155.57,False,771.68,343.01,-2.54,4.69
12.0,3276.92,0.5125,771.83,349.44,155.27,False,771.35,342.81,0.48,6.63
12.5,3269.88,0.5125,776.08,342.16,150.72,False,770.99,342.6,5.09,-0.44
13.0,3263.78,0.5125,770.04,341.4,155.74,False,770.69,342.41,-0.65,-1.01
13.5,3263.24,0.5125,769.29,347.08,154.19,False,770.66,342.4,-1.37,4.68
14.0,3255.27,0.5125,766.2,338.78,154.06,False,770.26,342.16,-4.06,-3.38
14.5,3289.11,0.5125,768.96,339.31,156.17,False,771.96,343.17,-3.0,-3.86
15.0,3268.28,0.5125,774.74,340.05,152.39,False,770.91,342.55,3.83,-2.5
15.5,3299.53,0.5125,770.64,341.95,153.67,False,772.48,343.49,-1.84,-1.54
16.0,3290.74,0.5125,772.61,342.78,152.3,False,772.04,343.22,0.57,-0.44
16.5,3293.6,0.5125,773.89,339.1,155.5,False,772.18,343.31,1.71,-4.21
17.0,3292.71,0.5125,771.12,342.59,154.48,False,772.14,343.28,-1.02,-0.69
17.5,3276.42,0.5125,764.54,343.36,154.3,False,771.32,342.79,-6.78,0.57
18.0,3303.02,0.5125,771.02,341.04,151.25,False,772.65,343.59,-1.63,-2.55
18.5,3285.13,0.5125,779.29,345.95,151.87,False,771.76,343.05,7.53,2.9
19.0,3277.22,0.5125,779.43,344.15,154.79,False,771.36,342.82,8.07,1.33
19.5,3292.64,0.5125,772.15,338.05,157.89,False,772.13,343.28,0.02,-5.23
20.0,3277.41,0.5125,772.69,347.81,150.45,False,771.37,342.82,1.32,4.99
20.5,3299.16,0.5125,767.48,342.5,153.07,False,772.46,343.47,-4.98,-0.97
21.0,3256.08,0.5125,768.39,344.26,152.27,False,770.3,342.18,-1.91,2.08
21.5,3306.91,0.5125,764.67,341.72,153.96,False,772.85,343.71,-8.18,-1.99
22.0,3291.14,0.5125,772.66,343.09,155.72,False,772.06,343.23,0.6,-0.14
22.5,3272.18,0.5125,784.65,342.17,156.0,False,771.11,342.67,13.54,-0.5
23.0,3304.83,0.5125,767.77,340.32,155.75,False,772.74,343.64,-4.97,-3.32
23.5,3268.32,0.5125,770.39,341.19,155.6,False,770.92,342.55,-0.53,-1.36
24.0,3284.96,0.5125,778.71,337.61,153.01,False,771.75,343.05,6.96,-5.44
24.5,3290.89,0.5125,769.73,345.63,151.53,False,772.04,343.23,-2.31,2.4
25.0,3281.0,0.5125,768.29,340.95,153.89,False,771.55,342.93,-3.26,-1.98
25.5,3259.26,0.5125,770.21,342.0,154.22,False,770.46,342.28,-0.25,-0.28
26.0,3281.24,0.5125,760.26,346.97,159.87,False,771.56,342.94,-11.3,4.03
26.5,3259.78,0.5125,773.13,345.21,153.35,False,770.49,342.29,2.64,2.92
27.0,3293.83,0.5125,775.15,338.37,152.0,False,772.19,343.31,2.96,-4.94
27.5,3303.76,0.5125,767.3,346.48,155.15,False,772.69,343.61,-5.39,2.87
28.0,3301.97,0.5125,768.68,347.11,153.28,False,772.6,343.56,-3.92,3.55
28.5,3286.56,0.5125,771.11,346.12,155.65,False,771.83,343.1,-0.72,3.02
29.0,3282.61,0.5125,765.99,341.8,156.0,False,771.63,342.98,-5.64,-1.18
29.5,3297.53,0.5125,776.32,345.25,151.27,False,772.38,343.43,3.94,1.82
30.0,3262.96,0.5125,765.75,339.47,157.05,False,770.65,342.39,-4.9,-2.92
0.5,3351.94,0.5437,791.27,358.6,155.74,False,793.82,356.29,-2.55,2.31
1.0,3339.7,0.5437,791.25,352.52,157.62,False,793.21,355.92,-1.96,-3.4
1.5,3378.62,0.5437,792.7,356.17,159.04,False,795.15,357.09,-2.45,-0.92
2.0,3379.74,0.5437,794.41,353.49,159.91,False,795.21,357.12,-0.8,-3.63
2.5,3379.08,0.5437,791.82,353.31,160.05,False,795.17,357.1,-3.35,-3.79
3.0,3361.57,0.5437,795.76,359.28,159.37,False,794.3,356.58,1.46,2.7
3.5,3350.91,0.5437,796.48,358.44,156.89,False,793.77,356.26,2.71,2.18
4.0,3369.95,0.5437,795.69,355.37,162.23,False,794.72,356.83,0.97,-1.46
4.5,3343.05,0.5437,800.34,357.93,156.18,False,793.37,356.02,6.97,1.91
5.0,3339.58,0.5437,793.31,358.85,159.49,False,793.2,355.92,0.11,2.93
5.5,3351.86,0.5437,795.6,353.12,158.49,False,793.81,356.29,1.79,-3.17
6.0,3345.32,0.5437,801.72,354.19,159.72,False,793.49,356.09,8.23,-1.9
6.5,3355.31,0.5437,793.46,360.95,161.63,False,793.99,356.39,-0.53,4.56
7.0,3339.64,0.5437,795.85,354.08,158.94,False,793.2,355.92,2.65,-1.84
7.5,3372.34,0.5437,789.58,356.98,159.36,False,794.84,356.9,-5.26,0.08
8.0,3336.15,0.5437,791.43,352.09,159.89,False,793.03,355.82,-1.6,-3.73
8.5,3395.39,0.5437,787.68,354.39,156.93,False,795.99,357.59,-8.31,-3.2
9.0,3325.56,0.5437,794.65,354.8,158.76,False,792.5,355.5,2.15,-0.7
9.5,3371.26,0.5437,790.1,360.23,161.03,False,794.78,356.87,-4.68,3.36
10.0,3375.63,0.5437,794.27,360.25,156.69,False,795.0,357.0,-0.73,3.25
10.5,3372.66,0.5437,803.48,355.54,155.88,False,794.85,356.91,8.63,-1.37
11.0,3360.92,0.5437,794.83,357.26,160.93,False,794.27,356.56,0.56,0.7
11.5,3377.04,0.5437,797.87,355.84,159.37,False,795.07,357.04,2.8,-1.2
12.0,3359.56,0.5437,795.1,357.39,156.96,False,794.2,356.52,0.9,0.87
12.5,3343.46,0.5437,797.66,356.76,158.1,False,793.39,356.04,4.27,0.72
13.0,3325.65,0.5437,795.3,355.24,161.32,False,792.5,355.5,2.8,-0.26
13.5,3343.92,0.5437,790.51,352.94,158.23,False,793.42,356.05,-2.91,-3.11
14.0,3338.95,0.5437,800.88,353.96,157.71,False,793.17,355.9,7.71,-1.94
14.5,3365.51,0.5437,790.8,355.56,156.34,False,794.5,356.7,-3.7,-1.14
15.0,3370.26,0.5437,796.92,357.96,156.95,False,794.73,356.84,2.19,1.12
15.5,3358.45,0.5437,794.86,356.0,158.72,False,794.14,356.49,0.72,-0.49
16.0,3339.02,0.5437,794.62,361.32,160.85,False,793.17,355.9,1.45,5.42
16.5,3363.96,0.5437,793.22,356.28,162.64,False,794.42,356.65,-1.2,-0.37
17.0,3346.73,0.5437,795.65,355.08,157.88,False,793.56,356.13,2.09,-1.05
17.5,3333.64,0.5437,799.76,359.39,158.54,False,792.9,355.74,6.86,3.65
18.0,3362.17,0.5437,790.06,357.23,155.61,False,794.33,356.6,-4.27,0.63
18.5,3328.13,0.5437,800.86,356.52,154.36,False,792.63,355.58,8.23,0.94
19.0,3341.31,0.5437,796.18,353.4,159.18,False,793.29,355.97,2.89,-2.57
19.5,3380.6,0.5437,790.49,362.42,160.28,False,795.25,357.15,-4.76,5.27
20.0,3399.74,0.5437,802.59,359.12,159.92,False,796.21,357.72,6.38,1.4
20.5,3336.5,0.5437,795.88,362.13,156.12,False,793.05,355.83,2.83,6.3
21.0,3380.18,0.5437,786.06,359.68,164.4,False,795.23,357.14,-9.17,2.54
21.5,3340.0,0.5437,793.16,354.43,159.59,False,793.22,355.93,-0.06,-1.5
22.0,3385.96,0.5437,800.2,356.5,157.35,False,795.52,357.31,4.68,-0.81
22.5,3379.34,0.5437,794.65,354.87,161.28,False,795.19,357.11,-0.54,-2.24
23.0,3357.36,0.5437,802.16,353.2,161.18,False,794.09,356.45,8.07,-3.25
23.5,3366.47,0.5437,794.58,357.15,158.71,False,794.54,356.73,0.04,0.42
24.0,3371.79,0.5437,793.41,359.9,158.67,False,794.81,356.89,-1.4,3.01
24.5,3357.64,0.5437,800.4,353.94,160.07,False,794.1,356.46,6.3,-2.52
25.0,3379.29,0.5437,793.82,358.25,159.39,False,795.18,357.11,-1.36,1.14
25.5,3335.35,0.5437,796.69,356.83,159.26,False,792.99,355.79,3.7,1.04
26.0,3349.35,0.5437,787.06,354.56,160.94,False,793.69,356.21,-6.63,-1.65
26.5,3356.3,0.5437,803.45,357.0,159.11,False,794.04,356.42,9.41,0.58
27.0,3345.97,0.5437,794.94,360.88,157.41,False,793.52,356.11,1.42,4.77
27.5,3359.03,0.5437,788.16,360.3,155.28,False,794.17,356.5,-6.01,3.8
28.0,3369.96,0.5437,796.74,354.4,158.47,False,794.72,356.83,2.02,-2.43
28.5,3396.53,0.5437,800.75,357.11,159.84,False,796.05,357.63,4.7,-0.52
29.0,3389.68,0.5437,791.57,355.86,157.36,False,795.7,357.42,-4.13,-1.56
29.5,3365.74,0.5437,802.0,359.45,159.69,False,794.51,356.7,7.49,2.75
30.0,3379.34,0.5437,790.99,356.43,157.84,False,795.19,357.11,-4.2,-0.68
0.5,3443.76,0.575,815.12,370.59,162.51,False,817.19,370.31,-2.07,0.28
1.0,3419.89,0.575,817.4,367.67,163.92,False,815.99,369.6,1.41,-1.93
1.5,3450.94,0.575,818.56,369.4,160.5,False,817.55,370.53,1.01,-1.13
2.0,3418.85,0.575,816.43,373.02,160.77,False,815.94,369.57,0.49,3.45
2.5,3441.81,0.575,814.68,375.07,162.33,False,817.09,370.25,-2.41,4.82
3.0,3456.67,0.575,823.42,369.16,164.65,False,817.83,370.7,5.59,-1.54
3.5,3427.11,0.575,817.04,368.42,161.93,False,816.36,369.81,0.68,-1.39
4.0,3454.62,0.575,818.01,376.15,161.55,False,817.73,370.64,0.28,5.51
4.5,3425.41,0.575,818.09,370.36,160.65,False,816.27,369.76,1.82,0.6
5.0,3449.7,0.575,814.55,375.61,163.94,False,817.49,370.49,-2.94,5.12
5.5,3412.45,0.575,806.22,373.29,162.74,False,815.62,369.37,-9.4,3.92
6.0,3413.65,0.575,815.8,372.58,165.96,False,815.68,369.41,0.12,3.17
6.5,3473.77,0.575,811.8,366.48,163.43,False,818.69,371.21,-6.89,-4.73
7.0,3442.42,0.575,819.14,367.98,164.1,False,817.12,370.27,2.02,-2.29
7.5,3432.06,0.575,811.68,365.89,163.66,False,816.6,369.96,-4.92,-4.07
8.0,3445.38,0.575,811.83,371.27,161.72,False,817.27,370.36,-5.44,0.91
8.5,3412.8,0.575,816.31,367.95,166.02,False,815.64,369.38,0.67,-1.43
9.0,3434.5,0.575,812.72,368.32,165.58,False,816.73,370.03,-4.0,-1.71
9.5,3418.36,0.575,814.17,370.46,163.29,False,815.92,369.55,-1.75,0.91
10.0,3447.39,0.575,821.27,373.57,162.03,False,817.37,370.42,3.9,3.15
10.5,3419.18,0.575,816.56,366.22,162.02,False,815.96,369.58,0.6,-3.36
11.0,3450.23,0.575,811.11,370.22,167.82,False,817.51,370.51,-6.4,-0.29
11.5,3463.27,0.575,819.13,375.45,163.25,False,818.16,370.9,0.97,4.55
12.0,3456.52,0.575,818.82,373.09,165.01,False,817.83,370.7,0.99,2.39
12.5,3434.78,0.575,810.29,373.19,162.89,False,816.74,370.04,-6.45,3.15
13.0,3433.31,0.575,819.95,372.81,167.12,False,816.67,370.0,3.28,2.81
13.5,3448.82,0.575,819.86,365.18,162.01,False,817.44,370.46,2.42,-5.28
14.0,3445.61,0.575,823.03,374.98,159.87,False,817.28,370.37,5.75,4.61
14.5,3434.13,0.575,818.45,367.34,165.11,False,816.71,370.02,1.74,-2.68
15.0,3477.84,0.575,811.38,367.83,163.23,False,818.89,371.34,-7.51,-3.51
15.5,3435.3,0.575,816.1,365.54,160.89,False,816.76,370.06,-0.66,-4.52
16.0,3442.23,0.575,821.44,374.41,164.66,False,817.11,370.27,4.33,4.14
16.5,3417.19,0.575,820.38,366.94,165.03,False,815.86,369.52,4.52,-2.58
17.0,3429.71,0.575,815.17,368.56,166.23,False,816.49,369.89,-1.32,-1.33
17.5,3426.18,0.575,815.13,372.05,162.11,False,816.31,369.79,-1.18,2.26
18.0,3446.29,0.575,820.29,373.73,162.89,False,817.31,370.39,2.98,3.34
18.5,3428.69,0.575,824.33,369.97,161.46,False,816.43,369.86,7.9,0.11
19.0,3451.74,0.575,822.41,367.44,166.31,False,817.59,370.55,4.82,-3.11
19.5,3425.28,0.575,822.22,366.04,166.28,False,816.26,369.76,5.96,-3.72
20.0,3428.51,0.575,818.76,364.64,164.48,False,816.43,369.86,2.33,-5.22
20.5,3405.91,0.575,830.07,369.89,161.77,False,815.3,369.18,14.77,0.71
21.0,3460.92,0.575,816.74,363.61,161.64,False,818.05,370.83,-1.31,-7.22
21.5,3452.89,0.575,813.71,367.93,163.33,False,817.64,370.59,-3.93,-2.66
22.0,3452.09,0.575,817.68,367.58,162.24,False,817.6,370.56,0.08,-2.98
22.5,3455.71,0.575,810.93,367.31,160.58,False,817.79,370.67,-6.86,-3.36
23.0,3412.21,0.575,814.47,369.1,163.59,False,815.61,369.37,-1.14,-0.27
23.5,3443.67,0.575,816.14,370.72,162.18,False,817.18,370.31,-1.04,0.41
24.0,3391.98,0.575,824.73,373.04,160.94,False,814.6,368.76,10.13,4.28
24.5,3456.69,0.575,823.4,373.25,164.14,False,817.83,370.7,5.57,2.55
25.0,3452.96,0.575,812.91,368.67,161.47,False,817.65,370.59,-4.74,-1.92
25.5,3447.73,0.575,809.89,371.31,166.44,False,817.39,370.43,-7.5,0.88
26.0,3462.68,0.575,830.49,368.03,163.22,False,818.13,370.88,12.36,-2.85
26.5,3434.4,0.575,821.37,373.74,164.82,False,816.72,370.03,4.65,3.71
27.0,3405.08,0.575,820.73,369.04,162.08,False,815.25,369.15,5.48,-0.11
27.5,3439.79,0.575,818.06,367.8,161.56,False,816.99,370.19,1.07,-2.39
28.0,3416.83,0.575,821.62,369.7,165.26,False,815.84,369.5,5.78,0.2
28.5,3416.75,0.575,825.88,369.29,165.13,False,815.84,369.5,10.04,-0.21
29.0,3445.77,0.575,807.66,368.45,162.88,False,817.29,370.37,-9.63,-1.92
29.5,3453.79,0.575,807.75,367.93,163.0,False,817.69,370.61,-9.94,-2.68
30.0,3422.32,0.575,816.52,372.19,161.77,False,816.12,369.67,0.4,2.52
0.5,3548.05,0.6062,841.31,386.63,169.38,False,841.12,384.67,0.19,1.96
1.0,3487.28,0.6062,845.61,385.57,165.23,False,838.08,382.85,7.53,2.72
1.5,3507.97,0.6062,848.91,388.24,167.71,False,839.12,383.47,9.79,4.77
2.0,3494.96,0.6062,834.65,381.64,166.77,False,838.47,383.08,-3.82,-1.44
2.5,3511.3,0.6062,833.88,385.23,168.37,False,839.29,383.57,-5.41,1.66
3.0,3506.11,0.6062,844.76,384.29,168.04,False,839.03,383.42,5.73,0.87
3.5,3491.64,0.6062,838.18,386.43,169.63,False,838.3,382.98,-0.12,3.45
4.0,3560.84,0.6062,842.93,386.15,167.38,False,841.76,385.06,1.17,1.09
4.5,3527.53,0.6062,836.76,385.97,167.01,False,840.1,384.06,-3.34,1.91
5.0,3507.3,0.6062,841.22,388.81,169.23,False,839.09,383.45,2.13,5.36
5.5,3479.18,0.6062,841.07,380.81,171.43,False,837.68,382.61,3.39,-1.8
6.0,3491.21,0.6062,835.34,384.67,163.94,False,838.28,382.97,-2.94,1.7
6.5,3523.16,0.6062,842.65,382.58,165.85,False,839.88,383.93,2.77,-1.35
7.0,3525.48,0.6062,836.32,384.22,167.49,False,839.99,384.0,-3.67,0.22
7.5,3496.27,0.6062,833.03,384.68,168.95,False,838.53,383.12,-5.5,1.56
8.0,3512.83,0.6062,831.55,379.77,167.92,False,839.36,383.62,-7.81,-3.85
8.5,3525.77,0.6062,837.55,385.65,165.34,False,840.01,384.01,-2.46,1.64
9.0,3512.29,0.6062,835.98,384.74,168.11,False,839.33,383.6,-3.35,1.14
9.5,3535.52,0.6062,850.06,381.47,167.37,False,840.5,384.3,9.56,-2.83
10.0,3529.54,0.6062,843.15,384.88,169.93,False,840.2,384.12,2.95,0.76
10.5,3508.81,0.6062,842.02,383.25,166.61,False,839.16,383.5,2.86,-0.25
11.0,3514.75,0.6062,828.79,380.4,168.19,False,839.46,383.67,-10.67,-3.27
11.5,3522.64,0.6062,843.41,383.06,164.07,False,839.85,383.91,3.56,-0.85
12.0,3509.33,0.6062,841.73,385.09,166.74,False,839.19,383.51,2.54,1.58
12.5,3535.45,0.6062,838.01,386.26,167.01,False,840.49,384.3,-2.48,1.96
13.0,3515.2,0.6062,830.7,385.16,167.7,False,839.48,383.69,-8.78,1.47
13.5,3521.94,0.6062,840.08,386.58,168.39,False,839.82,383.89,0.26,2.69
14.0,3505.34,0.6062,843.96,384.33,167.1,False,838.99,383.39,4.97,0.94
14.5,3497.7,0.6062,842.94,386.1,171.11,False,838.61,383.16,4.34,2.94
15.0,3462.86,0.6062,840.98,385.98,170.79,False,836.86,382.12,4.12,3.86
15.5,3517.96,0.6062,845.89,381.36,168.01,False,839.62,383.77,6.27,-2.41
16.0,3496.07,0.6062,832.72,383.06,166.68,False,838.52,383.11,-5.8,-0.05
16.5,3548.71,0.6062,838.73,387.63,168.66,False,841.16,384.69,-2.43,2.94
17.0,3493.3,0.6062,832.04,381.57,166.39,False,838.38,383.03,-6.35,-1.46
17.5,3532.0,0.6062,832.07,378.56,166.84,False,840.32,384.19,-8.25,-5.63
18.0,3521.18,0.6062,844.48,381.4,164.26,False,839.78,383.87,4.7,-2.47
18.5,3492.39,0.6062,835.96,382.64,170.02,False,838.34,383.0,-2.38,-0.36
19.0,3491.22,0.6062,838.09,383.26,164.13,False,838.28,382.97,-0.19,0.29
19.5,3517.93,0.6062,844.17,383.77,166.12,False,839.62,383.77,4.55,0.0
20.0,3495.92,0.6062,850.84,383.99,168.05,False,838.52,383.11,12.32,0.88
20.5,3492.69,0.6062,837.75,382.22,167.76,False,838.35,383.01,-0.6,-0.79
21.0,3492.27,0.6062,834.95,385.81,164.59,False,838.33,383.0,-3.38,2.81
21.5,3492.16,0.6062,826.21,384.22,164.62,False,838.33,383.0,-12.12,1.22
22.0,3521.18,0.6062,837.86,384.19,168.3,False,839.78,383.87,-1.92,0.32
22.5,3520.96,0.6062,834.8,387.49,170.16,False,839.77,383.86,-4.97,3.63
23.0,3527.75,0.6062,834.91,382.49,168.24,False,840.11,384.06,-5.2,-1.57
23.5,3524.44,0.6062,835.48,389.74,169.35,False,839.94,383.97,-4.46,5.77
24.0,3526.9,0.6062,837.68,385.73,165.04,False,840.07,384.04,-2.39,1.69
24.5,3529.51,0.6062,838.58,386.69,168.19,False,840.2,384.12,-1.62,2.57
25.0,3554.08,0.6062,840.16,378.04,167.89,False,841.42,384.85,-1.26,-6.81
25.5,3529.92,0.6062,842.9,384.1,167.46,False,840.22,384.13,2.68,-0.03
26.0,3543.03,0.6062,844.69,382.76,169.25,False,840.87,384.52,3.82,-1.76
26.5,3503.76,0.6062,839.31,382.56,164.08,False,838.91,383.34,0.4,-0.78
27.0,3534.83,0.6062,834.52,386.23,163.92,False,840.46,384.28,-5.94,1.95
27.5,3502.12,0.6062,843.9,380.75,170.14,False,838.83,383.3,5.07,-2.55
28.0,3540.3,0.6062,831.33,379.67,168.97,False,840.74,384.44,-9.4,-4.77
28.5,3540.02,0.6062,836.77,382.53,168.8,False,840.72,384.43,-3.95,-1.9
29.0,3502.37,0.6062,842.95,384.78,171.37,False,838.84,383.3,4.11,1.48
29.5,3514.15,0.6062,835.8,382.24,167.77,False,839.43,383.66,-3.63,-1.42
30.0,3514.25,0.6062,845.33,383.56,168.28,False,839.43,383.66,5.9,-0.1
0.5,3576.67,0.6375,866.42,397.63,172.57,False,861.33,396.8,5.09,0.83
1.0,3572.69,0.6375,859.21,398.6,174.35,False,861.13,396.68,-1.92,1.92
1.5,3569.16,0.6375,867.49,400.98,170.66,False,860.96,396.57,6.53,4.41
2.0,3586.42,0.6375,867.89,397.48,173.87,False,861.82,397.09,6.07,0.39
2.5,3573.46,0.6375,867.0,397.61,172.27,False,861.17,396.7,5.83,0.91
3.0,3568.95,0.6375,864.01,404.58,174.85,False,860.95,396.57,3.06,8.01
3.5,3590.72,0.6375,858.17,394.56,175.47,False,862.04,397.22,-3.87,-2.66
4.0,3627.59,0.6375,853.37,394.98,172.43,False,863.88,398.33,-10.51,-3.35
4.5,3566.28,0.6375,854.84,393.54,172.27,False,860.81,396.49,-5.97,-2.95
5.0,3575.45,0.6375,860.07,395.34,167.01,False,861.27,396.76,-1.2,-1.42
5.5,3600.53,0.6375,865.12,398.96,175.41,False,862.53,397.52,2.59,1.44
6.0,3602.84,0.6375,859.43,396.37,171.81,False,862.64,397.59,-3.21,-1.22
6.5,3630.4,0.6375,852.81,398.26,172.52,False,864.02,398.41,-11.21,-0.15
7.0,3594.23,0.6375,866.77,400.87,172.61,False,862.21,397.33,4.56,3.54
7.5,3576.73,0.6375,864.1,400.42,173.95,False,861.34,396.8,2.76,3.62
8.0,3618.98,0.6375,866.55,399.64,172.85,False,863.45,398.07,3.1,1.57
8.5,3556.17,0.6375,867.96,398.75,168.75,False,860.31,396.19,7.65,2.56
9.0,3590.39,0.6375,859.89,394.36,167.71,False,862.02,397.21,-2.13,-2.85
9.5,3610.75,0.6375,857.47,398.23,172.92,False,863.04,397.82,-5.57,0.41
10.0,3584.78,0.6375,863.61,397.55,172.96,False,861.74,397.04,1.87,0.51
10.5,3564.13,0.6375,857.1,394.38,172.11,False,860.71,396.42,-3.61,-2.04
11.0,3582.76,0.6375,861.59,398.02,171.72,False,861.64,396.98,-0.05,1.04
11.5,3620.97,0.6375,859.6,396.26,175.01,False,863.55,398.13,-3.95,-1.87
12.0,3607.46,0.6375,867.51,399.3,171.91,False,862.87,397.72,4.64,1.58
12.5,3592.02,0.6375,873.97,396.87,171.89,False,862.1,397.26,11.87,-0.39
13.0,3602.68,0.6375,851.96,397.63,172.7,False,862.63,397.58,-10.67,0.05
13.5,3595.78,0.6375,872.16,395.3,171.3,False,862.29,397.37,9.87,-2.07
14.0,3591.24,0.6375,864.01,394.65,174.65,False,862.06,397.24,1.95,-2.59
14.5,3628.12,0.6375,855.59,394.07,176.12,False,863.91,398.34,-8.32,-4.27
15.0,3569.24,0.6375,858.58,397.87,171.1,False,860.96,396.58,-2.38,1.29
15.5,3628.1,0.6375,863.9,390.76,171.05,False,863.9,398.34,-0.0,-7.58
16.0,3567.59,0.6375,860.21,395.25,173.47,False,860.88,396.53,-0.67,-1.28
16.5,3596.82,0.6375,864.82,395.07,173.21,False,862.34,397.4,2.48,-2.33
17.0,3563.75,0.6375,863.93,398.85,171.43,False,860.69,396.41,3.24,2.44
17.5,3581.48,0.6375,860.46,391.56,172.53,False,861.57,396.94,-1.11,-5.38
18.0,3595.76,0.6375,862.44,397.89,171.5,False,862.29,397.37,0.15,0.52
18.5,3611.05,0.6375,871.61,396.13,173.67,False,863.05,397.83,8.56,-1.7
19.0,3599.28,0.6375,858.44,393.56,172.38,False,862.46,397.48,-4.02,-3.92
19.5,3596.34,0.6375,860.35,398.35,170.1,False,862.32,397.39,-1.97,0.96
20.0,3606.39,0.6375,857.7,392.92,173.05,False,862.82,397.69,-5.12,-4.77
20.5,3626.18,0.6375,865.67,397.77,171.13,False,863.81,398.29,1.86,-0.52
21.0,3625.76,0.6375,862.23,391.45,170.53,False,863.79,398.27,-1.56,-6.82
21.5,3615.03,0.6375,865.13,396.88,171.98,False,863.25,397.95,1.88,-1.07
22.0,3602.92,0.6375,859.8,398.75,172.37,False,862.65,397.59,-2.85,1.16
22.5,3600.97,0.6375,861.4,401.41,173.99,False,862.55,397.53,-1.15,3.88
23.0,3590.24,0.6375,862.57,400.94,171.18,False,862.01,397.21,0.56,3.73
23.5,3583.92,0.6375,854.08,394.04,174.38,False,861.7,397.02,-7.62,-2.98
24.0,3586.66,0.6375,849.49,390.64,170.99,False,861.83,397.1,-12.34,-6.46
24.5,3577.65,0.6375,855.45,402.01,171.14,False,861.38,396.83,-5.93,5.18
25.0,3590.64,0.6375,870.51,402.37,168.52,False,862.03,397.22,8.48,5.15
25.5,3567.49,0.6375,873.71,392.25,173.22,False,860.87,396.52,12.84,-4.27
26.0,3593.68,0.6375,859.07,401.68,171.27,False,862.18,397.31,-3.11,4.37
26.5,3588.77,0.6375,862.78,398.23,173.78,False,861.94,397.16,0.84,1.07
27.0,3577.07,0.6375,857.91,398.76,174.96,False,861.35,396.81,-3.44,1.95
27.5,3591.85,0.6375,865.87,394.71,174.51,False,862.09,397.26,3.78,-2.55
28.0,3597.78,0.6375,857.11,398.24,171.4,False,862.39,397.43,-5.28,0.81
28.5,3595.71,0.6375,864.9,397.0,175.6,False,862.29,397.37,2.61,-0.37
29.0,3583.71,0.6375,859.69,402.15,172.42,False,861.69,397.01,-2.0,5.14
29.5,3582.53,0.6375,862.73,398.7,173.73,False,861.63,396.98,1.1,1.72
30.0,3614.52,0.6375,862.12,399.64,171.8,False,863.23,397.94,-1.11,1.7
0.5,3668.93,0.6687,882.18,409.71,175.62,False,884.67,410.8,-2.49,-1.09
1.0,3683.44,0.6687,883.94,411.33,178.4,False,885.39,411.24,-1.45,0.09
1.5,3654.33,0.6687,886.26,413.43,176.76,False,883.94,410.36,2.32,3.07
2.0,3629.72,0.6687,877.15,413.46,176.22,False,882.71,409.62,-5.56,3.84
2.5,3685.6,0.6687,887.76,413.34,175.9,False,885.5,411.3,2.26,2.04
3.0,3686.44,0.6687,876.24,405.78,177.65,False,885.54,411.33,-9.3,-5.55
3.5,3671.46,0.6687,878.34,407.95,180.18,False,884.79,410.88,-6.45,-2.93
4.0,3678.3,0.6687,880.03,414.06,176.84,False,885.13,411.08,-5.11,2.98
4.5,3674.64,0.6687,886.7,410.41,173.57,False,884.95,410.97,1.75,-0.56
5.0,3665.98,0.6687,894.99,412.28,176.81,False,884.52,410.71,10.47,1.57
5.5,3680.01,0.6687,881.19,417.17,177.26,False,885.22,411.13,-4.03,6.04
6.0,3686.04,0.6687,888.63,417.13,175.14,False,885.52,411.31,3.11,5.82
6.5,3685.21,0.6687,885.22,414.44,178.01,False,885.48,411.29,-0.26,3.15
7.0,3672.93,0.6687,885.62,412.37,175.57,False,884.87,410.92,0.75,1.45
7.5,3695.86,0.6687,886.18,407.65,175.08,False,886.01,411.61,0.17,-3.96
8.0,3657.94,0.6687,881.76,410.03,171.47,False,884.12,410.47,-2.36,-0.44
8.5,3707.75,0.6687,877.33,411.7,172.08,False,886.61,411.96,-9.28,-0.26
9.0,3681.32,0.6687,875.83,409.71,175.19,False,885.29,411.17,-9.46,-1.46
9.5,3657.88,0.6687,878.77,415.24,176.96,False,884.11,410.47,-5.34,4.77
10.0,3677.22,0.6687,887.23,414.06,175.93,False,885.08,411.05,2.15,3.01
10.5,3697.57,0.6687,891.28,409.85,173.01,False,886.1,411.66,5.18,-1.81
11.0,3678.13,0.6687,890.88,410.75,176.78,False,885.13,411.08,5.75,-0.33
11.5,3682.51,0.6687,887.69,417.04,177.2,False,885.35,411.21,2.34,5.83
12.0,3671.29,0.6687,876.62,407.34,176.95,False,884.78,410.87,-8.16,-3.53
12.5,3653.68,0.6687,884.9,405.3,182.4,False,883.9,410.34,1.0,-5.04
13.0,3657.87,0.6687,895.65,411.91,177.0,False,884.11,410.47,11.54,1.44
13.5,3699.32,0.6687,886.49,408.82,174.92,False,886.19,411.71,0.3,-2.89
14.0,3683.77,0.6687,879.29,410.97,179.7,False,885.41,411.25,-6.12,-0.28
14.5,3657.38,0.6687,897.94,408.64,178.07,False,884.09,410.45,13.85,-1.81
15.0,3683.06,0.6687,892.15,414.36,174.64,False,885.37,411.22,6.78,3.14
15.5,3677.04,0.6687,884.36,413.97,179.05,False,885.07,411.04,-0.71,2.93
16.0,3685.29,0.6687,868.76,411.55,176.8,False,885.48,411.29,-16.72,0.26
16.5,3652.95,0.6687,881.42,415.06,175.16,False,883.87,410.32,-2.45,4.74
17.0,3729.42,0.6687,888.93,407.76,173.71,False,887.69,412.61,1.24,-4.85
17.5,3677.68,0.6687,883.67,405.94,174.49,False,885.1,411.06,-1.43,-5.12
18.0,3683.96,0.6687,891.86,406.08,174.66,False,885.42,411.25,6.44,-5.17
18.5,3669.84,0.6687,887.36,412.89,179.54,False,884.71,410.83,2.65,2.06
19.0,3675.63,0.6687,882.33,409.15,175.32,False,885.0,411.0,-2.67,-1.85
19.5,3679.28,0.6687,881.14,411.09,177.36,False,885.18,411.11,-4.04,-0.02
20.0,3665.3,0.6687,885.62,411.87,175.8,False,884.49,410.69,1.13,1.18
20.5,3665.42,0.6687,889.55,409.92,177.9,False,884.49,410.69,5.06,-0.77
21.0,3639.34,0.6687,889.7,413.64,176.91,False,883.19,409.91,6.51,3.73
21.5,3651.04,0.6687,888.27,407.91,175.28,False,883.77,410.26,4.5,-2.35
22.0,3638.79,0.6687,885.46,410.92,178.11,False,883.16,409.9,2.3,1.02
22.5,3667.16,0.6687,881.32,411.26,181.04,False,884.58,410.75,-3.26,0.51
23.0,3687.07,0.6687,894.37,416.33,177.62,False,885.57,411.34,8.8,4.99
23.5,3699.0,0.6687,879.34,409.71,177.98,False,886.17,411.7,-6.83,-1.99
24.0,3676.97,0.6687,888.89,415.62,177.68,False,885.07,411.04,3.82,4.58
24.5,3654.27,0.6687,879.39,408.28,179.79,False,883.93,410.36,-4.54,-2.08
25.0,3677.62,0.6687,884.04,407.8,176.59,False,885.1,411.06,-1.06,-3.26
25.5,3676.11,0.6687,880.47,413.24,175.31,False,885.03,411.02,-4.56,2.22
26.0,3668.32,0.6687,882.38,407.05,178.13,False,884.64,410.78,-2.26,-3.73
26.5,3699.08,0.6687,889.22,413.56,178.64,False,886.17,411.7,3.05,1.86
27.0,3659.02,0.6687,888.09,411.49,177.01,False,884.17,410.5,3.92,0.99
27.5,3665.3,0.6687,886.71,413.43,179.04,False,884.49,410.69,2.23,2.74
28.0,3681.45,0.6687,883.98,410.44,175.37,False,885.29,411.18,-1.31,-0.74
28.5,3671.85,0.6687,879.41,412.11,176.2,False,884.81,410.89,-5.4,1.22
29.0,3645.5,0.6687,884.2,413.16,178.73,False,883.5,410.1,0.71,3.06
29.5,3669.67,0.6687,882.81,405.37,176.1,False,884.7,410.82,-1.89,-5.45
30.0,3669.93,0.6687,881.82,407.37,180.1,False,884.72,410.83,-2.9,-3.46
0.5,3748.61,0.7,910.72,427.78,182.19,False,907.43,424.46,3.29,3.32
1.0,3747.86,0.7,913.15,423.74,179.7,False,907.39,424.44,5.76,-0.7
1.5,3734.92,0.7,903.06,422.9,183.19,False,906.75,424.05,-3.69,-1.15
2.0,3733.67,0.7,894.66,420.21,180.42,False,906.68,424.01,-12.02,-3.8
2.5,3743.95,0.7,904.18,425.01,181.7,False,907.2,424.32,-3.02,0.69
3.0,3734.16,0.7,908.84,426.8,182.07,False,906.71,424.02,2.13,2.78
3.5,3763.08,0.7,900.75,425.63,182.81,False,908.15,424.89,-7.4,0.74
4.0,3727.17,0.7,911.66,430.28,181.34,False,906.36,423.82,5.3,6.46
4.5,3754.43,0.7,907.03,424.01,184.19,False,907.72,424.63,-0.69,-0.62
5.0,3795.76,0.7,899.57,426.1,183.06,False,909.79,425.87,-10.22,0.23
5.5,3778.42,0.7,898.62,426.84,182.03,False,908.92,425.35,-10.3,1.49
6.0,3736.76,0.7,901.82,424.89,178.58,False,906.84,424.1,-5.02,0.79
6.5,3745.31,0.7,913.74,427.06,175.4,False,907.27,424.36,6.47,2.7
7.0,3753.72,0.7,906.58,431.35,182.64,False,907.69,424.61,-1.11,6.74
7.5,3751.05,0.7,915.68,423.33,182.75,False,907.55,424.53,8.13,-1.2
8.0,3744.26,0.7,911.41,418.95,180.66,False,907.21,424.33,4.2,-5.38
8.5,3738.67,0.7,913.51,419.34,182.42,False,906.93,424.16,6.58,-4.82
9.0,3765.99,0.7,914.36,420.15,177.34,False,908.3,424.98,6.06,-4.83
9.5,3749.45,0.7,898.04,426.25,180.16,False,907.47,424.48,-9.43,1.77
10.0,3745.46,0.7,908.66,426.51,179.46,False,907.27,424.36,1.39,2.15
10.5,3747.89,0.7,900.49,423.89,179.08,False,907.39,424.44,-6.9,-0.55
11.0,3741.71,0.7,914.54,422.77,178.76,False,907.09,424.25,7.45,-1.48
11.5,3771.29,0.7,901.53,425.18,180.78,False,908.56,425.14,-7.03,0.04
12.0,3724.4,0.7,916.14,426.8,181.35,False,906.22,423.73,9.92,3.07
12.5,3729.57,0.7,907.42,421.86,183.28,False,906.48,423.89,0.94,-2.03
13.0,3732.84,0.7,913.16,422.21,181.19,False,906.64,423.99,6.52,-1.78
13.5,3778.81,0.7,906.46,414.5,186.2,False,908.94,425.36,-2.48,-10.86
14.0,3726.14,0.7,908.2,427.36,180.67,False,906.31,423.78,1.89,3.58
14.5,3749.99,0.7,906.87,426.35,180.04,False,907.5,424.5,-0.63,1.85
15.0,3743.84,0.7,907.17,421.82,184.41,False,907.19,424.32,-0.02,-2.5
15.5,3771.51,0.7,908.37,421.42,181.07,False,908.58,425.15,-0.21,-3.73
16.0,3755.15,0.7,906.68,422.68,179.48,False,907.76,424.65,-1.08,-1.97
16.5,3768.8,0.7,904.69,424.85,181.26,False,908.44,425.06,-3.75,-0.21
17.0,3777.07,0.7,902.62,427.61,185.13,False,908.85,425.31,-6.23,2.3
17.5,3748.76,0.7,904.15,416.86,181.43,False,907.44,424.46,-3.29,-7.6
18.0,3734.24,0.7,908.02,417.47,180.86,False,906.71,424.03,1.31,-6.56
18.5,3760.5,0.7,908.95,428.26,179.95,False,908.02,424.81,0.93,3.44
19.0,3762.84,0.7,913.49,422.44,178.5,False,908.14,424.89,5.35,-2.45
19.5,3769.38,0.7,908.48,421.33,178.03,False,908.47,425.08,0.01,-3.75
20.0,3746.54,0.7,908.54,423.63,179.22,False,907.33,424.4,1.21,-0.77
20.5,3728.26,0.7,895.58,427.2,180.44,False,906.41,423.85,-10.83,3.35
21.0,3737.15,0.7,914.57,429.07,178.08,False,906.86,424.11,7.71,4.96
21.5,3748.18,0.7,908.58,419.12,177.0,False,907.41,424.45,1.17,-5.33
22.0,3731.09,0.7,906.0,426.75,179.1,False,906.55,423.93,-0.55,2.82
22.5,3751.96,0.7,904.26,423.39,182.19,False,907.6,424.56,-3.34,-1.17
23.0,3757.16,0.7,911.21,425.45,180.23,False,907.86,424.71,3.35,0.74
23.5,3772.25,0.7,908.39,428.69,181.64,False,908.61,425.17,-0.22,3.52
24.0,3770.9,0.7,902.12,426.27,182.42,False,908.55,425.13,-6.43,1.14
24.5,3740.51,0.7,910.02,422.34,181.47,False,907.03,424.22,2.99,-1.88
25.0,3753.78,0.7,909.18,422.71,182.68,False,907.69,424.61,1.49,-1.9
25.5,3745.96,0.7,899.7,429.97,182.72,False,907.3,424.38,-7.6,5.59
26.0,3749.94,0.7,906.83,428.02,179.42,False,907.5,424.5,-0.67,3.52
26.5,3713.98,0.7,905.21,428.32,183.76,False,905.7,423.42,-0.49,4.9
27.0,3758.14,0.7,907.2,425.19,182.93,False,907.91,424.74,-0.71,0.45
27.5,3752.4,0.7,909.17,430.27,178.19,False,907.62,424.57,1.55,5.7
28.0,3755.0,0.7,908.71,426.03,182.47,False,907.75,424.65,0.96,1.38
28.5,3704.12,0.7,905.73,424.72,179.57,False,905.21,423.12,0.52,1.6
29.0,3759.49,0.7,904.18,423.5,182.55,False,907.97,424.78,-3.79,-1.28
29.5,3738.33,0.7,905.18,423.26,181.55,False,906.92,424.15,-1.74,-0.89
30.0,3743.26,0.7,906.62,429.17,181.34,False,907.16,424.3,-0.54,4.87
0.5,3853.95,0.7312,923.28,433.95,184.77,False,931.42,438.85,-8.14,-4.9
1.0,3835.95,0.7312,924.45,441.56,187.79,False,930.52,438.31,-6.07,3.25
1.5,3812.15,0.7312,925.37,436.92,184.5,False,929.33,437.6,-3.96,-0.68
2.0,3823.16,0.7312,923.72,434.31,187.5,False,929.88,437.93,-6.16,-3.62
2.5,3865.35,0.7312,928.3,441.9,179.94,False,931.99,439.19,-3.69,2.71
3.0,3832.23,0.7312,928.16,440.49,183.07,False,930.33,438.2,-2.17,2.29
3.5,3846.95,0.7312,927.71,436.2,186.63,False,931.07,438.64,-3.36,-2.44
4.0,3830.53,0.7312,931.18,436.15,186.9,False,930.25,438.15,0.93,-2.0
4.5,3838.69,0.7312,930.41,440.25,189.38,False,930.65,438.39,-0.24,1.86
5.0,3798.92,0.7312,933.07,438.8,184.75,False,928.67,437.2,4.4,1.6
5.5,3811.36,0.7312,932.11,438.96,185.43,False,929.29,437.57,2.82,1.39
6.0,3812.78,0.7312,931.85,439.4,181.37,False,929.36,437.62,2.49,1.78
6.5,3845.55,0.7312,930.91,436.04,185.3,False,931.0,438.6,-0.09,-2.56
7.0,3843.86,0.7312,927.68,439.52,185.88,False,930.91,438.55,-3.23,0.97
7.5,3816.25,0.7312,934.01,436.26,185.47,False,929.53,437.72,4.48,-1.46
8.0,3839.79,0.7312,936.87,441.13,185.29,False,930.71,438.43,6.16,2.7
8.5,3817.64,0.7312,923.83,434.79,185.71,False,929.6,437.76,-5.77,-2.97
9.0,3807.58,0.7312,936.46,438.64,188.67,False,929.1,437.46,7.36,1.18
9.5,3845.15,0.7312,927.79,438.28,184.56,False,930.98,438.59,-3.19,-0.31
10.0,3829.08,0.7312,932.51,438.1,185.25,False,930.17,438.1,2.34,-0.0
10.5,3823.75,0.7312,928.42,433.75,185.65,False,929.91,437.94,-1.49,-4.19
11.0,3818.36,0.7312,931.62,439.19,184.54,False,929.64,437.78,1.98,1.41
11.5,3849.11,0.7312,936.63,434.87,183.39,False,931.18,438.71,5.45,-3.84
12.0,3837.33,0.7312,927.87,436.98,183.52,False,930.59,438.35,-2.72,-1.37
12.5,3809.42,0.7312,928.43,438.06,183.14,False,929.19,437.51,-0.76,0.55
13.0,3805.64,0.7312,931.73,438.46,188.92,False,929.0,437.4,2.73,1.06
13.5,3817.65,0.7312,933.3,435.02,184.36,False,929.6,437.76,3.7,-2.74
14.0,3834.41,0.7312,932.2,440.75,185.76,False,930.44,438.26,1.76,2.49
14.5,3824.99,0.7312,924.78,445.24,185.51,False,929.97,437.98,-5.19,7.26
15.0,3826.64,0.7312,923.44,437.07,187.3,False,930.05,438.03,-6.61,-0.96
15.5,3839.51,0.7312,939.18,443.97,184.16,False,930.7,438.42,8.48,5.55
16.0,3873.49,0.7312,937.39,435.96,183.78,False,932.39,439.44,5.0,-3.48
16.5,3822.87,0.7312,929.12,434.93,182.01,False,929.86,437.92,-0.74,-2.99
17.0,3795.41,0.7312,934.3,436.72,189.99,False,928.49,437.09,5.81,-0.37
17.5,3818.08,0.7312,933.64,433.33,186.98,False,929.62,437.77,4.02,-4.44
18.0,3836.7,0.7312,934.01,443.42,186.34,False,930.56,438.33,3.45,5.09
18.5,3803.9,0.7312,922.74,435.88,184.9,False,928.92,437.35,-6.18,-1.47
19.0,3859.98,0.7312,938.44,437.75,184.47,False,931.72,439.03,6.72,-1.28
19.5,3846.68,0.7312,941.82,437.02,186.62,False,931.05,438.63,10.77,-1.61
20.0,3848.19,0.7312,932.79,444.53,186.48,False,931.13,438.68,1.66,5.85
20.5,3858.2,0.7312,933.82,443.3,189.22,False,931.63,438.98,2.19,4.32
21.0,3819.14,0.7312,932.87,439.35,181.46,False,929.68,437.81,3.19,1.54
21.5,3809.67,0.7312,933.24,440.43,187.22,False,929.2,437.52,4.04,2.91
22.0,3842.05,0.7312,920.54,433.92,183.79,False,930.82,438.49,-10.28,-4.57
22.5,3828.26,0.7312,925.39,439.35,189.15,False,930.13,438.08,-4.74,1.27
23.0,3802.69,0.7312,926.87,439.98,183.23,False,928.85,437.31,-1.98,2.67
23.5,3808.25,0.7312,929.35,434.99,183.75,False,929.13,437.48,0.22,-2.49
24.0,3804.39,0.7312,921.42,437.49,187.1,False,928.94,437.36,-7.52,0.13
24.5,3854.22,0.7312,939.13,441.12,185.71,False,931.43,438.86,7.7,2.26
25.0,3808.8,0.7312,928.67,435.18,187.14,False,929.16,437.5,-0.49,-2.32
25.5,3801.78,0.7312,934.38,434.39,182.82,False,928.81,437.29,5.57,-2.9
26.0,3861.62,0.7312,933.7,434.67,188.17,False,931.8,439.08,1.9,-4.41
26.5,3818.77,0.7312,928.67,437.75,186.91,False,929.66,437.8,-0.99,-0.05
27.0,3806.76,0.7312,931.51,437.49,186.32,False,929.06,437.43,2.45,0.06
27.5,3849.08,0.7312,927.15,440.32,187.19,False,931.17,438.7,-4.02,1.62
28.0,3824.92,0.7312,931.59,436.33,182.9,False,929.97,437.98,1.62,-1.65
28.5,3817.67,0.7312,923.92,434.45,183.94,False,929.6,437.76,-5.68,-3.31
29.0,3846.36,0.7312,925.84,443.35,186.39,False,931.04,438.62,-5.2,4.73
29.5,3841.88,0.7312,929.65,438.37,185.75,False,930.81,438.49,-1.16,-0.12
30.0,3787.56,0.7312,933.72,437.27,183.77,False,928.1,436.86,5.62,0.41
0.5,3898.92,0.7625,942.84,448.05,189.5,False,952.45,451.47,-9.61,-3.42
1.0,3940.39,0.7625,943.0,449.55,189.42,False,954.52,452.71,-11.52,-3.16
1.5,3900.98,0.7625,953.01,454.78,186.48,False,952.55,451.53,0.46,3.25
2.0,3895.3,0.7625,958.25,451.8,187.07,False,952.26,451.36,5.99,0.44
2.5,3920.95,0.7625,960.17,453.38,191.08,False,953.55,452.13,6.62,1.25
3.0,3876.98,0.7625,956.88,451.85,189.8,False,951.35,450.81,5.53,1.04
3.5,3910.55,0.7625,947.22,451.07,189.78,False,953.03,451.82,-5.81,-0.75
4.0,3888.78,0.7625,944.62,457.03,191.32,False,951.94,451.16,-7.32,5.87
4.5,3882.22,0.7625,953.8,447.18,190.27,False,951.61,450.97,2.19,-3.79
5.0,3876.02,0.7625,949.95,447.86,191.34,False,951.3,450.78,-1.35,-2.92
5.5,3928.78,0.7625,945.33,455.27,193.55,False,953.94,452.36,-8.61,2.91
6.0,3933.46,0.7625,955.29,450.01,190.16,False,954.17,452.5,1.12,-2.49
6.5,3906.7,0.7625,962.01,456.1,189.54,False,952.84,451.7,9.17,4.4
7.0,3895.21,0.7625,957.58,444.02,190.17,False,952.26,451.36,5.32,-7.34
7.5,3897.91,0.7625,958.32,450.71,191.14,False,952.4,451.44,5.92,-0.73
8.0,3911.25,0.7625,951.15,453.86,185.4,False,953.06,451.84,-1.91,2.02
8.5,3892.85,0.7625,952.5,448.7,189.91,False,952.14,451.29,0.36,-2.59
9.0,3914.91,0.7625,953.54,450.47,188.79,False,953.25,451.95,0.29,-1.48
9.5,3902.44,0.7625,956.53,452.24,189.48,False,952.62,451.57,3.91,0.67
10.0,3900.94,0.7625,955.77,455.19,188.26,False,952.55,451.53,3.22,3.66
10.5,3894.82,0.7625,956.86,454.18,190.66,False,952.24,451.34,4.62,2.84
11.0,3920.47,0.7625,957.38,454.2,193.56,False,953.52,452.11,3.86,2.09
11.5,3894.53,0.7625,959.11,446.9,189.27,False,952.23,451.34,6.88,-4.44
12.0,3900.4,0.7625,945.58,450.16,191.13,False,952.52,451.51,-6.94,-1.35
12.5,3917.92,0.7625,944.22,450.08,191.53,False,953.4,452.04,-9.18,-1.96
13.0,3917.14,0.7625,946.66,448.22,188.8,False,953.36,452.01,-6.7,-3.79
13.5,3891.3,0.7625,946.63,450.32,190.05,False,952.07,451.24,-5.44,-0.92
14.0,3913.29,0.7625,942.27,444.63,192.26,False,953.16,451.9,-10.89,-7.27
14.5,3889.88,0.7625,950.11,453.76,192.23,False,951.99,451.2,-1.88,2.56
15.0,3902.3,0.7625,949.16,451.86,191.32,False,952.62,451.57,-3.46,0.29
15.5,3903.76,0.7625,953.77,454.49,189.06,False,952.69,451.61,1.08,2.88
16.0,3875.72,0.7625,950.29,452.33,191.8,False,951.29,450.77,-1.0,1.56
16.5,3889.25,0.7625,960.09,459.57,194.52,False,951.96,451.18,8.13,8.39
17.0,3931.5,0.7625,950.19,446.66,193.47,False,954.08,452.44,-3.88,-5.78
17.5,3907.72,0.7625,961.36,451.6,189.71,False,952.89,451.73,8.47,-0.13
18.0,3901.63,0.7625,947.39,457.89,190.63,False,952.58,451.55,-5.19,6.34
18.5,3905.7,0.7625,946.17,451.51,185.28,False,952.78,451.67,-6.62,-0.16
19.0,3926.16,0.7625,943.32,451.23,191.17,False,953.81,452.28,-10.49,-1.05
19.5,3896.33,0.7625,947.5,446.5,193.58,False,952.32,451.39,-4.82,-4.89
20.0,3941.25,0.7625,947.65,449.49,192.57,False,954.56,452.74,-6.91,-3.25
20.5,3885.22,0.7625,958.33,453.31,190.73,False,951.76,451.06,6.57,2.25
21.0,3880.52,0.7625,958.82,455.14,188.41,False,951.53,450.92,7.29,4.22
21.5,3946.05,0.7625,947.45,450.72,187.42,False,954.8,452.88,-7.35,-2.16
22.0,3889.5,0.7625,945.13,451.14,190.43,False,951.98,451.19,-6.85,-0.05
22.5,3917.37,0.7625,948.03,450.13,188.68,False,953.37,452.02,-5.34,-1.89
23.0,3906.07,0.7625,957.53,453.04,191.52,False,952.8,451.68,4.73,1.36
23.5,3907.53,0.7625,949.04,449.98,189.4,False,952.88,451.73,-3.84,-1.75
24.0,3898.86,0.7625,951.95,449.71,193.91,False,952.44,451.47,-0.49,-1.76
24.5,3889.75,0.7625,955.12,450.88,186.5,False,951.99,451.19,3.13,-0.31
25.0,3933.85,0.7625,951.77,446.95,193.1,False,954.19,452.52,-2.42,-5.57
25.5,3926.94,0.7625,950.67,452.77,188.86,False,953.85,452.31,-3.18,0.46
26.0,3879.64,0.7625,946.71,448.33,190.84,False,951.48,450.89,-4.77,-2.56
26.5,3913.48,0.7625,951.86,452.87,191.54,False,953.17,451.9,-1.31,0.97
27.0,3934.96,0.7625,953.6,448.59,191.94,False,954.25,452.55,-0.65,-3.96
27.5,3925.56,0.7625,950.61,451.55,188.66,False,953.78,452.27,-3.17,-0.72
28.0,3860.47,0.7625,955.17,455.36,191.09,False,950.52,450.31,4.65,5.05
28.5,3893.33,0.7625,958.97,448.77,189.67,False,952.17,451.3,6.8,-2.53
29.0,3892.8,0.7625,939.39,453.43,194.52,False,952.14,451.28,-12.75,2.15
29.5,3886.16,0.7625,948.14,451.61,192.94,False,951.81,451.08,-3.67,0.53
30.0,3918.1,0.7625,950.65,453.78,190.16,False,953.4,452.04,-2.75,1.74
0.5,3998.74,0.7937,974.76,470.47,197.18,False,976.16,465.69,-1.4,4.78
1.0,3965.18,0.7937,971.63,468.15,196.63,False,974.48,464.69,-2.85,3.46
1.5,4018.38,0.7937,970.41,465.09,192.19,False,977.14,466.28,-6.73,-1.19
2.0,3987.72,0.7937,971.83,465.06,195.67,False,975.61,465.36,-3.78,-0.3
2.5,3993.0,0.7937,980.87,464.27,195.84,False,975.87,465.52,5.0,-1.25
3.0,4018.9,0.7937,972.9,471.91,194.41,False,977.17,466.3,-4.27,5.61
3.5,3993.45,0.7937,976.12,468.51,195.19,False,975.89,465.54,0.23,2.97
4.0,3997.97,0.7937,979.02,460.87,197.58,False,976.12,465.67,2.9,-4.8
4.5,3972.82,0.7937,970.78,466.14,195.13,False,974.86,464.92,-4.08,1.22
5.0,3984.4,0.7937,971.66,465.1,195.58,False,975.44,465.26,-3.78,-0.16
5.5,3979.42,0.7937,973.77,461.98,191.6,False,975.19,465.11,-1.42,-3.13
6.0,4037.49,0.7937,981.41,459.61,193.9,False,978.09,466.86,3.32,-7.25
6.5,3960.58,0.7937,973.87,462.95,195.7,False,974.25,464.55,-0.38,-1.6
7.0,4019.35,0.7937,973.53,466.93,195.72,False,977.19,466.31,-3.66,0.62
7.5,3987.6,0.7937,974.84,464.83,195.61,False,975.6,465.36,-0.76,-0.53
8.0,4015.16,0.7937,972.58,466.02,194.46,False,976.98,466.19,-4.4,-0.17
8.5,3972.32,0.7937,975.06,465.39,196.45,False,974.84,464.9,0.22,0.49
9.0,3999.71,0.7937,979.04,464.93,195.5,False,976.21,465.72,2.83,-0.79
9.5,4007.12,0.7937,972.88,464.05,195.8,False,976.58,465.95,-3.7,-1.9
10.0,3988.31,0.7937,972.34,469.88,193.04,False,975.64,465.38,-3.3,4.5
10.5,3975.41,0.7937,978.82,465.82,192.98,False,974.99,464.99,3.83,0.83
11.0,3988.28,0.7937,976.46,467.27,192.55,False,975.63,465.38,0.83,1.89
11.5,3973.29,0.7937,971.73,466.16,195.71,False,974.88,464.93,-3.15,1.23
12.0,4019.51,0.7937,978.69,463.83,191.98,False,977.2,466.32,1.49,-2.49
12.5,3973.33,0.7937,969.04,464.92,192.45,False,974.89,464.93,-5.85,-0.01
13.0,4024.05,0.7937,968.26,460.17,194.59,False,977.42,466.45,-9.16,-6.28
13.5,3995.29,0.7937,970.45,464.99,196.3,False,975.98,465.59,-5.53,-0.6
14.0,3977.82,0.7937,972.28,465.83,195.9,False,975.11,465.07,-2.83,0.76
14.5,3989.53,0.7937,976.29,462.25,198.06,False,975.7,465.42,0.59,-3.17
15.0,3981.9,0.7937,978.0,467.26,198.89,False,975.32,465.19,2.68,2.07
15.5,3972.39,0.7937,977.76,467.86,197.27,False,974.84,464.9,2.92,2.96
16.0,3932.54,0.7937,990.68,466.07,191.11,False,972.85,463.71,17.83,2.36
16.5,3954.11,0.7937,980.35,468.43,195.36,False,973.93,464.36,6.42,4.07
17.0,3997.41,0.7937,975.96,463.36,198.03,False,976.09,465.65,-0.13,-2.29
17.5,3963.21,0.7937,978.3,472.11,193.61,False,974.38,464.63,3.92,7.48
18.0,3989.77,0.7937,975.3,463.06,195.58,False,975.71,465.43,-0.41,-2.37
18.5,3983.94,0.7937,975.72,462.09,196.7,False,975.42,465.25,0.3,-3.16
19.0,3979.64,0.7937,970.98,465.21,193.6,False,975.2,465.12,-4.22,0.09
19.5,3973.51,0.7937,968.48,465.42,198.96,False,974.9,464.94,-6.42,0.48
20.0,3981.96,0.7937,981.72,462.68,195.95,False,975.32,465.19,6.4,-2.51
20.5,3988.28,0.7937,977.86,459.86,191.16,False,975.63,465.38,2.23,-5.52
21.0,3973.25,0.7937,972.2,469.24,197.96,False,974.88,464.93,-2.68,4.31
21.5,3989.05,0.7937,969.28,463.61,195.24,False,975.67,465.4,-6.39,-1.79
22.0,3960.13,0.7937,982.93,465.71,197.41,False,974.23,464.54,8.7,1.17
22.5,3971.98,0.7937,974.19,465.22,194.99,False,974.82,464.89,-0.63,0.33
23.0,3994.86,0.7937,983.1,465.63,196.24,False,975.96,465.58,7.14,0.05
23.5,3994.02,0.7937,981.54,466.1,196.02,False,975.92,465.55,5.62,0.55
24.0,3991.11,0.7937,966.7,465.06,197.23,False,975.78,465.47,-9.08,-0.41
24.5,4005.36,0.7937,979.26,466.84,194.93,False,976.49,465.89,2.77,0.95
25.0,3961.74,0.7937,966.46,466.32,197.82,False,974.31,464.58,-7.85,1.74
25.5,3987.88,0.7937,980.3,465.23,193.09,False,975.61,465.37,4.69,-0.14
26.0,3950.14,0.7937,973.97,460.85,193.64,False,973.73,464.24,0.24,-3.39
26.5,3990.09,0.7937,968.64,466.46,194.7,False,975.72,465.43,-7.08,1.03
27.0,3968.06,0.7937,977.11,464.51,194.22,False,974.62,464.77,2.49,-0.26
27.5,3956.78,0.7937,966.89,466.41,196.34,False,974.06,464.44,-7.17,1.97
28.0,3996.41,0.7937,980.42,466.21,194.83,False,976.04,465.62,4.38,0.59
28.5,3991.18,0.7937,979.38,460.49,196.48,False,975.78,465.47,3.6,-4.98
29.0,3973.41,0.7937,962.97,467.89,195.04,False,974.89,464.93,-11.92,2.96
29.5,3976.87,0.7937,979.03,460.56,198.34,False,975.06,465.04,3.97,-4.48
30.0,3971.37,0.7937,977.24,461.19,194.51,False,974.79,464.87,2.45,-3.68
0.5,4103.48,0.825,997.28,479.72,204.8,False,1000.17,480.1,-2.89,-0.38
1.0,4057.97,0.825,991.76,478.79,201.65,False,997.9,478.74,-6.14,0.05
1.5,4049.98,0.825,1003.94,479.09,198.44,False,997.5,478.5,6.44,0.59
2.0,4079.25,0.825,992.09,475.23,199.93,False,998.96,479.38,-6.87,-4.15
2.5,4069.13,0.825,1001.17,475.31,200.07,False,998.46,479.07,2.71,-3.76
3.0,4031.62,0.825,1006.49,475.5,202.08,False,996.58,477.95,9.91,-2.45
3.5,4085.77,0.825,1001.49,478.17,199.93,False,999.29,479.57,2.2,-1.4
4.0,4049.4,0.825,996.75,480.2,201.23,False,997.47,478.48,-0.72,1.72
4.5,4036.36,0.825,994.28,480.39,200.84,False,996.82,478.09,-2.54,2.3
5.0,4046.17,0.825,1000.14,480.62,199.84,False,997.31,478.39,2.83,2.23
5.5,4077.9,0.825,996.54,478.04,202.92,False,998.89,479.34,-2.36,-1.3
6.0,4029.61,0.825,990.12,479.16,198.39,False,996.48,477.89,-6.36,1.27
6.5,4076.62,0.825,1004.42,481.58,198.18,False,998.83,479.3,5.59,2.28
7.0,4050.94,0.825,999.25,484.24,200.62,False,997.55,478.53,1.7,5.71
7.5,4053.79,0.825,994.61,477.93,199.32,False,997.69,478.61,-3.08,-0.68
8.0,4078.13,0.825,996.34,475.5,202.73,False,998.91,479.34,-2.57,-3.84
8.5,4048.1,0.825,993.48,478.25,198.66,False,997.4,478.44,-3.92,-0.19
9.0,4046.88,0.825,991.27,478.54,198.78,False,997.34,478.41,-6.07,0.13
9.5,4078.57,0.825,994.29,479.35,202.02,False,998.93,479.36,-4.64,-0.01
10.0,4069.37,0.825,1003.35,476.74,201.12,False,998.47,479.08,4.88,-2.34
10.5,4049.23,0.825,999.25,477.59,198.83,False,997.46,478.48,1.79,-0.89
11.0,4051.13,0.825,995.08,478.52,201.18,False,997.56,478.53,-2.48,-0.01
11.5,4036.09,0.825,1000.78,480.7,199.02,False,996.8,478.08,3.98,2.62
12.0,4068.77,0.825,1011.66,474.67,197.87,False,998.44,479.06,13.22,-4.39
12.5,4050.19,0.825,991.13,481.35,198.61,False,997.51,478.51,-6.38,2.84
13.0,4106.43,0.825,1004.61,484.59,196.39,False,1000.32,480.19,4.29,4.4
13.5,4099.75,0.825,998.6,477.78,202.1,False,999.99,479.99,-1.39,-2.21
14.0,4061.22,0.825,990.07,476.18,196.76,False,998.06,478.84,-7.99,-2.66
14.5,4075.88,0.825,999.8,481.0,197.85,False,998.79,479.28,1.01,1.72
15.0,4036.35,0.825,994.38,475.6,197.86,False,996.82,478.09,-2.44,-2.49
15.5,4084.84,0.825,994.99,482.43,197.23,False,999.24,479.55,-4.25,2.88
16.0,4039.08,0.825,997.79,477.81,195.51,False,996.95,478.17,0.84,-0.36
16.5,4075.21,0.825,988.39,477.4,197.78,False,998.76,479.26,-10.37,-1.86
17.0,4092.01,0.825,995.12,482.57,200.23,False,999.6,479.76,-4.48,2.81
17.5,4070.62,0.825,999.08,479.91,198.83,False,998.53,479.12,0.55,0.79
18.0,4072.21,0.825,1001.56,475.41,199.98,False,998.61,479.17,2.95,-3.76
18.5,4063.44,0.825,992.56,481.16,201.52,False,998.17,478.9,-5.61,2.26
19.0,4055.16,0.825,1000.08,474.73,197.69,False,997.76,478.65,2.32,-3.92
19.5,4070.17,0.825,994.08,484.45,201.47,False,998.51,479.11,-4.43,5.34
20.0,4022.54,0.825,993.63,483.23,196.24,False,996.13,477.68,-2.5,5.55
20.5,4066.12,0.825,998.51,471.39,197.37,False,998.31,478.98,0.2,-7.59
21.0,4070.62,0.825,995.61,482.63,198.77,False,998.53,479.12,-2.92,3.51
21.5,4085.13,0.825,1002.06,473.14,197.78,False,999.26,479.55,2.8,-6.41
22.0,4085.45,0.825,996.58,479.88,201.92,False,999.27,479.56,-2.69,0.32
22.5,4031.01,0.825,996.13,485.09,197.59,False,996.55,477.93,-0.42,7.16
23.0,4068.45,0.825,1000.93,479.79,202.36,False,998.42,479.05,2.51,0.74
23.5,4065.56,0.825,1000.5,481.88,199.26,False,998.28,478.97,2.22,2.91
24.0,4051.78,0.825,997.16,475.81,198.11,False,997.59,478.55,-0.43,-2.74
24.5,4074.61,0.825,987.29,480.43,202.8,False,998.73,479.24,-11.44,1.19
25.0,4022.47,0.825,999.41,479.41,198.76,False,996.12,477.67,3.29,1.74
25.5,4072.51,0.825,992.94,481.32,198.38,False,998.63,479.18,-5.69,2.14
26.0,4055.22,0.825,1006.99,474.88,198.61,False,997.76,478.66,9.23,-3.78
26.5,4053.01,0.825,1000.89,478.12,200.94,False,997.65,478.59,3.24,-0.47
27.0,4098.16,0.825,997.73,484.82,199.41,False,999.91,479.94,-2.18,4.88
27.5,4073.86,0.825,998.01,480.33,201.12,False,998.69,479.22,-0.68,1.11
28.0,4069.81,0.825,1002.14,476.53,199.12,False,998.49,479.09,3.65,-2.56
28.5,4038.91,0.825,994.51,473.25,202.72,False,996.95,478.17,-2.44,-4.92
29.0,4050.82,0.825,993.07,480.03,198.48,False,997.54,478.52,-4.47,1.51
29.5,4067.36,0.825,999.07,478.95,200.08,False,998.37,479.02,0.7,-0.07
30.0,4062.26,0.825,996.53,478.95,199.44,False,998.11,478.87,-1.58,0.08
0.5,4127.15,0.8562,1018.55,488.59,204.71,False,1020.08,492.05,-1.53,-3.46
1.0,4147.11,0.8562,1029.31,494.61,204.27,False,1021.08,492.65,8.23,1.96
1.5,4137.18,0.8562,1016.82,484.55,205.23,False,1020.58,492.35,-3.76,-7.8
2.0,4155.38,0.8562,1024.17,490.74,203.99,False,1021.49,492.89,2.68,-2.15
2.5,4183.25,0.8562,1021.83,494.58,204.23,False,1022.88,493.73,-1.05,0.85
3.0,4137.17,0.8562,1027.71,486.54,203.23,False,1020.58,492.35,7.13,-5.81
3.5,4146.55,0.8562,1027.45,488.22,203.85,False,1021.05,492.63,6.4,-4.41
4.0,4174.83,0.8562,1024.06,491.58,205.0,False,1022.46,493.48,1.6,-1.9
4.5,4116.45,0.8562,1019.04,487.87,203.23,False,1019.54,491.73,-0.5,-3.86
5.0,4179.25,0.8562,1016.4,489.26,206.39,False,1022.68,493.61,-6.28,-4.35
5.5,4175.83,0.8562,1030.17,498.5,204.48,False,1022.51,493.51,7.66,4.99
6.0,4117.84,0.8562,1020.45,492.37,199.14,False,1019.61,491.77,0.84,0.6
6.5,4157.78,0.8562,1020.28,490.92,206.08,False,1021.61,492.97,-1.33,-2.05
7.0,4169.66,0.8562,1023.78,490.72,202.18,False,1022.2,493.32,1.58,-2.6
7.5,4121.14,0.8562,1019.65,492.6,206.13,False,1019.78,491.87,-0.13,0.73
8.0,4143.43,0.8562,1017.24,495.97,202.04,False,1020.89,492.53,-3.65,3.44
8.5,4128.35,0.8562,1013.47,488.48,205.1,False,1020.14,492.08,-6.67,-3.6
9.0,4125.63,0.8562,1024.61,490.4,207.88,False,1020.0,492.0,4.61,-1.6
9.5,4124.03,0.8562,1020.79,488.91,200.69,False,1019.92,491.95,0.87,-3.04
10.0,4138.45,0.8562,1022.31,488.58,201.46,False,1020.64,492.39,1.67,-3.81
10.5,4115.49,0.8562,1018.56,492.13,202.41,False,1019.49,491.7,-0.93,0.43
11.0,4112.22,0.8562,1014.62,492.11,203.97,False,1019.33,491.6,-4.71,0.51
11.5,4145.1,0.8562,1020.01,495.87,203.39,False,1020.98,492.58,-0.97,3.29
12.0,4149.0,0.8562,1018.9,492.72,205.55,False,1021.17,492.7,-2.27,0.02
12.5,4151.4,0.8562,1021.09,491.93,203.73,False,1021.29,492.77,-0.2,-0.84
13.0,4163.17,0.8562,1018.59,495.69,206.83,False,1021.88,493.13,-3.29,2.56
13.5,4144.34,0.8562,1022.09,495.65,203.9,False,1020.94,492.56,1.15,3.09
14.0,4068.36,0.8562,1019.09,493.35,202.13,False,1017.14,490.28,1.95,3.07
14.5,4139.82,0.8562,1024.6,490.65,204.95,False,1020.71,492.43,3.89,-1.78
15.0,4122.92,0.8562,1011.78,489.0,207.73,False,1019.87,491.92,-8.09,-2.92
15.5,4136.72,0.8562,1009.89,494.6,204.14,False,1020.56,492.33,-10.67,2.27
16.0,4136.63,0.8562,1020.29,495.42,201.74,False,1020.55,492.33,-0.26,3.09
16.5,4132.29,0.8562,1016.4,490.42,203.69,False,1020.33,492.2,-3.93,-1.78
17.0,4125.27,0.8562,1028.42,496.66,203.72,False,1019.98,491.99,8.44,4.67
17.5,4133.23,0.8562,1017.18,492.46,204.9,False,1020.38,492.23,-3.2,0.23
18.0,4125.99,0.8562,1028.88,494.33,203.55,False,1020.02,492.01,8.86,2.32
18.5,4156.35,0.8562,1025.22,497.76,204.76,False,1021.54,492.92,3.68,4.84
19.0,4122.17,0.8562,1022.7,486.9,204.98,False,1019.83,491.9,2.87,-5.0
19.5,4179.53,0.8562,1023.74,490.85,205.67,False,1022.7,493.62,1.04,-2.77
20.0,4151.16,0.8562,1024.61,494.61,207.96,False,1021.28,492.77,3.33,1.84
20.5,4125.0,0.8562,1018.02,490.74,202.97,False,1019.97,491.98,-1.95,-1.24
21.0,4118.61,0.8562,1015.98,495.34,207.3,False,1019.65,491.79,-3.67,3.55
21.5,4133.29,0.8562,1017.27,487.0,203.56,False,1020.38,492.23,-3.11,-5.23
22.0,4142.71,0.8562,1016.86,493.08,203.0,False,1020.86,492.51,-4.0,0.57
22.5,4176.49,0.8562,1012.22,494.59,204.57,False,1022.54,493.53,-10.32,1.06
23.0,4129.66,0.8562,1023.34,490.17,204.18,False,1020.2,492.12,3.14,-1.95
23.5,4159.84,0.8562,1016.07,488.88,204.28,False,1021.71,493.03,-5.64,-4.15
24.0,4171.59,0.8562,1020.85,490.82,204.23,False,1022.3,493.38,-1.45,-2.56
24.5,4118.58,0.8562,1019.4,490.07,202.23,False,1019.65,491.79,-0.25,-1.72
25.0,4098.61,0.8562,1022.45,491.27,205.49,False,1018.65,491.19,3.8,0.08
25.5,4124.02,0.8562,1025.55,492.3,202.09,False,1019.92,491.95,5.63,0.35
26.0,4153.67,0.8562,1015.07,492.11,203.61,False,1021.4,492.84,-6.33,-0.73
26.5,4113.39,0.8562,1015.25,495.14,202.47,False,1019.39,491.63,-4.14,3.51
27.0,4125.62,0.8562,1020.82,498.75,204.84,False,1020.0,492.0,0.82,6.75
27.5,4118.04,0.8562,1016.07,489.83,205.63,False,1019.62,491.77,-3.55,-1.94
28.0,4143.3,0.8562,1017.99,495.7,204.51,False,1020.88,492.53,-2.89,3.17
28.5,4176.99,0.8562,1028.16,496.58,204.41,False,1022.57,493.54,5.59,3.04
29.0,4112.57,0.8562,1021.57,491.12,210.67,False,1019.35,491.61,2.22,-0.49
29.5,4174.54,0.8562,1024.93,491.13,204.93,False,1022.45,493.47,2.48,-2.34
30.0,4125.09,0.8562,1017.02,485.39,204.18,False,1019.97,491.98,-2.95,-6.59
0.5,4221.36,0.8875,1054.55,505.57,208.47,False,1043.57,506.14,10.98,-0.57
1.0,4159.56,0.8875,1038.42,508.88,208.31,False,1040.48,504.29,-2.06,4.59
1.5,4243.08,0.8875,1041.33,508.63,207.68,False,1044.65,506.79,-3.32,1.84
2.0,4243.78,0.8875,1050.22,502.79,205.45,False,1044.69,506.81,5.53,-4.02
2.5,4241.75,0.8875,1041.17,505.34,209.63,False,1044.59,506.75,-3.42,-1.41
3.0,4219.52,0.8875,1042.08,504.13,209.39,False,1043.48,506.09,-1.4,-1.96
3.5,4202.44,0.8875,1043.6,506.41,208.63,False,1042.62,505.57,0.98,0.84
4.0,4237.46,0.8875,1044.31,506.93,208.04,False,1044.37,506.62,-0.06,0.31
4.5,4209.37,0.8875,1050.43,511.83,216.23,False,1042.97,505.78,7.46,6.05
5.0,4217.31,0.8875,1043.6,502.97,207.89,False,1043.37,506.02,0.23,-3.05
5.5,4210.0,0.8875,1044.25,507.03,208.43,False,1043.0,505.8,1.25,1.23
6.0,4191.31,0.8875,1042.88,501.31,204.58,False,1042.07,505.24,0.81,-3.93
6.5,4235.72,0.8875,1042.65,506.96,209.19,False,1044.29,506.57,-1.64,0.39
7.0,4234.68,0.8875,1045.9,499.31,209.17,False,1044.23,506.54,1.67,-7.23
7.5,4174.7,0.8875,1051.56,511.89,205.31,False,1041.23,504.74,10.33,7.15
8.0,4239.13,0.8875,1036.34,504.9,207.74,False,1044.46,506.67,-8.12,-1.77
8.5,4259.23,0.8875,1051.82,509.43,207.41,False,1045.46,507.28,6.36,2.15
9.0,4226.6,0.8875,1034.84,504.62,208.1,False,1043.83,506.3,-8.99,-1.68
9.5,4221.67,0.8875,1047.93,506.31,209.25,False,1043.58,506.15,4.35,0.16
10.0,4214.03,0.8875,1040.62,510.16,209.2,False,1043.2,505.92,-2.58,4.24
10.5,4193.53,0.8875,1046.67,508.04,207.6,False,1042.18,505.31,4.49,2.73
11.0,4215.08,0.8875,1044.99,505.95,209.59,False,1043.25,505.95,1.74,-0.0
11.5,4245.05,0.8875,1042.32,500.43,208.68,False,1044.75,506.85,-2.43,-6.42
12.0,4183.7,0.8875,1046.85,503.94,211.43,False,1041.68,505.01,5.16,-1.07
12.5,4240.11,0.8875,1046.29,502.76,210.19,False,1044.51,506.7,1.78,-3.94
13.0,4195.34,0.8875,1038.55,504.59,205.32,False,1042.27,505.36,-3.72,-0.77
13.5,4218.45,0.8875,1056.05,506.11,206.05,False,1043.42,506.05,12.63,0.06
14.0,4221.79,0.8875,1037.27,504.03,208.54,False,1043.59,506.15,-6.32,-2.12
14.5,4250.64,0.8875,1044.73,505.65,207.43,False,1045.03,507.02,-0.3,-1.37
15.0,4219.55,0.8875,1039.61,507.36,206.28,False,1043.48,506.09,-3.87,1.27
15.5,4216.03,0.8875,1038.34,510.89,213.05,False,1043.3,505.98,-4.96,4.91
16.0,4212.21,0.8875,1037.64,506.52,208.17,False,1043.11,505.87,-5.47,0.65
16.5,4207.38,0.8875,1050.18,506.17,210.62,False,1042.87,505.72,7.31,0.45
17.0,4245.78,0.8875,1059.04,504.97,209.36,False,1044.79,506.87,14.25,-1.9
17.5,4215.68,0.8875,1038.6,507.84,208.48,False,1043.28,505.97,-4.68,1.87
18.0,4180.46,0.8875,1043.36,499.06,213.29,False,1041.52,504.91,1.84,-5.85
18.5,4203.14,0.8875,1037.38,512.11,210.09,False,1042.66,505.59,-5.28,6.52
19.0,4229.98,0.8875,1041.22,500.2,206.02,False,1044.0,506.4,-2.78,-6.2
19.5,4218.44,0.8875,1040.28,504.05,208.45,False,1043.42,506.05,-3.14,-2.0
20.0,4247.64,0.8875,1042.57,505.17,209.56,False,1044.88,506.93,-2.31,-1.76
20.5,4241.13,0.8875,1042.44,510.76,208.06,False,1044.56,506.73,-2.12,4.03
21.0,4263.31,0.8875,1053.5,501.42,208.52,False,1045.67,507.4,7.83,-5.98
21.5,4206.38,0.8875,1042.04,505.63,209.09,False,1042.82,505.69,-0.78,-0.06
22.0,4235.75,0.8875,1048.69,509.84,207.13,False,1044.29,506.57,4.4,3.27
22.5,4215.26,0.8875,1047.72,509.47,207.2,False,1043.26,505.96,4.46,3.51
23.0,4254.61,0.8875,1041.9,508.28,211.34,False,1045.23,507.14,-3.33,1.14
23.5,4221.79,0.8875,1037.36,504.73,209.27,False,1043.59,506.15,-6.23,-1.42
24.0,4207.39,0.8875,1049.93,504.93,208.05,False,1042.87,505.72,7.06,-0.79
24.5,4234.88,0.8875,1044.78,506.64,211.65,False,1044.24,506.55,0.54,0.09
25.0,4223.99,0.8875,1049.42,501.27,205.6,False,1043.7,506.22,5.72,-4.95
25.5,4237.75,0.8875,1045.89,505.54,209.67,False,1044.39,506.63,1.5,-1.09
26.0,4235.05,0.8875,1044.99,501.02,206.3,False,1044.25,506.55,0.74,-5.53
26.5,4212.04,0.8875,1032.13,508.3,208.23,False,1043.1,505.86,-10.97,2.44
27.0,4246.11,0.8875,1044.64,505.4,210.29,False,1044.81,506.88,-0.17,-1.48
27.5,4226.32,0.8875,1053.62,498.14,208.17,False,1043.82,506.29,9.8,-8.15
28.0,4206.76,0.8875,1036.07,506.78,210.37,False,1042.84,505.7,-6.77,1.08
28.5,4232.79,0.8875,1046.2,508.8,208.48,False,1044.14,506.48,2.06,2.32
29.0,4204.85,0.8875,1046.25,509.7,207.48,False,1042.74,505.65,3.51,4.05
29.5,4197.14,0.8875,1042.32,513.04,207.23,False,1042.36,505.41,-0.04,7.63
30.0,4252.88,0.8875,1044.43,505.19,208.6,False,1045.14,507.09,-0.71,-1.9
0.5,4239.19,0.9,1056.86,511.45,208.06,False,1051.96,511.18,4.9,0.27
1.0,4231.34,0.9,1049.74,513.56,211.71,False,1051.57,510.94,-1.83,2.62
1.5,4247.93,0.9,1041.71,510.76,211.57,False,1052.4,511.44,-10.69,-0.68
2.0,4249.58,0.9,1052.85,520.81,211.17,False,1052.48,511.49,0.37,9.32
2.5,4273.68,0.9,1048.58,514.11,208.54,False,1053.68,512.21,-5.1,1.9
3.0,4275.9,0.9,1049.43,511.82,209.77,False,1053.8,512.28,-4.37,-0.46
3.5,4250.91,0.9,1052.02,513.97,208.11,False,1052.55,511.53,-0.53,2.44
4.0,4283.06,0.9,1054.02,515.26,211.42,False,1054.15,512.49,-0.13,2.77
4.5,4230.03,0.9,1053.26,515.84,212.83,False,1051.5,510.9,1.76,4.94
5.0,4256.59,0.9,1052.59,508.83,209.53,False,1052.83,511.7,-0.24,-2.87
5.5,4254.85,0.9,1049.15,514.33,209.37,False,1052.74,511.65,-3.59,2.68
6.0,4247.01,0.9,1050.37,503.79,213.37,False,1052.35,511.41,-1.98,-7.62
6.5,4264.18,0.9,1053.93,513.21,211.16,False,1053.21,511.93,0.72,1.28
7.0,4205.0,0.9,1062.14,514.35,211.9,False,1050.25,510.15,11.89,4.2
7.5,4264.95,0.9,1057.39,510.77,210.32,False,1053.25,511.95,4.14,-1.18
8.0,4258.02,0.9,1047.11,513.2,215.98,False,1052.9,511.74,-5.79,1.46
8.5,4255.08,0.9,1061.48,514.46,210.91,False,1052.75,511.65,8.73,2.81
9.0,4228.7,0.9,1058.87,510.07,211.86,False,1051.43,510.86,7.43,-0.79
9.5,4281.26,0.9,1046.56,511.01,206.3,False,1054.06,512.44,-7.5,-1.43
10.0,4235.8,0.9,1054.29,516.24,214.66,False,1051.79,511.07,2.5,5.17
10.5,4262.71,0.9,1062.4,516.75,208.48,False,1053.14,511.88,9.26,4.87
11.0,4227.7,0.9,1059.56,510.58,211.44,False,1051.38,510.83,8.17,-0.25
11.5,4254.83,0.9,1054.15,511.93,207.6,False,1052.74,511.64,1.41,0.29
12.0,4247.44,0.9,1057.29,509.37,211.08,False,1052.37,511.42,4.92,-2.05
12.5,4242.71,0.9,1054.55,514.29,214.22,False,1052.14,511.28,2.41,3.01
13.0,4216.31,0.9,1052.85,508.24,206.46,False,1050.82,510.49,2.03,-2.25
13.5,4244.03,0.9,1054.85,510.12,211.47,False,1052.2,511.32,2.65,-1.2
14.0,4255.39,0.9,1054.32,513.32,211.59,False,1052.77,511.66,1.55,1.66
14.5,4227.22,0.9,1053.56,509.49,206.51,False,1051.36,510.82,2.2,-1.33
15.0,4272.74,0.9,1049.46,505.13,209.03,False,1053.64,512.18,-4.18,-7.05
15.5,4228.16,0.9,1061.04,511.8,210.7,False,1051.41,510.84,9.63,0.96
16.0,4251.58,0.9,1057.8,512.73,212.43,False,1052.58,511.55,5.22,1.18
16.5,4262.45,0.9,1047.01,510.45,213.03,False,1053.12,511.87,-6.11,-1.42
17.0,4280.35,0.9,1058.57,513.13,210.26,False,1054.02,512.41,4.55,0.72
17.5,4280.84,0.9,1051.82,508.44,207.29,False,1054.04,512.43,-2.22,-3.99
18.0,4254.12,0.9,1060.67,511.13,207.63,False,1052.71,511.62,7.96,-0.49
18.5,4246.98,0.9,1050.57,512.67,210.92,False,1052.35,511.41,-1.78,1.26
19.0,4225.08,0.9,1054.46,510.73,212.99,False,1051.25,510.75,3.21,-0.02
19.5,4247.05,0.9,1055.75,518.14,213.07,False,1052.35,511.41,3.4,6.73
20.0,4281.0,0.9,1049.55,514.85,206.14,False,1054.05,512.43,-4.5,2.42
20.5,4231.38,0.9,1057.04,510.36,212.52,False,1051.57,510.94,5.47,-0.58
21.0,4254.36,0.9,1049.43,509.47,213.37,False,1052.72,511.63,-3.29,-2.16
21.5,4231.74,0.9,1049.06,513.74,210.85,False,1051.59,510.95,-2.53,2.79
22.0,4274.65,0.9,1055.82,516.5,209.2,False,1053.73,512.24,2.09,4.26
22.5,4265.88,0.9,1052.03,514.78,210.86,False,1053.29,511.98,-1.26,2.8
23.0,4239.8,0.9,1044.33,511.94,208.82,False,1051.99,511.19,-7.66,0.75
23.5,4256.86,0.9,1043.3,508.44,206.44,False,1052.84,511.71,-9.54,-3.27
24.0,4228.55,0.9,1052.25,508.23,210.21,False,1051.43,510.86,0.82,-2.63
24.5,4281.31,0.9,1045.3,509.7,211.56,False,1054.07,512.44,-8.77,-2.74
25.0,4245.65,0.9,1056.0,509.26,209.97,False,1052.28,511.37,3.72,-2.11
25.5,4238.77,0.9,1053.76,511.33,210.65,False,1051.94,511.16,1.82,0.17
26.0,4252.34,0.9,1054.14,512.19,206.46,False,1052.62,511.57,1.52,0.62
26.5,4295.84,0.9,1050.67,505.73,212.16,False,1054.79,512.88,-4.12,-7.15
27.0,4279.37,0.9,1050.88,511.15,205.76,False,1053.97,512.38,-3.09,-1.23
27.5,4224.52,0.9,1052.41,513.73,213.19,False,1051.23,510.74,1.18,2.99
28.0,4253.28,0.9,1054.77,512.7,210.28,False,1052.66,511.6,2.11,1.1
28.5,4254.2,0.9,1050.43,510.6,209.22,False,1052.71,511.63,-2.28,-1.03
29.0,4237.42,0.9,1054.21,506.5,209.76,False,1051.87,511.12,2.34,-4.62
29.5,4228.41,0.9,1043.96,513.17,212.68,False,1051.42,510.85,-7.46,2.32
30.0,4245.11,0.9,1054.6,508.77,206.58,False,1052.26,511.35,2.34,-2.58
0.5,4207.64,0.9,1049.38,506.18,212.49,False,1050.38,510.23,-1.0,-4.05
1.0,4252.29,0.9,1061.93,512.87,207.77,False,1052.61,511.57,9.32,1.3
1.5,4227.47,0.9,1045.61,514.66,212.39,False,1051.37,510.82,-5.76,3.84
2.0,4261.24,0.9,1049.85,514.73,212.21,False,1053.06,511.84,-3.21,2.89
2.5,4244.56,0.9,1054.25,513.19,211.31,False,1052.23,511.34,2.02,1.85
3.0,4262.11,0.9,1053.03,509.49,207.96,False,1053.11,511.86,-0.08,-2.37
3.5,4261.8,0.9,1052.57,512.64,211.9,False,1053.09,511.85,-0.52,0.79
4.0,4277.84,0.9,1063.59,513.18,212.14,False,1053.89,512.34,9.7,0.84
4.5,4262.63,0.9,1054.14,513.2,208.16,False,1053.13,511.88,1.01,1.32
5.0,4255.36,0.9,1050.87,516.04,207.06,False,1052.77,511.66,-1.9,4.38
5.5,4211.72,0.9,1054.92,510.6,213.77,False,1050.59,510.35,4.33,0.25
6.0,4225.71,0.9,1060.88,512.68,210.41,False,1051.29,510.77,9.59,1.91
6.5,4266.96,0.9,1053.1,514.42,207.36,False,1053.35,512.01,-0.25,2.41
7.0,4280.46,0.9,1047.59,510.79,209.55,False,1054.02,512.41,-6.43,-1.62
7.5,4272.2,0.9,1054.48,513.25,210.79,False,1053.61,512.17,0.87,1.08
8.0,4294.0,0.9,1048.49,512.69,213.9,False,1054.7,512.82,-6.21,-0.13
8.5,4234.11,0.9,1054.49,511.26,211.66,False,1051.71,511.02,2.78,0.24
9.0,4228.67,0.9,1054.23,516.43,210.33,False,1051.43,510.86,2.8,5.57
9.5,4207.85,0.9,1052.69,515.52,214.08,False,1050.39,510.24,2.3,5.28
10.0,4242.52,0.9,1055.72,513.89,209.88,False,1052.13,511.28,3.59,2.61
10.5,4264.96,0.9,1051.09,509.54,208.82,False,1053.25,511.95,-2.16,-2.41
11.0,4236.69,0.9,1049.98,512.61,208.6,False,1051.83,511.1,-1.85,1.51
11.5,4226.46,0.9,1056.45,518.01,212.59,False,1051.32,510.79,5.13,7.22
12.0,4229.99,0.9,1052.18,511.51,209.63,False,1051.5,510.9,0.68,0.61
12.5,4228.05,0.9,1052.72,511.14,209.08,False,1051.4,510.84,1.32,0.3
13.0,4249.31,0.9,1041.27,511.59,207.68,False,1052.47,511.48,-11.2,0.11
13.5,4256.93,0.9,1048.91,507.72,206.89,False,1052.85,511.71,-3.94,-3.99
14.0,4250.42,0.9,1053.67,513.56,206.97,False,1052.52,511.51,1.15,2.05
14.5,4253.15,0.9,1045.09,514.18,213.2,False,1052.66,511.59,-7.57,2.59
15.0,4243.01,0.9,1047.49,513.18,209.84,False,1052.15,511.29,-4.66,1.89
15.5,4255.56,0.9,1050.37,514.13,209.97,False,1052.78,511.67,-2.41,2.46
16.0,4261.23,0.9,1048.6,513.21,209.59,False,1053.06,511.84,-4.46,1.37
16.5,4210.58,0.9,1052.68,511.87,209.35,False,1050.53,510.32,2.15,1.55
17.0,4266.79,0.9,1049.81,512.48,208.57,False,1053.34,512.0,-3.53,0.48
17.5,4260.39,0.9,1046.58,513.17,213.54,False,1053.02,511.81,-6.44,1.36
18.0,4244.3,0.9,1047.87,512.74,213.63,False,1052.21,511.33,-4.35,1.41
18.5,4238.84,0.9,1046.61,510.68,207.94,False,1051.94,511.17,-5.33,-0.49
19.0,4249.21,0.9,1050.72,505.38,206.89,False,1052.46,511.48,-1.74,-6.1
19.5,4228.97,0.9,1049.42,514.54,211.48,False,1051.45,510.87,-2.03,3.67
20.0,4204.21,0.9,1060.14,511.26,214.31,False,1050.21,510.13,9.93,1.13
20.5,4244.83,0.9,1052.54,506.9,212.55,False,1052.24,511.34,0.3,-4.44
21.0,4244.41,0.9,1040.06,508.94,209.96,False,1052.22,511.33,-12.16,-2.39
21.5,4228.33,0.9,1056.89,512.15,210.79,False,1051.42,510.85,5.47,1.3
22.0,4242.6,0.9,1053.82,515.43,208.31,False,1052.13,511.28,1.69,4.15
22.5,4266.31,0.9,1054.25,512.0,210.2,False,1053.32,511.99,0.93,0.01
23.0,4236.1,0.9,1054.54,511.41,214.28,False,1051.81,511.08,2.73,0.33
23.5,4236.78,0.9,1056.66,508.34,211.61,False,1051.84,511.1,4.82,-2.76
24.0,4277.24,0.9,1056.33,507.89,212.81,False,1053.86,512.32,2.47,-4.43
24.5,4250.1,0.9,1055.49,510.97,208.88,False,1052.51,511.5,2.98,-0.53
25.0,4285.91,0.9,1048.58,508.28,211.79,False,1054.3,512.58,-5.72,-4.3
25.5,4231.04,0.9,1054.93,512.23,206.22,False,1051.55,510.93,3.38,1.3
26.0,4246.02,0.9,1053.07,509.83,212.15,False,1052.3,511.38,0.77,-1.55
26.5,4225.21,0.9,1054.11,513.31,211.55,False,1051.26,510.76,2.85,2.55
27.0,4251.07,0.9,1062.67,508.46,209.73,False,1052.55,511.53,10.12,-3.07
27.5,4231.45,0.9,1054.38,510.14,208.61,False,1051.57,510.94,2.81,-0.8
28.0,4245.39,0.9,1044.3,516.51,213.25,False,1052.27,511.36,-7.97,5.15
28.5,4253.51,0.9,1053.01,516.54,210.78,False,1052.68,511.61,0.33,4.93
29.0,4255.9,0.9,1057.15,510.53,212.15,False,1052.8,511.68,4.36,-1.15
29.5,4232.47,0.9,1055.42,510.51,213.77,False,1051.62,510.97,3.8,-0.46
30.0,4270.02,0.9,1057.27,511.18,214.3,False,1053.5,512.1,3.77,-0.92
